hsshow_id,broadcast_date,start_datetime,end_datetime,platform_id,platform_name,raw_title,normalized_title,standard_product_name,brand,product_group,main_ingredient,review_status,master_match_keyword,category,item_cnt,sales_cnt,sales_amt,sales_cnt_pct,sales_amt_pct,performance_status,performance_source,performance_updated_at,detail_status,detail_checked_at,status,first_seen_at,last_seen_at
5c317ab4fe8db6d3b3ea6259aba5a79a,2026-08-12,2026-08-12T00:45:00+09:00,2026-08-12T01:45:00+09:00,hs_cjonstyleplus,CJ온스타일 플러스,모발콜라겐 3X 12박스 (48주),모발콜라겐 3X 12박스,모발콜라겐 3X 12박스,,,,미분류,,식품,3,50,13922000,,,validated_paid_insert,paid_schedule_api,2026-08-24T10:10:48.457807+09:00,,,1,2026-08-24T10:10:48.056947+09:00,2026-08-24T10:10:48.457807+09:00
30951b66d604ea1b268c1d36a9a5c385,2026-08-12,2026-08-12T01:00:00+09:00,2026-08-12T01:50:00+09:00,hs_gongyoung,공영쇼핑,[대구 유명 맛집] 일월정 흑마늘 독계탕 6팩+독계죽 1팩,일월정 흑마늘 독계탕 6팩+독계죽 1팩,일월정 흑마늘 독계탕 6팩+독계죽 1팩,,,,미분류,,식품,1,191,10485900,,,validated_paid_insert,paid_schedule_api,2026-08-24T10:10:48.457807+09:00,,,1,2026-08-24T10:10:48.056947+09:00,2026-08-24T10:10:48.457807+09:00
529cb8ba9e88ba936aa08a0d13ca26b0,2026-08-12,2026-08-12T01:00:00+09:00,2026-08-12T01:55:00+09:00,hs_lotteimall,롯데홈쇼핑,[프리메로] ☆방송에서만 8+4박스☆ 프리메로 야생 빌베리 퓨레 100 (10ml x 10포 x 12박스),☆방송에서만 8+4박스☆ 프리메로 야생 빌베리 퓨레 100,☆방송에서만 8+4박스☆ 프리메로 야생 빌베리 퓨레 100,,,,미분류,,식품,2,11,2178000,,,validated_paid_insert,paid_schedule_api,2026-08-24T10:10:48.457807+09:00,,,1,2026-08-24T10:10:48.056947+09:00,2026-08-24T10:10:48.457807+09:00
86032bb4d5786af6afbae85343b5e1bf,2026-08-12,2026-08-12T01:00:00+09:00,2026-08-12T01:40:00+09:00,hs_hmallplus,현대홈쇼핑 플러스샵,[총 16박스] 데이즈온 그린 아세로라C 14포 8+8박스+보틀 (총 224포) ,데이즈온 그린 아세로라C 14포 8+8박스+보틀,그린 아세로라 C,,건강식품/비타민,아세로라,확정,그린 아세로라 C,식품,2,25,5855000,,,validated_paid_insert,paid_schedule_api,2026-08-24T10:10:48.457807+09:00,,,1,2026-08-24T10:10:48.056947+09:00,2026-08-24T10:10:48.457807+09:00
c9ff138fa7a6b3f1713c739b6d8165f9,2026-08-12,2026-08-12T01:00:00+09:00,2026-08-12T02:00:00+09:00,hs_hnsmall,홈앤쇼핑,[방송에서만][더블]데이즈온 그린 아세로라C 16박스+텀블러1개(1.5g x 14포 x 16박스+텀블러 1병),데이즈온 그린 아세로라C 16박스+텀블러1개,그린 아세로라 C,,건강식품/비타민,아세로라,확정,그린 아세로라 C,식품,2,145,34442000,,,validated_paid_insert,paid_schedule_api,2026-08-24T10:10:48.457807+09:00,,,1,2026-08-24T10:10:48.056947+09:00,2026-08-24T10:10:48.457807+09:00
ddcc7ace7ec1f33c95f0e3b5c61dfd33,2026-08-12,2026-08-12T01:00:00+09:00,2026-08-12T01:51:00+09:00,hs_hmall,현대홈쇼핑,[방송에서만]유한양행 혈당유산균 당큐락 9개월+당큐락 플러스 추가구성,유한양행 혈당유산균 당큐락 9개월+당큐락 플러스 추가구성,유한양행 혈당유산균 당큐락 9개월+당큐락 플러스 추가구성,,,,미분류,,식품,3,35,15110000,,,validated_paid_insert,paid_schedule_api,2026-08-24T10:10:48.457807+09:00,,,1,2026-08-24T10:10:48.056947+09:00,2026-08-24T10:10:48.457807+09:00
fb8e946e38197cf927142eae66f2bb99,2026-08-12,2026-08-12T01:00:00+09:00,2026-08-12T02:01:00+09:00,hs_nsmall,NS홈쇼핑,히트상품 앵콜방송1부,히트상품 앵콜방송1부,히트상품 앵콜방송1부,,,,미분류,,식품,1,116,32364000,,,validated_paid_insert,paid_schedule_api,2026-08-24T10:10:48.457807+09:00,,,1,2026-08-24T10:10:48.056947+09:00,2026-08-24T10:10:48.457807+09:00
021c2b0a7c0eeb1a8351d427587c9ab1,2026-08-12,2026-08-12T01:31:00+09:00,2026-08-12T02:11:00+09:00,hs_skstoa,SK스토아,[방송에서만][패키지박스]유한양행 와이즈바이옴 케어 당큐락 9개월분+당큐락 플러스(소비기한 26년 11월까지) 1개월분 | 원산지 : 상품정보 참조,유한양행 와이즈바이옴 케어 당큐락 9개월분+당큐락 플러스 1개월분 | 원산지 : 상품정보 참조,유한양행 와이즈바이옴 케어 당큐락 9개월분+당큐락 플러스 1개월분 | 원산지 : 상품정보 참조,,,,미분류,,식품,3,58,27021000,,,validated_paid_insert,paid_schedule_api,2026-08-24T10:10:48.457807+09:00,,,1,2026-08-24T10:10:48.056947+09:00,2026-08-24T10:10:48.457807+09:00
522d1a82831d33f581eaebb6f7a71453,2026-08-12,2026-08-12T01:40:00+09:00,2026-08-12T02:20:00+09:00,hs_hmallplus,현대홈쇼핑 플러스샵,[방송에서만]삼기품 초간편 100%국내산 미흑찰옥수수 총 20개(개별포장),삼기품 초간편 100%국내산 미흑찰옥수수 총 20개,삼기품 초간편 100%국내산 미흑찰옥수수 총 20개,,,,미분류,,식품,2,265,7923500,,,validated_paid_insert,paid_schedule_api,2026-08-24T10:10:48.457807+09:00,,,1,2026-08-24T10:10:48.056947+09:00,2026-08-24T10:10:48.457807+09:00
37301fbe6dd0b04c8debd506994a25f3,2026-08-12,2026-08-12T01:44:00+09:00,2026-08-12T02:00:00+09:00,hs_nsmallshopplus,NS홈쇼핑 샵플러스,갈비탕1,갈비탕1,갈비탕1,,,,미분류,,식품,1,37,2216300,,,validated_paid_insert,paid_schedule_api,2026-08-24T10:10:48.457807+09:00,,,1,2026-08-24T10:10:48.056947+09:00,2026-08-24T10:10:48.457807+09:00
9e32bbffac8d18bfe5cf68ffab46a133,2026-08-12,2026-08-12T01:50:00+09:00,2026-08-12T01:55:00+09:00,hs_gsshopmyshop,GS홈쇼핑 마이샵,"금단미인 황기활력산 4박스, 120포","금단미인 황기활력산 4박스, 120포","금단미인 황기활력산 4박스, 120포",,,,미분류,,식품,2,0,0,,,validated_paid_insert,paid_schedule_api,2026-08-24T10:10:48.457807+09:00,,,1,2026-08-24T10:10:48.056947+09:00,2026-08-24T10:10:48.457807+09:00
fe4c79d5c4ebdb6a33732d7bc2f5634a,2026-08-12,2026-08-12T01:50:00+09:00,2026-08-12T02:50:00+09:00,hs_gongyoung,공영쇼핑,[밤뜨래] 우리나라 맛밤 21봉,우리나라 맛밤 21봉,우리나라 맛밤 21봉,,,,미분류,,식품,1,449,17915100,,,validated_paid_insert,paid_schedule_api,2026-08-24T10:10:48.457807+09:00,,,1,2026-08-24T10:10:48.056947+09:00,2026-08-24T10:10:48.457807+09:00
38ca1a5973781999aacf6c9565b93a06,2026-08-12,2026-08-12T01:51:00+09:00,2026-08-12T02:51:00+09:00,hs_shopntmall,쇼핑엔티,(방송에서만 2팩더)박수홍 착한 한우한돈 함박스테이크 총 17팩(오리지널 10팩 + 치즈7팩),박수홍 착한 한우한돈 함박스테이크 총 17팩,박수홍 착한 한우한돈 함박스테이크 총 17팩,,,,미분류,,식품,1,188,11261200,,,validated_paid_insert,paid_schedule_api,2026-08-24T10:10:48.457807+09:00,,,1,2026-08-24T10:10:48.056947+09:00,2026-08-24T10:10:48.457807+09:00
2ec425ef2c7ce31261a3ed4cc3b4c224,2026-08-12,2026-08-12T02:00:00+09:00,2026-08-12T02:41:00+09:00,hs_nsmallshopplus,NS홈쇼핑 샵플러스,갈비탕2,갈비탕2,갈비탕2,,,,미분류,,식품,1,122,7307800,,,validated_paid_insert,paid_schedule_api,2026-08-24T10:10:48.457807+09:00,,,1,2026-08-24T10:10:48.056947+09:00,2026-08-24T10:10:48.457807+09:00
8c808c92bef5377330900582b64f15ba,2026-08-12,2026-08-12T02:00:00+09:00,2026-08-12T03:01:00+09:00,hs_gsshop,GS홈쇼핑,[한지민 PICK] 에버콜라겐 레티놀A 3병 (12주분),에버콜라겐 레티놀A 3병,에버콜라겐 레티놀A 3병,,,,미분류,,식품,4,21,8399000,,,validated_paid_insert,paid_schedule_api,2026-08-24T10:10:48.457807+09:00,,,1,2026-08-24T10:10:48.056947+09:00,2026-08-24T10:10:48.457807+09:00
d87d6534d00c8737f8b55447bdb51061,2026-08-12,2026-08-12T02:00:00+09:00,2026-08-12T02:40:00+09:00,hs_lotteimallonetv,롯데원티비,"[12개월] 닥터린 콘드로이친 1200 콘레이티+MBP+K2 12박스 (1박스:1,200mgX30정) ",닥터린 콘드로이친 1200 콘레이티+MBP+K2 12박스,닥터린 콘드로이친 1200 콘레이티+MBP+K2 12박스,,,,확인필요,■ 닥터린 콘드로이친 1200 콘레이티+MBP+K2 12박스,식품,2,0,0,,,validated_paid_insert,paid_schedule_api,2026-08-24T10:10:48.457807+09:00,,,1,2026-08-24T10:10:48.056947+09:00,2026-08-24T10:10:48.457807+09:00
d3f6b64194cfda98cb7d73d981dc4156,2026-08-12,2026-08-12T02:11:00+09:00,2026-08-12T02:51:00+09:00,hs_skstoa,SK스토아,손질 안동간고등어 대사이즈 100g * 28팩 | 원산지 : 상품정보 참조,손질 안동간고등어 대사이즈 100g * 28팩 | 원산지 : 상품정보 참조,손질 안동간고등어 대사이즈 100g * 28팩 | 원산지 : 상품정보 참조,,,,미분류,,식품,1,241,9615900,,,validated_paid_insert,paid_schedule_api,2026-08-24T10:10:48.457807+09:00,,,1,2026-08-24T10:10:48.056947+09:00,2026-08-24T10:10:48.457807+09:00
9f4123d09c414e189b84ffe1645db585,2026-08-12,2026-08-12T02:15:00+09:00,2026-08-12T02:45:00+09:00,hs_cjonstyleplus,CJ온스타일 플러스,뉴밋 유기농 엑스트라버진 올리브오일 100% 14박스 (196포),뉴밋 유기농 엑스트라버진 올리브오일 100% 14박스,뉴밋 유기농 엑스트라버진 올리브오일 100% 14박스,,,,미분류,,식품,1,6,1662000,,,validated_paid_insert,paid_schedule_api,2026-08-24T10:10:48.457807+09:00,,,1,2026-08-24T10:10:48.056947+09:00,2026-08-24T10:10:48.457807+09:00
aa3af899dd729269020b9aa7d636ed9b,2026-08-12,2026-08-12T02:40:00+09:00,2026-08-12T03:02:00+09:00,hs_nsmallshopplus,NS홈쇼핑 샵플러스,정성가득ABC주스1,정성가득ABC주스1,정성가득ABC주스1,,,,미분류,,식품,1,9,1251000,,,validated_paid_insert,paid_schedule_api,2026-08-24T10:10:48.457807+09:00,,,1,2026-08-24T10:10:48.056947+09:00,2026-08-24T10:10:48.457807+09:00
9336e82be6a269c7de320339de46d331,2026-08-12,2026-08-12T02:50:00+09:00,2026-08-12T03:20:00+09:00,hs_gongyoung,공영쇼핑,[리뉴얼] 더 흑염소 진액 골드 8박스_3,더 흑염소 진액 골드 8박스_3,더 흑염소 진액 골드 8박스_3,,,,미분류,,식품,2,11,2398000,,,validated_paid_insert,paid_schedule_api,2026-08-24T10:10:48.457807+09:00,,,1,2026-08-24T10:10:48.056947+09:00,2026-08-24T10:10:48.457807+09:00
569e040828ce016ba92cea070df44345,2026-08-12,2026-08-12T02:51:00+09:00,2026-08-12T03:12:00+09:00,hs_gsshopmyshop,GS홈쇼핑 마이샵,빅마마 이혜정의 아주 맛있는 토종닭 누룽지백숙 1.45kgx4팩+누룽지 50g*4팩,빅마마 이혜정의 아주 맛있는 토종닭 누룽지백숙 1.45kgx4팩+누룽지 50g*4팩,빅마마 이혜정의 아주 맛있는 토종닭 누룽지백숙 1.45kgx4팩+누룽지 50g*4팩,,,,미분류,,식품,1,19,1138100,,,validated_paid_insert,paid_schedule_api,2026-08-24T10:10:48.457807+09:00,,,1,2026-08-24T10:10:48.056947+09:00,2026-08-24T10:10:48.457807+09:00
557c0835ea2b94d114a964ec68c768f1,2026-08-12,2026-08-12T03:00:00+09:00,2026-08-12T03:31:00+09:00,hs_hmall,현대홈쇼핑,[방송에서만 구매가능] 위바이옴 두뇌엔 닥터 PS 맥스 9+1박스(10개월분),위바이옴 두뇌엔 닥터 PS 맥스 9+1박스,두뇌엔 닥터PS,두뇌엔,건강식품/두뇌·인지,포스파티딜세린,확정,위바이옴 두뇌엔 닥터 PS 맥스,식품,3,8,3638000,,,validated_paid_insert,paid_schedule_api,2026-08-24T10:10:48.457807+09:00,,,1,2026-08-24T10:10:48.056947+09:00,2026-08-24T10:10:48.457807+09:00
3184b4f6ced24fdcd4c297b54ea31994,2026-08-12,2026-08-12T03:20:00+09:00,2026-08-12T04:01:00+09:00,hs_nsmall,NS홈쇼핑,히트상품 앵콜방송3부,히트상품 앵콜방송3부,히트상품 앵콜방송3부,,,,미분류,,식품,2,38,3061000,,,validated_paid_insert,paid_schedule_api,2026-08-24T10:10:48.457807+09:00,,,1,2026-08-24T10:10:48.056947+09:00,2026-08-24T10:10:48.457807+09:00
46e53cbb4cf8e2c57f3a023c50ebd93a,2026-08-12,2026-08-12T03:25:00+09:00,2026-08-12T03:45:00+09:00,hs_lotteimall,롯데홈쇼핑,[grainon] 골드 파로효소 캡슐레이션  12박스(1.8 g x 30포 x 12박스) ,골드 파로효소 캡슐레이션 12박스,골드 파로효소,,건강식품/효소,효소,확정,골드파로효소,식품,1,0,0,,,validated_paid_insert,paid_schedule_api,2026-08-24T10:10:48.457807+09:00,,,1,2026-08-24T10:10:48.056947+09:00,2026-08-24T10:10:48.457807+09:00
0faa829453ae7fcfbc25e7594155baf1,2026-08-12,2026-08-12T03:31:00+09:00,2026-08-12T03:51:00+09:00,hs_skstoa,SK스토아,올레모 블렌디드 스틱(유기농 엑스트라버진 올리브오일+유기농 레몬착즙액) 12박스 | 원산지 : 상품정보 참조,올레모 블렌디드 스틱 12박스 | 원산지 : 상품정보 참조,올레모 블렌디드 스틱 12박스 | 원산지 : 상품정보 참조,,,,미분류,,식품,1,1,250000,,,validated_paid_insert,paid_schedule_api,2026-08-24T10:10:48.457807+09:00,,,1,2026-08-24T10:10:48.056947+09:00,2026-08-24T10:10:48.457807+09:00
361bf9756036342c63ab5b493b63df68,2026-08-12,2026-08-12T03:31:00+09:00,2026-08-12T03:51:00+09:00,hs_skstoa,SK스토아,윤방부 박사의 넘버원 PS 5박스 | 원산지 : 상품정보 참조,윤방부 박사의 넘버원 PS 5박스 | 원산지 : 상품정보 참조,윤방부 박사의 넘버원 PS,,건강식품/두뇌·인지,포스파티딜세린,확정,윤방부 박사의 넘버원 PS,식품,1,2,396000,,,validated_paid_insert,paid_schedule_api,2026-08-24T10:10:48.457807+09:00,,,1,2026-08-24T10:10:48.056947+09:00,2026-08-24T10:10:48.457807+09:00
f40f89aa1226a0158b3e44cb1f203cee,2026-08-12,2026-08-12T03:39:00+09:00,2026-08-12T03:59:00+09:00,hs_shinsegae,신세계쇼핑,[유지인pick♥] 미녀의석류콜라겐 200포 (25g x 25포 x 8Box),미녀의석류콜라겐 200포,미녀의석류콜라겐 200포,,,,확인필요,미녀의석류콜라겐 200포,식품,1,3,723000,,,validated_paid_insert,paid_schedule_api,2026-08-24T10:10:48.457807+09:00,,,1,2026-08-24T10:10:48.056947+09:00,2026-08-24T10:10:48.457807+09:00
00c6166709b5b9f4434c93b32fd9757a,2026-08-12,2026-08-12T03:45:00+09:00,2026-08-12T04:15:00+09:00,hs_lotteimall,롯데홈쇼핑,[키친스토리] 빅마마 이혜정의 꽉 채운 삼계탕 1.2kg x 8팩,빅마마 이혜정의 꽉 채운 삼계탕 1.2kg x 8팩,빅마마 이혜정의 꽉 채운 삼계탕 1.2kg x 8팩,,,,확인필요,빅마마 이혜정의 꽉 채운 삼계탕 1.2kg x 8팩,식품,2,8,559200,,,validated_paid_insert,paid_schedule_api,2026-08-24T10:10:48.457807+09:00,,,1,2026-08-24T10:10:48.056947+09:00,2026-08-24T10:10:48.457807+09:00
a9da694de8e56a9a82c0a21d79800416,2026-08-12,2026-08-12T03:51:00+09:00,2026-08-12T04:11:00+09:00,hs_skstoa,SK스토아,프리미엄 미녀의 석류 콜라겐 8박스(25g*21포*8박스) | 원산지 : 상품정보 참조,프리미엄 미녀의 석류 콜라겐 8박스 | 원산지 : 상품정보 참조,프리미엄 미녀의 석류 콜라겐 8박스 | 원산지 : 상품정보 참조,,,,미분류,,식품,1,1,164250,,,validated_paid_insert,paid_schedule_api,2026-08-24T10:10:48.457807+09:00,,,1,2026-08-24T10:10:48.056947+09:00,2026-08-24T10:10:48.457807+09:00
d177514fec286833521824f5643e2c05,2026-08-12,2026-08-12T03:51:00+09:00,2026-08-12T04:11:00+09:00,hs_skstoa,SK스토아,☆골드 파로효소 캡슐레이션 12박스 | 원산지 : 상품정보 참조,☆골드 파로효소 캡슐레이션 12박스 | 원산지 : 상품정보 참조,골드 파로효소,,건강식품/효소,효소,확정,골드파로효소,식품,1,0,0,,,validated_paid_insert,paid_schedule_api,2026-08-24T10:10:48.457807+09:00,,,1,2026-08-24T10:10:48.056947+09:00,2026-08-24T10:10:48.457807+09:00
f8572049661c4ea3c2447426f0404f8d,2026-08-12,2026-08-12T03:57:00+09:00,2026-08-12T04:17:00+09:00,hs_shopntmall,쇼핑엔티,팔레오 콘드로이친 PLUS MBP 10박스(10개월분),팔레오 콘드로이친 PLUS MBP 10박스,팔레오 콘드로이친 PLUS MBP 10박스,,,,미분류,,식품,1,1,178000,,,validated_paid_insert,paid_schedule_api,2026-08-24T10:10:48.457807+09:00,,,1,2026-08-24T10:10:48.056947+09:00,2026-08-24T10:10:48.457807+09:00
29318a991e0cf52c8fb43553b9204897,2026-08-12,2026-08-12T03:59:00+09:00,2026-08-12T04:23:00+09:00,hs_kshop,KT알파쇼핑,지비엠에스_복분자분말,지비엠에스_복분자분말,지비엠에스_복분자분말,,,,미분류,,식품,1,7,1036000,,,validated_paid_insert,paid_schedule_api,2026-08-24T10:10:48.457807+09:00,,,1,2026-08-24T10:10:48.056947+09:00,2026-08-24T10:10:48.457807+09:00
9dcf6f44202413fc35dc5f53951db42c,2026-08-12,2026-08-12T03:59:00+09:00,2026-08-12T04:19:00+09:00,hs_shinsegae,신세계쇼핑,대원헬스 산양유단백질100 7통,대원헬스 산양유단백질100 7통,대원헬스 산양유단백질100 7통,,,,미분류,,식품,1,5,1090000,,,validated_paid_insert,paid_schedule_api,2026-08-24T10:10:48.457807+09:00,,,1,2026-08-24T10:10:48.056947+09:00,2026-08-24T10:10:48.457807+09:00
2f1d9f9c2d3d738f75ad84bd41c43bf7,2026-08-12,2026-08-12T04:00:00+09:00,2026-08-12T05:01:00+09:00,hs_nsmall,NS홈쇼핑,히트상품 앵콜방송4부,히트상품 앵콜방송4부,히트상품 앵콜방송4부,,,,미분류,,식품,2,530,18757000,,,validated_paid_insert,paid_schedule_api,2026-08-24T10:10:48.457807+09:00,,,1,2026-08-24T10:10:48.056947+09:00,2026-08-24T10:10:48.457807+09:00
946dc03ecf1c2457be3c43e1cbc28662,2026-08-12,2026-08-12T04:17:00+09:00,2026-08-12T04:37:00+09:00,hs_shopntmall,쇼핑엔티,골드 카무트 효소 12박스 +  파로누룽지 1박스(10봉),골드 카무트 효소 12박스 + 파로누룽지 1박스,골드 카무트 효소 12박스 + 파로누룽지 1박스,,,,미분류,,식품,1,0,0,,,validated_paid_insert,paid_schedule_api,2026-08-24T10:10:48.457807+09:00,,,1,2026-08-24T10:10:48.056947+09:00,2026-08-24T10:10:48.457807+09:00
e9eada31066e8687a745f10cec352d1d,2026-08-12,2026-08-12T04:19:00+09:00,2026-08-12T04:30:00+09:00,hs_shinsegae,신세계쇼핑,[맑은물에] 김석원 백태 낫또 45.5g x 34개,김석원 백태 낫또 45.5g x 34개,김석원 백태 낫또 45.5g x 34개,,,,확인필요,김석원 백태 낫또 45.5g x 34개,식품,2,30,987000,,,validated_paid_insert,paid_schedule_api,2026-08-24T10:10:48.457807+09:00,,,1,2026-08-24T10:10:48.056947+09:00,2026-08-24T10:10:48.457807+09:00
65a66f5de51d220bb79c9d1188d74ad5,2026-08-12,2026-08-12T04:21:00+09:00,2026-08-12T05:01:00+09:00,hs_lotteimallonetv,롯데원티비,[12박스] 알파 슬림핏 알파CD (4 g x 15포 x 12박스),알파 슬림핏 알파CD,알파 슬림핏 알파CD,,,,미분류,,식품,1,0,0,,,validated_paid_insert,paid_schedule_api,2026-08-24T10:10:48.457807+09:00,,,1,2026-08-24T10:10:48.056947+09:00,2026-08-24T10:10:48.457807+09:00
12decc765485e40e6589a47b3a4c007e,2026-08-12,2026-08-12T04:25:00+09:00,2026-08-12T04:55:00+09:00,hs_cjonstyleplus,CJ온스타일 플러스,콘드로이친 1200 콘레이티+MBP+K2 12개월분+비타민K2 2박스,콘드로이친 1200 콘레이티+MBP+K2 12개월분+비타민K2 2박스,콘드로이친 1200 콘레이티+MBP+K2 12개월분+비타민K2 2박스,,,,미분류,,식품,2,5,1515000,,,validated_paid_insert,paid_schedule_api,2026-08-24T10:10:48.457807+09:00,,,1,2026-08-24T10:10:48.056947+09:00,2026-08-24T10:10:48.457807+09:00
487ae4e7ee280acea8c12f4c3250ee9b,2026-08-12,2026-08-12T04:40:00+09:00,2026-08-12T05:20:00+09:00,hs_hmallplus,현대홈쇼핑 플러스샵,[방송에서만 5병더] 센비타 당근주스 100 10병,센비타 당근주스 100 10병,센비타 당근주스,센비타,과채주스,당근,확정,센비타 당근주스,식품,1,105,8505000,,,validated_paid_insert,paid_schedule_api,2026-08-24T10:10:48.457807+09:00,,,1,2026-08-24T10:10:48.056947+09:00,2026-08-24T10:10:48.457807+09:00
95c679165b962d75d82cf4cebcdbee6d,2026-08-12,2026-08-12T04:41:00+09:00,2026-08-12T05:43:00+09:00,hs_nsmallshopplus,NS홈쇼핑 샵플러스,콘드로이친1,콘드로이친1,콘드로이친1,,건강식품/관절,콘드로이친,확인필요,콘드로이친1,식품,1,58,7250000,,,validated_paid_insert,paid_schedule_api,2026-08-24T10:10:48.457807+09:00,,,1,2026-08-24T10:10:48.056947+09:00,2026-08-24T10:10:48.457807+09:00
d7de4fbd4b25d5b0d51b4e3c7dc3aee9,2026-08-12,2026-08-12T05:15:00+09:00,2026-08-12T05:45:00+09:00,hs_cjonstyleplus,CJ온스타일 플러스,고소틴 단백질 8박스(56회분) + 보틀 1개,고소틴 단백질 8박스 + 보틀 1개,고소틴 단백질 8박스 + 보틀 1개,,,,미분류,,식품,2,51,5059000,,,validated_paid_insert,paid_schedule_api,2026-08-24T10:10:48.457807+09:00,,,1,2026-08-24T10:10:48.056947+09:00,2026-08-24T10:10:48.457807+09:00
878d1456010680f99508deac52b02673,2026-08-12,2026-08-12T05:20:00+09:00,2026-08-12T06:00:00+09:00,hs_hmallplus,현대홈쇼핑 플러스샵,김오곤 원장의 한방(Onepunch) 다이어트환 4+1박스(총10주분),김오곤 원장의 한방 다이어트환 4+1박스,김오곤 원장의 한방 다이어트 환,김오곤,다이어트,한방 환,확정,김오곤 원장의 한방 다이어트 환,식품,1,75,7425000,,,validated_paid_insert,paid_schedule_api,2026-08-24T10:10:48.457807+09:00,,,1,2026-08-24T10:10:48.056947+09:00,2026-08-24T10:10:48.457807+09:00
37ad43d22a4297245cddd2c685779437,2026-08-12,2026-08-12T05:31:00+09:00,2026-08-12T06:31:00+09:00,hs_skstoa,SK스토아,[방송에서만] 닥터슈퍼칸 장민욱의 활력파워 알부민 3+3+2박스(240일분) | 원산지 : 상품정보 참조,닥터슈퍼칸 장민욱의 활력파워 알부민 3+3+2박스 | 원산지 : 상품정보 참조,닥터슈퍼칸 장민욱의 활력파워 알부민 3+3+2박스 | 원산지 : 상품정보 참조,,,,미분류,,식품,1,105,20790000,,,validated_paid_insert,paid_schedule_api,2026-08-24T10:10:48.457807+09:00,,,1,2026-08-24T10:10:48.056947+09:00,2026-08-24T10:10:48.457807+09:00
156e4a2ba37aefb6b0afca65c3d16518,2026-08-12,2026-08-12T05:35:00+09:00,2026-08-12T06:36:00+09:00,hs_gsshopmyshop,GS홈쇼핑 마이샵,최신상 갱년기유산균YT1 메노락토 오리진 9개월분 + 양우산 추가증정,최신상 갱년기유산균YT1 메노락토 오리진 9개월분 + 양우산 추가증정,최신상 갱년기유산균YT1 메노락토 오리진 9개월분 + 양우산 추가증정,,,,미분류,,식품,2,61,17399000,,,validated_paid_insert,paid_schedule_api,2026-08-24T10:10:48.457807+09:00,,,1,2026-08-24T10:10:48.056947+09:00,2026-08-24T10:10:48.457807+09:00
bb65e7f7a29771e42e5ec631254384bd,2026-08-12,2026-08-12T05:39:00+09:00,2026-08-12T06:43:00+09:00,hs_kshop,KT알파쇼핑,비에날씬_다이어트유산균,비에날씬_다이어트유산균,비에날씬 프로,비에날씬,다이어트 유산균,BNR17 유산균,확정,비에날씬 다이어트유산균,식품,3,128,67012000,,,validated_paid_insert,paid_schedule_api,2026-08-24T10:10:48.457807+09:00,,,1,2026-08-24T10:10:48.056947+09:00,2026-08-24T10:10:48.457807+09:00
a70af1078a6b226f224d5d14480164a2,2026-08-12,2026-08-12T05:40:00+09:00,2026-08-12T06:32:00+09:00,hs_nsmall,NS홈쇼핑,뉴트리코어난각막DEM,뉴트리코어난각막DEM,뉴트리코어난각막DEM,,,,미분류,,식품,15,92,54798000,,,validated_paid_insert,paid_schedule_api,2026-08-24T10:10:48.457807+09:00,,,1,2026-08-24T10:10:48.056947+09:00,2026-08-24T10:10:48.457807+09:00
ba7329940ed0c0dcd54127e37d2a1697,2026-08-12,2026-08-12T05:45:00+09:00,2026-08-12T06:45:00+09:00,hs_cjonstyleplus,CJ온스타일 플러스,[50%세일]뉴질랜드 프리미엄 산양유 12통+츄어블1박스,뉴질랜드 프리미엄 산양유 12통+츄어블1박스,뉴질랜드 프리미엄 산양유 12통+츄어블1박스,,,,확인필요,뉴질랜드 프리미엄 산양유 12통+츄어블1박스,식품,2,176,33858000,,,validated_paid_insert,paid_schedule_api,2026-08-24T10:10:48.457807+09:00,,,1,2026-08-24T10:10:48.056947+09:00,2026-08-24T10:10:48.457807+09:00
a2be62d1123dadc196710ba212dbb807,2026-08-12,2026-08-12T06:00:00+09:00,2026-08-12T07:15:00+09:00,hs_gsshop,GS홈쇼핑,L)카사베르디 와인비니거3,L)카사베르디 와인비니거3,L)카사베르디 와인비니거3,,,,확인필요,L)카사베르디 와인비니거3,식품,2,1273,162777000,,,validated_paid_insert,paid_schedule_api,2026-08-24T10:10:48.457807+09:00,,,1,2026-08-24T10:10:48.056947+09:00,2026-08-24T10:10:48.457807+09:00
ae4e161846a45f741e9b7e6cc3893373,2026-08-12,2026-08-12T06:00:00+09:00,2026-08-12T07:15:00+09:00,hs_hnsmall,홈앤쇼핑,[방송에서만 6+3][더블]데이즈온 파라다이스 그레인 버닝 12주분(700mg x 28정 x 6박스)+3박스 더,데이즈온 파라다이스 그레인 버닝 12주분 +3박스 더,데이즈온 파라다이스그레인,데이즈온,다이어트/건강식품,곡물,확정,데이즈온 파라다이스그레인,식품,2,463,112547000,,,validated_paid_insert,paid_schedule_api,2026-08-24T10:10:48.457807+09:00,,,1,2026-08-24T10:10:48.056947+09:00,2026-08-24T10:10:48.457807+09:00
22eba558d59d29823d88681f0528c0c0,2026-08-12,2026-08-12T06:15:00+09:00,2026-08-12T07:15:00+09:00,hs_cjonstyle,CJ온스타일,[최다 11개월] 프로 다이어트 유산균 9개월분+BNR17플러스60포,프로 다이어트 유산균 9개월분+BNR17플러스60포,프로 다이어트 유산균 9개월분+BNR17플러스60포,,,,미분류,,식품,3,218,102920000,,,validated_paid_insert,paid_schedule_api,2026-08-24T10:10:48.457807+09:00,,,1,2026-08-24T10:10:48.056947+09:00,2026-08-24T10:10:48.457807+09:00
b7c791d67e8f68016ecfbbcc6e5b9fb7,2026-08-12,2026-08-12T06:20:00+09:00,2026-08-12T06:40:00+09:00,hs_hmallplus,현대홈쇼핑 플러스샵,난각번호 1번 무항생제 유정란 대란 40구_파손보장,난각번호 1번 무항생제 유정란 대란 40구_파손보장,난각번호 1번 무항생제 유정란 대란 40구_파손보장,,,,미분류,,식품,1,390,10491000,,,validated_paid_insert,paid_schedule_api,2026-08-24T10:10:48.457807+09:00,,,1,2026-08-24T10:10:48.056947+09:00,2026-08-24T10:10:48.457807+09:00
21c2c6f57b2dcbda35e3780a525c3141,2026-08-12,2026-08-12T06:36:00+09:00,2026-08-12T07:36:00+09:00,hs_shopntmall,쇼핑엔티,[50％세일]보넬드 아이엠 당근 주스 15병,보넬드 아이엠 당근 주스 15병,보넬드 아이엠 당근주스,보넬드,과채주스,당근,확정,보넬드 아이엠 당근 주스,식품,1,278,33916000,,,validated_paid_insert,paid_schedule_api,2026-08-24T10:10:48.457807+09:00,,,1,2026-08-24T10:10:48.056947+09:00,2026-08-24T10:10:48.457807+09:00
96d24ab3c89d8c57d2f1e98fd500c624,2026-08-12,2026-08-12T06:40:00+09:00,2026-08-12T07:00:00+09:00,hs_hmallplus,현대홈쇼핑 플러스샵,올바른 파로 효소 골드 5박스 (총 5개월분 150포),올바른 파로 효소 골드 5박스,올바른 파로 효소 골드 5박스,,,,미분류,,식품,1,394,11780600,,,validated_paid_insert,paid_schedule_api,2026-08-24T10:10:48.457807+09:00,,,1,2026-08-24T10:10:48.056947+09:00,2026-08-24T10:10:48.457807+09:00
157d8540cbf6a211f8a8a37c12f04910,2026-08-12,2026-08-12T07:15:00+09:00,2026-08-12T08:01:00+09:00,hs_cjonstyle,CJ온스타일,[방송에서만] 위엔 매스틱 24주분(6박스),위엔 매스틱 24주분,위엔 매스틱 24주분,,,,미분류,,식품,2,103,59697000,,,validated_paid_insert,paid_schedule_api,2026-08-24T10:10:48.457807+09:00,,,1,2026-08-24T10:10:48.056947+09:00,2026-08-24T10:10:48.457807+09:00
488f0f4ebe9b6caba882c623358b6679,2026-08-12,2026-08-12T07:15:00+09:00,2026-08-12T08:15:00+09:00,hs_cjonstyle,CJ온스타일,위엔 매스틱 12주분(3박스),위엔 매스틱 12주분,위엔 매스틱 12주분,,,,미분류,,식품,1,8,3992000,,,validated_paid_insert,paid_schedule_api,2026-08-24T10:10:48.457807+09:00,,,1,2026-08-24T10:10:48.056947+09:00,2026-08-24T10:10:48.457807+09:00
c18c598472b4f23606b58c6f0e1a34dd,2026-08-12,2026-08-12T07:15:00+09:00,2026-08-12T08:15:00+09:00,hs_gsshop,GS홈쇼핑,관절엔 콘드로이친1200 8개월분 (900mg x 60정 x 8박스),관절엔 콘드로이친1200 8개월분,관절엔 콘드로이친,관절엔,건강식품/관절,콘드로이친,확정,관절엔 콘드로이친,식품,3,493,264631000,,,validated_paid_insert,paid_schedule_api,2026-08-24T10:10:48.457807+09:00,,,1,2026-08-24T10:10:48.056947+09:00,2026-08-24T10:10:48.457807+09:00
2b5fb12acd73ca5adfe82f8c1a72ca9a,2026-08-12,2026-08-12T07:20:00+09:00,2026-08-12T08:21:00+09:00,hs_nsmall,NS홈쇼핑,오한진백세알부민,오한진백세알부민,오한진백세알부민,,,,확인필요,오한진백세알부민,식품,3,255,65214000,,,validated_paid_insert,paid_schedule_api,2026-08-24T10:10:48.457807+09:00,,,1,2026-08-24T10:10:48.056947+09:00,2026-08-24T10:10:48.457807+09:00
7c4eccdb3c9fb06da3ad9b754b0d7747,2026-08-12,2026-08-12T07:45:00+09:00,2026-08-12T08:45:00+09:00,hs_cjonstyleplus,CJ온스타일 플러스,관절엔 콘드로이친1200 12개월+식물성오메가2개월분,관절엔 콘드로이친1200 12개월+식물성오메가2개월분,관절엔 콘드로이친,관절엔,건강식품/관절,콘드로이친,확정,관절엔 콘드로이친,식품,3,112,62326000,,,validated_paid_insert,paid_schedule_api,2026-08-24T10:10:48.457807+09:00,,,1,2026-08-24T10:10:48.056947+09:00,2026-08-24T10:10:48.457807+09:00
1a925fa574e87d66262e312e3f4bd193,2026-08-12,2026-08-12T08:20:00+09:00,2026-08-12T09:40:00+09:00,hs_hmallplus,현대홈쇼핑 플러스샵,2026년 햇 경북산 청결 고춧가루 3kg(500g 6팩) + 청양 고춧가루 500g 1팩,2026년 햇 경북산 청결 고춧가루 3kg + 청양 고춧가루 500g 1팩,2026년 햇 경북산 청결 고춧가루 3kg + 청양 고춧가루 500g 1팩,,,,미분류,,식품,3,654,69570800,,,validated_paid_insert,paid_schedule_api,2026-08-24T10:10:48.457807+09:00,,,1,2026-08-24T10:10:48.056947+09:00,2026-08-24T10:10:48.457807+09:00
84081f064df1040f8c1c8d913f222ea1,2026-08-12,2026-08-12T08:20:00+09:00,2026-08-12T09:31:00+09:00,hs_nsmall,NS홈쇼핑,비에날씬프로,비에날씬프로,비에날씬 프로,비에날씬,다이어트 유산균,BNR17 유산균,확정,비에날씬프로,식품,24,336,159900000,,,validated_paid_insert,paid_schedule_api,2026-08-24T10:10:48.457807+09:00,,,1,2026-08-24T10:10:48.056947+09:00,2026-08-24T10:10:48.457807+09:00
a1cc9ffd4f32c1cb9aa9cb1bbe6684c3,2026-08-12,2026-08-12T08:31:00+09:00,2026-08-12T09:32:00+09:00,hs_shinsegae,신세계쇼핑,[유지인pick!] 미녀의 콜라겐 양태반 360포 (2.5g x 30포 x 12Box)(직),미녀의 콜라겐 양태반 360포,미녀의 콜라겐 양태반 360포,,,,미분류,,식품,1,159,15741000,,,validated_paid_insert,paid_schedule_api,2026-08-24T10:10:48.457807+09:00,,,1,2026-08-24T10:10:48.056947+09:00,2026-08-24T10:10:48.457807+09:00
fb3239f8a584a469cc35ec5c6a0ed0d9,2026-08-12,2026-08-12T09:25:00+09:00,2026-08-12T10:25:00+09:00,hs_gsshop,GS홈쇼핑,하루틴 리포좀 비타민C 프로 12+ 3개월분(총 15개월분)+ 리포좀 글루타치온 10포 3박스,하루틴 리포좀 비타민C 프로 12+ 3개월분 + 리포좀 글루타치온 10포 3박스,하루틴 리포좀 비타민C 프로 12+ 3개월분 + 리포좀 글루타치온 10포 3박스,,,,미분류,,식품,2,677,133393000,,,validated_paid_insert,paid_schedule_api,2026-08-24T10:10:48.457807+09:00,,,1,2026-08-24T10:10:48.056947+09:00,2026-08-24T10:10:48.457807+09:00
00d3938169c381ee9482908be046df89,2026-08-12,2026-08-12T09:35:00+09:00,2026-08-12T10:34:00+09:00,hs_shopntmall,쇼핑엔티,[쇼핑엔티 단독]지니라이프 듀얼 맥스 콘드로이친1200MBP 6+6박스,지니라이프 듀얼 맥스 콘드로이친1200MBP 6+6박스,지니라이프 듀얼 맥스 콘드로이친1200MBP 6+6박스,,,,미분류,,식품,1,290,28710000,,,validated_paid_insert,paid_schedule_api,2026-08-24T10:10:48.457807+09:00,,,1,2026-08-24T10:10:48.056947+09:00,2026-08-24T10:10:48.457807+09:00
0fe82de861886e55acd1ba3c920f0fa2,2026-08-12,2026-08-12T09:41:00+09:00,2026-08-12T10:42:00+09:00,hs_nsmallshopplus,NS홈쇼핑 샵플러스,대하1,대하1,대하1,,,,미분류,,식품,1,2090,83391000,,,validated_paid_insert,paid_schedule_api,2026-08-24T10:10:48.457807+09:00,,,1,2026-08-24T10:10:48.056947+09:00,2026-08-24T10:10:48.457807+09:00
2310d7d0c727789bac0442cd4ac83363,2026-08-12,2026-08-12T10:25:00+09:00,2026-08-12T11:35:00+09:00,hs_gsshop,GS홈쇼핑,라이필 더마콜라겐 시그니처RN 초저분자 어린콜라겐 5병,라이필 더마콜라겐 시그니처RN 초저분자 어린콜라겐 5병,라이필 더마콜라겐 시그니처RN 초저분자 어린콜라겐 5병,,,,확인필요,라이필 더마콜라겐 시그니처RN 초저분자 어린콜라겐 5병,식품,2,519,219039000,,,validated_paid_insert,paid_schedule_api,2026-08-24T10:10:48.457807+09:00,,,1,2026-08-24T10:10:48.056947+09:00,2026-08-24T10:10:48.457807+09:00
7e16788ffb3391c209c1bd0938c0ff32,2026-08-12,2026-08-12T10:25:00+09:00,2026-08-12T11:36:00+09:00,hs_hmall,현대홈쇼핑,영라뉴 장용성 파비플로라 다이어트 Pro 12박스(24주분),영라뉴 장용성 파비플로라 다이어트 Pro 12박스,영라뉴 장용성 파비플로라 다이어트 Pro 12박스,,,,미분류,,식품,1,469,79261000,,,validated_paid_insert,paid_schedule_api,2026-08-24T10:10:48.457807+09:00,,,1,2026-08-24T10:10:48.056947+09:00,2026-08-24T10:10:48.457807+09:00
440d849b2dc6458556ee3c172bc195bb,2026-08-12,2026-08-12T10:30:00+09:00,2026-08-12T11:31:00+09:00,hs_nsmall,NS홈쇼핑,이시형두뇌엔PS진,이시형두뇌엔PS진,이시형두뇌엔PS진,,,,미분류,,식품,4,320,122305400,,,validated_paid_insert,paid_schedule_api,2026-08-24T10:10:48.457807+09:00,,,1,2026-08-24T10:10:48.056947+09:00,2026-08-24T10:10:48.457807+09:00
cc0f2e49d74a9f871e64b0025f6eff2e,2026-08-12,2026-08-12T10:35:00+09:00,2026-08-12T11:34:00+09:00,hs_shopntmall,쇼핑엔티,(방송에서만 2팩 더) 조리기능장 임성근의 진삼계탕 1kg x 10팩,조리기능장 임성근의 진삼계탕 1kg x 10팩,조리기능장 임성근의 진삼계탕 1kg x 10팩,,,,미분류,,식품,1,1142,56985800,,,validated_paid_insert,paid_schedule_api,2026-08-24T10:10:48.457807+09:00,,,1,2026-08-24T10:10:48.056947+09:00,2026-08-24T10:10:48.457807+09:00
1aba1f1f20de35372b191aa05821e50d,2026-08-12,2026-08-12T10:41:00+09:00,2026-08-12T11:41:00+09:00,hs_kshop,KT알파쇼핑,한식단_순살갈치,한식단_순살갈치,한식단_순살갈치,,,,미분류,,식품,10,3618,144408200,,,validated_paid_insert,paid_schedule_api,2026-08-24T10:10:48.457807+09:00,,,1,2026-08-24T10:10:48.056947+09:00,2026-08-24T10:10:48.457807+09:00
a500a042a57033ecf7987dfd5617fdf9,2026-08-12,2026-08-12T10:41:00+09:00,2026-08-12T11:42:00+09:00,hs_nsmallshopplus,NS홈쇼핑 샵플러스,갈비탕4,갈비탕4,갈비탕4,,,,미분류,,식품,1,735,44026500,,,validated_paid_insert,paid_schedule_api,2026-08-24T10:10:48.457807+09:00,,,1,2026-08-24T10:10:48.056947+09:00,2026-08-24T10:10:48.457807+09:00
49463df99622f18d9d83761e1b9b70ab,2026-08-12,2026-08-12T11:32:00+09:00,2026-08-12T12:33:00+09:00,hs_shinsegae,신세계쇼핑,[반값세일] 닥터에이드 폴란드 유기농 컬리케일 100 * 15박스,닥터에이드 폴란드 유기농 컬리케일 100 * 15박스,닥터에이드 폴란드 유기농 컬리케일 100 * 15박스,,,,미분류,,식품,1,766,76217000,,,validated_paid_insert,paid_schedule_api,2026-08-24T10:10:48.457807+09:00,,,1,2026-08-24T10:10:48.056947+09:00,2026-08-24T10:10:48.457807+09:00
b818f114e16a8f7284ddead30bff00f3,2026-08-12,2026-08-12T11:35:00+09:00,2026-08-12T12:35:00+09:00,hs_lotteimall,롯데홈쇼핑,[에스더포뮬러] ●여에스더 대마종자유 10박스+NFC 유기농 레몬즙 100 1박스,●여에스더 대마종자유 10박스+NFC 유기농 레몬즙 100 1박스,●여에스더 대마종자유 10박스+NFC 유기농 레몬즙 100 1박스,,,,미분류,,식품,7,574,51086000,,,validated_paid_insert,paid_schedule_api,2026-08-24T10:10:48.457807+09:00,,,1,2026-08-24T10:10:48.056947+09:00,2026-08-24T10:10:48.457807+09:00
70a04da8164d55b7a3b750efd585a043,2026-08-12,2026-08-12T11:40:00+09:00,2026-08-12T12:40:00+09:00,hs_lotteimallonetv,롯데원티비,[도미솔김치] 도미솔 김치 4종 총10.5kg(포기김치 7kg+총각김치2kg+파김치1kg+깻잎김치0.5kg),도미솔 김치 4종 총10.5kg,도미솔 김치 4종 총10.5kg,,,,미분류,,식품,2,179,10722100,,,validated_paid_insert,paid_schedule_api,2026-08-24T10:10:48.457807+09:00,,,1,2026-08-24T10:10:48.056947+09:00,2026-08-24T10:10:48.457807+09:00
70c74a3a2c77a201aa98d9fe80274ee5,2026-08-12,2026-08-12T11:40:00+09:00,2026-08-12T12:20:00+09:00,hs_hmallplus,현대홈쇼핑 플러스샵,[방송에서만 12+6박스] 핏업 골드 대마종자유 18박스,핏업 골드 대마종자유 18박스,핏업 골드 대마종자유 18박스,,,,미분류,,식품,2,31,7148400,,,validated_paid_insert,paid_schedule_api,2026-08-24T10:10:48.457807+09:00,,,1,2026-08-24T10:10:48.056947+09:00,2026-08-24T10:10:48.457807+09:00
15c983d9843481f810b276cdd24af405,2026-08-12,2026-08-12T11:41:00+09:00,2026-08-12T12:43:00+09:00,hs_kshop,KT알파쇼핑,로지나_알부민,로지나_알부민,로지나_알부민,,,,미분류,,식품,2,183,46440000,,,validated_paid_insert,paid_schedule_api,2026-08-24T10:10:48.457807+09:00,,,1,2026-08-24T10:10:48.056947+09:00,2026-08-24T10:10:48.457807+09:00
f2e9449df9a91034ed182333f961cca2,2026-08-12,2026-08-12T12:30:00+09:00,2026-08-12T13:21:00+09:00,hs_hmall,현대홈쇼핑,[8월 단한번 생방송] 락토핏 당케어프로 8+4개월+저당밥솥1대 ,락토핏 당케어프로 8+4개월+저당밥솥1대,락토핏 당케어프로 8+4개월+저당밥솥1대,,,,미분류,,식품,2,322,43428000,,,validated_paid_insert,paid_schedule_api,2026-08-24T10:10:48.457807+09:00,,,1,2026-08-24T10:10:48.056947+09:00,2026-08-24T10:10:48.457807+09:00
430ec26d89b82520d9c220f3b67a3065,2026-08-12,2026-08-12T12:40:00+09:00,2026-08-12T13:40:00+09:00,hs_gongyoung,공영쇼핑,[우리참바다] 국내산 반건조 특대 통민어 300g×11마리,국내산 반건조 특대 통민어 300g×11마리,국내산 반건조 특대 통민어 300g×11마리,,,,미분류,,식품,3,2104,113405600,,,validated_paid_insert,paid_schedule_api,2026-08-24T10:10:48.457807+09:00,,,1,2026-08-24T10:10:48.056947+09:00,2026-08-24T10:10:48.457807+09:00
7843acd3a026555692fc0dda9b001629,2026-08-12,2026-08-12T12:40:00+09:00,2026-08-12T13:40:00+09:00,hs_lotteimallonetv,롯데원티비,[링티] ☆방송 중에만 반값세일☆링티 액티브 프로 5박스(11g*10포*5박스)+원형보틀 500ml 1개+사각보틀  500ml 1개,☆방송 중에만 반값세일☆링티 액티브 프로 5박스 +원형보틀 500ml 1개+사각보틀 500ml 1개,☆방송 중에만 반값세일☆링티 액티브 프로 5박스 +원형보틀 500ml 1개+사각보틀 500ml 1개,,,,미분류,,식품,1,111,9962250,,,validated_paid_insert,paid_schedule_api,2026-08-24T10:10:48.457807+09:00,,,1,2026-08-24T10:10:48.056947+09:00,2026-08-24T10:10:48.457807+09:00
b5102f93c86811ac55ed8013016f4408,2026-08-12,2026-08-12T12:41:00+09:00,2026-08-12T13:42:00+09:00,hs_nsmallshopplus,NS홈쇼핑 샵플러스,고춧가루1,고춧가루1,고춧가루1,,조미식품,고추,확인필요,고춧가루1,식품,2,440,46464000,,,validated_paid_insert,paid_schedule_api,2026-08-24T10:10:48.457807+09:00,,,1,2026-08-24T10:10:48.056947+09:00,2026-08-24T10:10:48.457807+09:00
a93f71ebcc1bbca1ea7097c0aca102a9,2026-08-12,2026-08-12T13:20:00+09:00,2026-08-12T13:41:00+09:00,hs_hmall,현대홈쇼핑,[국내유일 갓김치 명인] 송완숙 여수 돌산 햇 갓김치 2kg+2kg,송완숙 여수 돌산 햇 갓김치 2kg+2kg,송완숙 여수 돌산 햇 갓김치 2kg+2kg,,,,미분류,,식품,1,1185,35431500,,,validated_paid_insert,paid_schedule_api,2026-08-24T10:10:48.457807+09:00,,,1,2026-08-24T10:10:48.056947+09:00,2026-08-24T10:10:48.457807+09:00
ae4fec9f2f03deaa9dca89ecdda1a4e3,2026-08-12,2026-08-12T13:31:00+09:00,2026-08-12T14:31:00+09:00,hs_skstoa,SK스토아,[방송에서만] 프리미엄 오한진의 백세알부민 4박스(120병)+백세알부민 활력 365 8박스(240포) | 원산지 : 상품정보 참조,프리미엄 오한진의 백세알부민 4박스 +백세알부민 활력 365 8박스 | 원산지 : 상품정보 참조,프리미엄 오한진의 백세알부민 4박스 +백세알부민 활력 365 8박스 | 원산지 : 상품정보 참조,,,,확인필요,프리미엄 오한진의 백세알부민 4박스 +백세알부민 활력 365 8박스 | 원산지 : 상품정보 참조,식품,2,84,21510750,,,validated_paid_insert,paid_schedule_api,2026-08-24T10:10:48.457807+09:00,,,1,2026-08-24T10:10:48.056947+09:00,2026-08-24T10:10:48.457807+09:00
65a85d204efa05a2083b1549818ecdec,2026-08-12,2026-08-12T13:35:00+09:00,2026-08-12T14:35:00+09:00,hs_gsshop,GS홈쇼핑,뼈엔 엠비피 MBP 12개월분,뼈엔 엠비피 MBP 12개월분,뼈엔 MBP,뼈엔,건강식품/뼈건강,MBP,확정,뼈엔 엠비피 MBP,식품,2,605,243888000,,,validated_paid_insert,paid_schedule_api,2026-08-24T10:10:48.457807+09:00,,,1,2026-08-24T10:10:48.056947+09:00,2026-08-24T10:10:48.457807+09:00
6d6cf3a6152d722005f77590d6fcd58d,2026-08-12,2026-08-12T13:35:00+09:00,2026-08-12T14:35:00+09:00,hs_cjonstyle,CJ온스타일,[최다 11개월] 프로 다이어트 유산균 9개월분+BNR17플러스60포,프로 다이어트 유산균 9개월분+BNR17플러스60포,프로 다이어트 유산균 9개월분+BNR17플러스60포,,,,미분류,,식품,3,210,95938000,,,validated_paid_insert,paid_schedule_api,2026-08-24T10:10:48.457807+09:00,,,1,2026-08-24T10:10:48.056947+09:00,2026-08-24T10:10:48.457807+09:00
b8b31762add5f66ee80ba68f03887c7e,2026-08-12,2026-08-12T13:40:00+09:00,2026-08-12T14:40:00+09:00,hs_hmallplus,현대홈쇼핑 플러스샵,[에이스바이옴] 패밀리세트 비에날씬(BNR 17) 12BOX + 비에날씬프로틴 3BOX,패밀리세트 비에날씬 12BOX + 비에날씬프로틴 3BOX,비에날씬 프로,비에날씬,다이어트 유산균,BNR17 유산균,확정,비에날씬프로,식품,3,173,101263000,,,validated_paid_insert,paid_schedule_api,2026-08-24T10:10:48.457807+09:00,,,1,2026-08-24T10:10:48.056947+09:00,2026-08-24T10:10:48.457807+09:00
faead97953c9de8850196f4515f739f9,2026-08-12,2026-08-12T13:40:00+09:00,2026-08-12T14:45:00+09:00,hs_gongyoung,공영쇼핑,[100% 국내산 닭] 든든한끼 삼계탕 1kg x 8팩,든든한끼 삼계탕 1kg x 8팩,든든한끼 삼계탕 1kg x 8팩,,,,미분류,,식품,1,1495,82075500,,,validated_paid_insert,paid_schedule_api,2026-08-24T10:10:48.457807+09:00,,,1,2026-08-24T10:10:48.056947+09:00,2026-08-24T10:10:48.457807+09:00
be23833389569a7f6bc2f4d35c7fb7a4,2026-08-12,2026-08-12T13:41:00+09:00,2026-08-12T14:33:00+09:00,hs_nsmallshopplus,NS홈쇼핑 샵플러스,알배기꽃게장1,알배기꽃게장1,알배기꽃게장1,,,,미분류,,식품,1,934,46606600,,,validated_paid_insert,paid_schedule_api,2026-08-24T10:10:48.457807+09:00,,,1,2026-08-24T10:10:48.056947+09:00,2026-08-24T10:10:48.457807+09:00
77f246aaaa5e2c7e70967ba333dfb22c,2026-08-12,2026-08-12T13:45:00+09:00,2026-08-12T14:45:00+09:00,hs_cjonstyleplus,CJ온스타일 플러스,[선택1]멀티비타민 올인원 맨 30정 6박스+쇼핑백 2장,멀티비타민 올인원 맨 30정 6박스+쇼핑백 2장,멀티비타민 올인원 맨 30정 6박스+쇼핑백 2장,,,,미분류,,식품,4,337,26623000,,,validated_paid_insert,paid_schedule_api,2026-08-24T10:10:48.457807+09:00,,,1,2026-08-24T10:10:48.056947+09:00,2026-08-24T10:10:48.457807+09:00
db8ccd343a2c566fc60e3180e1d62fdd,2026-08-12,2026-08-12T14:17:00+09:00,2026-08-12T14:57:00+09:00,hs_gsshopmyshop,GS홈쇼핑 마이샵,아미노포텐 워터 플러스 6박스(60포),아미노포텐 워터 플러스 6박스,아미노포텐 워터 플러스 6박스,,,,미분류,,식품,1,43,4257000,,,validated_paid_insert,paid_schedule_api,2026-08-24T10:10:48.457807+09:00,,,1,2026-08-24T10:10:48.056947+09:00,2026-08-24T10:10:48.457807+09:00
adf2a5100b9cdf4baa91ca0071024bc2,2026-08-12,2026-08-12T14:25:00+09:00,2026-08-12T15:21:00+09:00,hs_nsmall,NS홈쇼핑,손질문어,손질문어,손질문어,,,,미분류,,식품,1,1846,92115400,,,validated_paid_insert,paid_schedule_api,2026-08-24T10:10:48.457807+09:00,,,1,2026-08-24T10:10:48.056947+09:00,2026-08-24T10:10:48.457807+09:00
40f884899336f72853c0dc9c23156782,2026-08-12,2026-08-12T14:33:00+09:00,2026-08-12T15:33:00+09:00,hs_shopntmall,쇼핑엔티,[50％세일] 닥터린 콘드로이친1200 콘레이티+MBP 12개월분 + 비타민K2 2박스,닥터린 콘드로이친1200 콘레이티+MBP 12개월분 + 비타민K2 2박스,닥터린 콘드로이친1200 콘레이티+MBP 12개월분 + 비타민K2 2박스,,,,미분류,,식품,2,177,28011500,,,validated_paid_insert,paid_schedule_api,2026-08-24T10:10:48.457807+09:00,,,1,2026-08-24T10:10:48.056947+09:00,2026-08-24T10:10:48.457807+09:00
445f306226042db4c1fff1adeb3ab852,2026-08-12,2026-08-12T14:41:00+09:00,2026-08-12T15:42:00+09:00,hs_nsmallshopplus,NS홈쇼핑 샵플러스,완도 활전복 1,완도 활전복 1,완도활전복,,수산물,수산물,확정,완도활전복,식품,1,663,39713700,,,validated_paid_insert,paid_schedule_api,2026-08-24T10:10:48.457807+09:00,,,1,2026-08-24T10:10:48.056947+09:00,2026-08-24T10:10:48.457807+09:00
20e781ff37c0d376d730896847fd1dd2,2026-08-12,2026-08-12T14:45:00+09:00,2026-08-12T15:40:00+09:00,hs_gongyoung,공영쇼핑,김선영의 황태구이 간장맛 200g x 4팩 + 황태구이 고추장맛 200g x 4팩,김선영의 황태구이 간장맛 200g x 4팩 + 황태구이 고추장맛 200g x 4팩,김선영의 황태구이 간장맛 200g x 4팩 + 황태구이 고추장맛 200g x 4팩,,,,미분류,,식품,1,1117,55738300,,,validated_paid_insert,paid_schedule_api,2026-08-24T10:10:48.457807+09:00,,,1,2026-08-24T10:10:48.056947+09:00,2026-08-24T10:10:48.457807+09:00
ca80fd245aa53bbab3ef9bcb44f47d90,2026-08-12,2026-08-12T15:10:00+09:00,2026-08-12T16:00:00+09:00,hs_hnsmall,홈앤쇼핑,26년 햇[우리농가수]아람빛 고춧가루1kg x 2(총 2kg),26년 햇 아람빛 고춧가루1kg x 2,26년 햇 아람빛 고춧가루1kg x 2,,,,확인필요,26년 햇 아람빛 고춧가루1kg x 2,식품,2,1366,137910500,,,validated_paid_insert,paid_schedule_api,2026-08-24T10:10:48.457807+09:00,,,1,2026-08-24T10:10:48.056947+09:00,2026-08-24T10:10:48.457807+09:00
75788b7c1e7a0d288c6533d62041283a,2026-08-12,2026-08-12T15:20:00+09:00,2026-08-12T16:21:00+09:00,hs_nsmall,NS홈쇼핑,고춧가루,고춧가루,고춧가루,,,,미분류,,식품,2,796,79121200,,,validated_paid_insert,paid_schedule_api,2026-08-24T10:10:48.457807+09:00,,,1,2026-08-24T10:10:48.056947+09:00,2026-08-24T10:10:48.457807+09:00
72690ffadab02b4acc724b55fd791e7f,2026-08-12,2026-08-12T15:31:00+09:00,2026-08-12T16:32:00+09:00,hs_skstoa,SK스토아,(99천원 특가/핸디청소기 추가구성)락토핏 코어맥스 16개월분+무선핸디청소기 | 원산지 : 상품정보 참조,락토핏 코어맥스 16개월분+무선핸디청소기 | 원산지 : 상품정보 참조,락토핏 코어맥스 16개월분+무선핸디청소기 | 원산지 : 상품정보 참조,,,,미분류,,식품,7,185,18315000,,,validated_paid_insert,paid_schedule_api,2026-08-24T10:10:48.457807+09:00,,,1,2026-08-24T10:10:48.056947+09:00,2026-08-24T10:10:48.457807+09:00
7f2b1b2535966c2ce44e4d88f09cecc1,2026-08-12,2026-08-12T15:31:00+09:00,2026-08-12T16:32:00+09:00,hs_skstoa,SK스토아,"넉넉한 유기농 레몬즙 14포 x 12박스, 총 168포 | 원산지 : 상품정보 참조","넉넉한 유기농 레몬즙 14포 x 12박스, 총 168포 | 원산지 : 상품정보 참조","넉넉한 유기농 레몬즙 14포 x 12박스, 총 168포 | 원산지 : 상품정보 참조",,,,미분류,,식품,1,444,22155600,,,validated_paid_insert,paid_schedule_api,2026-08-24T10:10:48.457807+09:00,,,1,2026-08-24T10:10:48.056947+09:00,2026-08-24T10:10:48.457807+09:00
d572f48bcbe2c15126e2b8a9ec15c447,2026-08-12,2026-08-12T15:35:00+09:00,2026-08-12T16:35:00+09:00,hs_gsshop,GS홈쇼핑,"최신상 갱년기유산균YT1 메노락토 오리진 6+3개월, 총9개월 +프리미엄 징코 12일분 2박스","최신상 갱년기유산균YT1 메노락토 오리진 6+3개월, 총9개월 +프리미엄 징코 12일분 2박스","최신상 갱년기유산균YT1 메노락토 오리진 6+3개월, 총9개월 +프리미엄 징코 12일분 2박스",,,,미분류,,식품,2,136,38984000,,,validated_paid_insert,paid_schedule_api,2026-08-24T10:10:48.457807+09:00,,,1,2026-08-24T10:10:48.056947+09:00,2026-08-24T10:10:48.457807+09:00
897f3e439e22354f5dc4c019c1ef7ee3,2026-08-12,2026-08-12T15:42:00+09:00,2026-08-12T17:03:00+09:00,hs_nsmallshopplus,NS홈쇼핑 샵플러스,백명란1,백명란1,백명란1,,,,미분류,,식품,2,1450,71195000,,,validated_paid_insert,paid_schedule_api,2026-08-24T10:10:48.457807+09:00,,,1,2026-08-24T10:10:48.056947+09:00,2026-08-24T10:10:48.457807+09:00
6a473770d9bbe52bb15e47cf2bd1aea9,2026-08-12,2026-08-12T15:45:00+09:00,2026-08-12T16:45:00+09:00,hs_cjonstyleplus,CJ온스타일 플러스,퍼플에디션 4+1 총5박스(100봉),퍼플에디션 4+1 총5박스,퍼플에디션 4+1 총5박스,,,,미분류,,식품,2,739,66379000,,,validated_paid_insert,paid_schedule_api,2026-08-24T10:10:48.457807+09:00,,,1,2026-08-24T10:10:48.056947+09:00,2026-08-24T10:10:48.457807+09:00
ab715061ca68d24b84cdf54ce7621018,2026-08-12,2026-08-12T16:00:00+09:00,2026-08-12T16:50:00+09:00,hs_hnsmall,홈앤쇼핑,폴리코사놀5 18박스(18개월분),폴리코사놀5 18박스,폴리코사놀5,,건강식품/혈행,폴리코사놀,확정,폴리코사놀5,식품,2,126,59094000,,,validated_paid_insert,paid_schedule_api,2026-08-24T10:10:48.457807+09:00,,,1,2026-08-24T10:10:48.056947+09:00,2026-08-24T10:10:48.457807+09:00
5acc8ee39de683609b2800eade340804,2026-08-12,2026-08-12T16:20:00+09:00,2026-08-12T17:11:00+09:00,hs_nsmall,NS홈쇼핑,그레인온파로면,그레인온파로면,그레인온파로면,,,,미분류,,식품,17,671,40411100,,,validated_paid_insert,paid_schedule_api,2026-08-24T10:10:48.457807+09:00,,,1,2026-08-24T10:10:48.056947+09:00,2026-08-24T10:10:48.457807+09:00
b8f8603ab5a18d9a7bd9ed604bad8dc1,2026-08-12,2026-08-12T16:20:00+09:00,2026-08-12T17:16:00+09:00,hs_hmall,현대홈쇼핑,[닥터파이토] 덴티백 PRO 구강유산균 M18 14박스,덴티백 PRO 구강유산균 M18 14박스,덴티백 PRO 구강유산균 M18 14박스,,,,미분류,,식품,2,217,65106000,,,validated_paid_insert,paid_schedule_api,2026-08-24T10:10:48.457807+09:00,,,1,2026-08-24T10:10:48.056947+09:00,2026-08-24T10:10:48.457807+09:00
cf3c136b8ca9d324f8a944a1f5353783,2026-08-12,2026-08-12T16:30:00+09:00,2026-08-12T17:30:00+09:00,hs_cjonstyle,CJ온스타일,이스트바이오틱스 센서티브 캡슐 (450mgx60캡슐) 10박스/10개월분,이스트바이오틱스 센서티브 캡슐 10박스/10개월분,이스트바이오틱스 센서티브 캡슐 10박스/10개월분,,,,미분류,,식품,3,153,45794000,,,validated_paid_insert,paid_schedule_api,2026-08-24T10:10:48.457807+09:00,,,1,2026-08-24T10:10:48.056947+09:00,2026-08-24T10:10:48.457807+09:00
e95a31c9e1c2fce4c2e67c25ac908841,2026-08-12,2026-08-12T16:33:00+09:00,2026-08-12T17:33:00+09:00,hs_shopntmall,쇼핑엔티,지극진성 일천 뼈없는 갈비탕 1kg x12팩,지극진성 일천 뼈없는 갈비탕 1kg x12팩,지극진성 일천 뼈없는 갈비탕 1kg x12팩,,,,확인필요,지극진성 일천 뼈없는 갈비탕 1kg x12팩,식품,1,1013,60678700,,,validated_paid_insert,paid_schedule_api,2026-08-24T10:10:48.457807+09:00,,,1,2026-08-24T10:10:48.056947+09:00,2026-08-24T10:10:48.457807+09:00
6dc17861c3e58e447d18c065856f31f1,2026-08-12,2026-08-12T16:34:00+09:00,2026-08-12T17:34:00+09:00,hs_shinsegae,신세계쇼핑,26) 조선호텔 양념 LA갈비 400g X 8팩,26) 조선호텔 양념 LA갈비 400g X 8팩,26) 조선호텔 양념 LA갈비 400g X 8팩,,,,미분류,,식품,1,469,60923100,,,validated_paid_insert,paid_schedule_api,2026-08-24T10:10:48.457807+09:00,,,1,2026-08-24T10:10:48.056947+09:00,2026-08-24T10:10:48.457807+09:00
cd3b2edaebf7232e9a4dea7c426a233e,2026-08-12,2026-08-12T16:34:00+09:00,2026-08-12T17:34:00+09:00,hs_shinsegae,신세계쇼핑,(방송에서만) 양평서울 한우해장국 700g x 10팩,양평서울 한우해장국 700g x 10팩,양평서울 한우해장국 700g x 10팩,,,,확인필요,양평서울 한우해장국 700g x 10팩,식품,2,744,30721600,,,validated_paid_insert,paid_schedule_api,2026-08-24T10:10:48.457807+09:00,,,1,2026-08-24T10:10:48.056947+09:00,2026-08-24T10:10:48.457807+09:00
7d1b86e2f0b98224d2dcf7599f07cfac,2026-08-12,2026-08-12T16:35:00+09:00,2026-08-12T17:35:00+09:00,hs_gsshop,GS홈쇼핑,하이뮨 프로틴밸런스 알파 6캔,하이뮨 프로틴밸런스 알파 6캔,하이뮨 프로틴밸런스 알파 6캔,,,,확인필요,하이뮨 프로틴밸런스 알파 6캔,식품,2,265,74287000,,,validated_paid_insert,paid_schedule_api,2026-08-24T10:10:48.457807+09:00,,,1,2026-08-24T10:10:48.056947+09:00,2026-08-24T10:10:48.457807+09:00
f975316b7820e2b43e87f7d3b6b177d4,2026-08-12,2026-08-12T16:35:00+09:00,2026-08-12T17:35:00+09:00,hs_lotteimall,롯데홈쇼핑,[덴프스] ♥최신상♥ 비타민+루테인+밀크씨슬 한번에! [더블] 덴프스 트루바이타민 올인원 10박스,♥최신상♥ 비타민+루테인+밀크씨슬 한번에! 덴프스 트루바이타민 올인원 10박스,덴프스 트루바이타민 올인원,덴프스,기타 식품,,확정,덴프스 트루바이타민 올인원,식품,3,130,34840000,,,validated_paid_insert,paid_schedule_api,2026-08-24T10:10:48.457807+09:00,,,1,2026-08-24T10:10:48.056947+09:00,2026-08-24T10:10:48.457807+09:00
87bf215b0ed05f4910f602f692634542,2026-08-12,2026-08-12T16:40:00+09:00,2026-08-12T17:20:00+09:00,hs_hmallplus,현대홈쇼핑 플러스샵,국내산 서해안 주꾸미 200g x 8팩,국내산 서해안 주꾸미 200g x 8팩,국내산 서해안 주꾸미 200g x 8팩,,,,미분류,,식품,1,484,24151600,,,validated_paid_insert,paid_schedule_api,2026-08-24T10:10:48.457807+09:00,,,1,2026-08-24T10:10:48.056947+09:00,2026-08-24T10:10:48.457807+09:00
bbe3b5f0b4a9472796f6bcf941deb031,2026-08-12,2026-08-12T16:40:00+09:00,2026-08-12T17:40:00+09:00,hs_gongyoung,공영쇼핑,[바다향]메로구이 100g*8팩+소스30g*8봉,메로구이 100g*8팩+소스30g*8봉,메로구이 100g*8팩+소스30g*8봉,,,,미분류,,식품,1,1867,111833300,,,validated_paid_insert,paid_schedule_api,2026-08-24T10:10:48.457807+09:00,,,1,2026-08-24T10:10:48.056947+09:00,2026-08-24T10:10:48.457807+09:00
1ae8679978a290dde4ca5860af170467,2026-08-12,2026-08-12T16:50:00+09:00,2026-08-12T17:40:00+09:00,hs_hnsmall,홈앤쇼핑,팽현숙의 코다리세트(손질코다리 8팩 + 만능소스 8팩 + 시래기 2팩),팽현숙의 코다리세트,팽현숙의 코다리세트,,,,미분류,,식품,1,2157,111948300,,,validated_paid_insert,paid_schedule_api,2026-08-24T10:10:48.457807+09:00,,,1,2026-08-24T10:10:48.056947+09:00,2026-08-24T10:10:48.457807+09:00
da092ca585439bf1a546ed0ab8407027,2026-08-12,2026-08-12T17:02:00+09:00,2026-08-12T18:23:00+09:00,hs_nsmallshopplus,NS홈쇼핑 샵플러스,해남땅끝마을김치1,해남땅끝마을김치1,해남땅끝마을김치,,김치,배추,확정,해남땅끝마을김치,식품,2,2168,79999200,,,validated_paid_insert,paid_schedule_api,2026-08-24T10:10:48.457807+09:00,,,1,2026-08-24T10:10:48.056947+09:00,2026-08-24T10:10:48.457807+09:00
daef4cce66e2b7c69ef4fb47c58bea7d,2026-08-12,2026-08-12T17:10:00+09:00,2026-08-12T17:51:00+09:00,hs_nsmall,NS홈쇼핑,완도활전복,완도활전복,완도활전복,,수산물,수산물,확정,완도활전복,식품,9,1816,108718400,,,validated_paid_insert,paid_schedule_api,2026-08-24T10:10:48.457807+09:00,,,1,2026-08-24T10:10:48.056947+09:00,2026-08-24T10:10:48.457807+09:00
8433a266e635d72349b4153db0113df6,2026-08-12,2026-08-12T17:15:00+09:00,2026-08-12T17:36:00+09:00,hs_hmall,현대홈쇼핑,이종임 열무김치세트 4.5kg(열무김치2kg+보리열무물김치2.5kg),이종임 열무김치세트 4.5kg,이종임 열무김치세트 4.5kg,,,,미분류,,식품,1,1519,45418100,,,validated_paid_insert,paid_schedule_api,2026-08-24T10:10:48.457807+09:00,,,1,2026-08-24T10:10:48.056947+09:00,2026-08-24T10:10:48.457807+09:00
1085b53130a11df4077696efdde826d3,2026-08-12,2026-08-12T17:20:00+09:00,2026-08-12T18:00:00+09:00,hs_hmallplus,현대홈쇼핑 플러스샵,[바다곳간]국내산 자숙 골뱅이 100g x 10팩,국내산 자숙 골뱅이 100g x 10팩,국내산 자숙 골뱅이 100g x 10팩,,,,미분류,,식품,1,244,12175600,,,validated_paid_insert,paid_schedule_api,2026-08-24T10:10:48.457807+09:00,,,1,2026-08-24T10:10:48.056947+09:00,2026-08-24T10:10:48.457807+09:00
1716107781685bc588e20f300e1c1d1b,2026-08-12,2026-08-12T17:31:00+09:00,2026-08-12T18:32:00+09:00,hs_skstoa,SK스토아,"(방송중에만3박스더)우리현미전병(땅콩,파래,흑임자) 9박스+3박스 / 총 12박스 | 원산지 : 상품정보 참조",우리현미전병 9박스+3박스 / 총 12박스 | 원산지 : 상품정보 참조,우리현미전병 9박스+3박스 / 총 12박스 | 원산지 : 상품정보 참조,,,,미분류,,식품,1,1472,58732800,,,validated_paid_insert,paid_schedule_api,2026-08-24T10:10:48.457807+09:00,,,1,2026-08-24T10:10:48.056947+09:00,2026-08-24T10:10:48.457807+09:00
70d266591ae02b9eec84ec70cf192839,2026-08-12,2026-08-12T17:34:00+09:00,2026-08-12T18:35:00+09:00,hs_shinsegae,신세계쇼핑,"(방송에서만 3팩더) 제주가마당 손질 특대 고등어 130g x 13팩+3팩, 총 16팩","제주가마당 손질 특대 고등어 130g x 13팩+3팩, 총 16팩","제주가마당 손질 특대 고등어 130g x 13팩+3팩, 총 16팩",,,,미분류,,식품,10,711,28388900,,,validated_paid_insert,paid_schedule_api,2026-08-24T10:10:48.457807+09:00,,,1,2026-08-24T10:10:48.056947+09:00,2026-08-24T10:10:48.457807+09:00
cb3d51618aaedbcfc40f1d6b124f083d,2026-08-12,2026-08-12T17:34:00+09:00,2026-08-12T18:35:00+09:00,hs_shinsegae,신세계쇼핑,조선호텔 장어구이 2마리(250g x 2마리/자포니카),조선호텔 장어구이 2마리,조선호텔 장어구이 2마리,,,,미분류,,식품,2,388,31849200,,,validated_paid_insert,paid_schedule_api,2026-08-24T10:10:48.457807+09:00,,,1,2026-08-24T10:10:48.056947+09:00,2026-08-24T10:10:48.457807+09:00
480ece69e73520e152dc0832fd3e0af1,2026-08-12,2026-08-12T17:35:00+09:00,2026-08-12T19:31:00+09:00,hs_hmall,현대홈쇼핑,[스페인 직수입] 폰즈 유기농 엑스트라버진 올리브오일 3병(병당 500ml),폰즈 유기농 엑스트라버진 올리브오일 3병,폰즈 유기농 엑스트라버진 올리브오일 3병,,,,미분류,,식품,4,4150,229988200,,,validated_paid_insert,paid_schedule_api,2026-08-24T10:10:48.457807+09:00,,,1,2026-08-24T10:10:48.056947+09:00,2026-08-24T10:10:48.457807+09:00
e1df5996c401ae100cdcd223c2f0a09f,2026-08-12,2026-08-12T17:38:00+09:00,2026-08-12T18:38:00+09:00,hs_gsshopmyshop,GS홈쇼핑 마이샵,이경제 흑염소진액 진 8박스 240포 + 방송에서만 30포 더,이경제 흑염소진액 진 8박스 240포 + 방송에서만 30포 더,이경제 흑염소진액 진 8박스 240포 + 방송에서만 30포 더,,,,확인필요,이경제 흑염소진액 진 8박스 240포 + 방송에서만 30포 더,식품,2,136,39542000,,,validated_paid_insert,paid_schedule_api,2026-08-24T10:10:48.457807+09:00,,,1,2026-08-24T10:10:48.056947+09:00,2026-08-24T10:10:48.457807+09:00
49567a0dedcdd92d405f5603b077312a,2026-08-12,2026-08-12T17:40:00+09:00,2026-08-12T18:40:00+09:00,hs_gongyoung,공영쇼핑,천혜진선향쌀 10kg*1포+350g*3포,천혜진선향쌀 10kg*1포+350g*3포,천혜진선향쌀 10kg*1포+350g*3포,,,,미분류,,식품,2,2653,113813700,,,validated_paid_insert,paid_schedule_api,2026-08-24T10:10:48.457807+09:00,,,1,2026-08-24T10:10:48.056947+09:00,2026-08-24T10:10:48.457807+09:00
fc029b7d2d584f89c9a9965b9df273bc,2026-08-12,2026-08-12T17:40:00+09:00,2026-08-12T18:40:00+09:00,hs_lotteimallonetv,롯데원티비,[방송에서만10팩]정성곳간 뼈없는 갈비탕 800gx10팩,정성곳간 뼈없는 갈비탕 800gx10팩,정성곳간 뼈없는 갈비탕 800gx10팩,,탕/간편식,소고기,확정,정성곳간 뼈없는 갈비탕 800gx10팩,식품,1,393,19610700,,,validated_paid_insert,paid_schedule_api,2026-08-24T10:10:48.457807+09:00,,,1,2026-08-24T10:10:48.056947+09:00,2026-08-24T10:10:48.457807+09:00
7515edcb64b00af57485ee71b720b7d5,2026-08-12,2026-08-12T17:45:00+09:00,2026-08-12T18:45:00+09:00,hs_cjonstyleplus,CJ온스타일 플러스,제주 은갈치 특대 20토막 총 5마리,제주 은갈치 특대 20토막 총 5마리,제주 은갈치 특대 20토막,,수산물,수산물,확정,제주 은갈치 특대 20토막,식품,1,825,49417500,,,validated_paid_insert,paid_schedule_api,2026-08-24T10:10:48.457807+09:00,,,1,2026-08-24T10:10:48.056947+09:00,2026-08-24T10:10:48.457807+09:00
69699e25e502976382469cd4b6d8f3b0,2026-08-12,2026-08-12T17:50:00+09:00,2026-08-12T18:31:00+09:00,hs_nsmall,NS홈쇼핑,정호영백명란,정호영백명란,정호영백명란,,,,미분류,,식품,12,1542,89281800,,,validated_paid_insert,paid_schedule_api,2026-08-24T10:10:48.457807+09:00,,,1,2026-08-24T10:10:48.056947+09:00,2026-08-24T10:10:48.457807+09:00
b248cb8cfb4cc6239a7f3c9039f4b5bf,2026-08-12,2026-08-12T18:22:00+09:00,2026-08-12T19:43:00+09:00,hs_nsmallshopplus,NS홈쇼핑 샵플러스,고춧가루4,고춧가루4,고춧가루4,,조미식품,고추,확인필요,고춧가루4,식품,2,574,68665500,,,validated_paid_insert,paid_schedule_api,2026-08-24T10:10:48.457807+09:00,,,1,2026-08-24T10:10:48.056947+09:00,2026-08-24T10:10:48.457807+09:00
d13728a87c77060ed7775aa239886557,2026-08-12,2026-08-12T18:30:00+09:00,2026-08-12T19:31:00+09:00,hs_nsmall,NS홈쇼핑,정호영낙지,정호영낙지,정호영낙지,,,,확인필요,정호영낙지,식품,1,2856,151082400,,,validated_paid_insert,paid_schedule_api,2026-08-24T10:10:48.457807+09:00,,,1,2026-08-24T10:10:48.056947+09:00,2026-08-24T10:10:48.457807+09:00
dce6a7fd0f61d9500bdf377521b97073,2026-08-12,2026-08-12T18:30:00+09:00,2026-08-12T19:35:00+09:00,hs_cjonstyle,CJ온스타일,[방송에서만]갱년기엔 ERr731 10박스+2박스 더,갱년기엔 ERr731 10박스+2박스 더,갱년기엔 ERr731 10박스+2박스 더,,,,미분류,,식품,2,296,95492000,,,validated_paid_insert,paid_schedule_api,2026-08-24T10:10:48.457807+09:00,,,1,2026-08-24T10:10:48.056947+09:00,2026-08-24T10:10:48.457807+09:00
d1b3133e42ab518e1fb5d15a943120a4,2026-08-12,2026-08-12T18:32:00+09:00,2026-08-12T19:32:00+09:00,hs_shopntmall,쇼핑엔티,[반값세일]한국야쿠르트 엠프로 프로바이오틱스 윌 플러스 6박스 (6개월분),한국야쿠르트 엠프로 프로바이오틱스 윌 플러스 6박스,한국야쿠르트 엠프로 프로바이오틱스 윌 플러스 6박스,,,,미분류,,식품,1,226,31414000,,,validated_paid_insert,paid_schedule_api,2026-08-24T10:10:48.457807+09:00,,,1,2026-08-24T10:10:48.056947+09:00,2026-08-24T10:10:48.457807+09:00
310b91999623a264c14020646508dc1d,2026-08-12,2026-08-12T18:35:00+09:00,2026-08-12T19:35:00+09:00,hs_gsshop,GS홈쇼핑,[GS단독] 이연복 팔보채 5세트 (해산물모둠 5팩 + 야채모둠 5팩 + 소스5팩),이연복 팔보채 5세트,이연복 팔보채 5세트,,,,미분류,,식품,1,2167,151473300,,,validated_paid_insert,paid_schedule_api,2026-08-24T10:10:48.457807+09:00,,,1,2026-08-24T10:10:48.056947+09:00,2026-08-24T10:10:48.457807+09:00
619985f16b7ab08267be01810a71e25c,2026-08-12,2026-08-12T18:35:00+09:00,2026-08-12T19:35:00+09:00,hs_lotteimall,롯데홈쇼핑,[방송에서만] 사미헌  프리미엄 특 한우곰탕 800g 5팩 총 4kg,사미헌 프리미엄 특 한우곰탕 800g 5팩 총 4kg,사미헌 프리미엄 특 한우곰탕 800g 5팩 총 4kg,,,,미분류,,식품,1,1118,78148200,,,validated_paid_insert,paid_schedule_api,2026-08-24T10:10:48.457807+09:00,,,1,2026-08-24T10:10:48.056947+09:00,2026-08-24T10:10:48.457807+09:00
1f15e97d9d285d03c2daa53294c2d1e1,2026-08-12,2026-08-12T18:38:00+09:00,2026-08-12T19:38:00+09:00,hs_gsshopmyshop,GS홈쇼핑 마이샵,"[도미솔] 명인곳간포기김치6.5kg+총각김치2kg+부추오이송송김치2kg+맛있는 파김치0.5kg, 총 11kg","명인곳간포기김치6.5kg+총각김치2kg+부추오이송송김치2kg+맛있는 파김치0.5kg, 총 11kg","명인곳간포기김치6.5kg+총각김치2kg+부추오이송송김치2kg+맛있는 파김치0.5kg, 총 11kg",,,,미분류,,식품,2,654,39174600,,,validated_paid_insert,paid_schedule_api,2026-08-24T10:10:48.457807+09:00,,,1,2026-08-24T10:10:48.056947+09:00,2026-08-24T10:10:48.457807+09:00
6e307aad66056a5b9ec052453dad91e3,2026-08-12,2026-08-12T18:40:00+09:00,2026-08-12T19:40:00+09:00,hs_gongyoung,공영쇼핑,[1등 소머리곰탕]곤지암식 한우소머리곰탕 10팩 (6kg),곤지암식 한우소머리곰탕 10팩,곤지암식 한우소머리곰탕 10팩,,,,확인필요,곤지암식 한우소머리곰탕 10팩,식품,8,2189,87341100,,,validated_paid_insert,paid_schedule_api,2026-08-24T10:10:48.457807+09:00,,,1,2026-08-24T10:10:48.056947+09:00,2026-08-24T10:10:48.457807+09:00
b74d8890dfc27b54576a4a47a10be063,2026-08-12,2026-08-12T18:40:00+09:00,2026-08-12T19:20:00+09:00,hs_hmallplus,현대홈쇼핑 플러스샵,[농할] 국내산 경북 의성 말랑이 황도복숭아 4kg / 총 19∼21과 [방송에서만 이가격],국내산 경북 의성 말랑이 황도복숭아 4kg / 총 19∼21과,국내산 경북 의성 말랑이 황도복숭아 4kg / 총 19∼21과,,,,미분류,,식품,1,1364,42147600,,,validated_paid_insert,paid_schedule_api,2026-08-24T10:10:48.457807+09:00,,,1,2026-08-24T10:10:48.056947+09:00,2026-08-24T10:10:48.457807+09:00
cdef7bcffc50ffb9b226e86427a05e3d,2026-08-12,2026-08-12T18:40:00+09:00,2026-08-12T19:35:00+09:00,hs_hnsmall,홈앤쇼핑,안문숙  포기김치 10kg+석박지 1kg 추가,안문숙 포기김치 10kg+석박지 1kg 추가,안문숙 포기김치 10kg+석박지 1kg 추가,,,,확인필요,안문숙 포기김치 10kg+석박지 1kg 추가,식품,1,2157,129204300,,,validated_paid_insert,paid_schedule_api,2026-08-24T10:10:48.457807+09:00,,,1,2026-08-24T10:10:48.056947+09:00,2026-08-24T10:10:48.457807+09:00
5d49c06dd5f748de3b5f502882059454,2026-08-12,2026-08-12T19:30:00+09:00,2026-08-12T20:36:00+09:00,hs_nsmall,NS홈쇼핑,비에날씬프로 2부,비에날씬프로 2부,비에날씬 프로,비에날씬,다이어트 유산균,BNR17 유산균,확정,비에날씬프로,식품,24,213,96080000,,,validated_paid_insert,paid_schedule_api,2026-08-24T10:10:48.457807+09:00,,,1,2026-08-24T10:10:48.056947+09:00,2026-08-24T10:10:48.457807+09:00
a59422bc848c3a7e8723dab7d4f61694,2026-08-12,2026-08-12T19:30:00+09:00,2026-08-12T20:46:00+09:00,hs_hmall,현대홈쇼핑,[14박스+헤어드라이기] 데이즈온 파라다이스 그레인 버닝 14박스 (총 28주분),데이즈온 파라다이스 그레인 버닝 14박스,데이즈온 파라다이스그레인,데이즈온,다이어트/건강식품,곡물,확정,데이즈온 파라다이스그레인,식품,2,801,252894000,,,validated_paid_insert,paid_schedule_api,2026-08-24T10:10:48.457807+09:00,,,1,2026-08-24T10:10:48.056947+09:00,2026-08-24T10:10:48.457807+09:00
9752296f28261da8390eba5162266cb6,2026-08-12,2026-08-12T19:35:00+09:00,2026-08-12T20:45:00+09:00,hs_cjonstyle,CJ온스타일,[방송에서만] 하이퍼셀 식물성 멜라토닌 함유 멜라바인 18박스,하이퍼셀 식물성 멜라토닌 함유 멜라바인 18박스,하이퍼셀 식물성 멜라토닌 함유 멜라바인 18박스,,,,미분류,,식품,2,866,249334000,,,validated_paid_insert,paid_schedule_api,2026-08-24T10:10:48.457807+09:00,,,1,2026-08-24T10:10:48.056947+09:00,2026-08-24T10:10:48.457807+09:00
1eec021328c265fce9fc5edc53da159e,2026-08-12,2026-08-12T19:40:00+09:00,2026-08-12T20:40:00+09:00,hs_hmallplus,현대홈쇼핑 플러스샵,[홍쌍리]청매실 장아찌세트(매실원4+매실절임2+고추장장아찌1+한우볶음고추장1+매실된장까지),청매실 장아찌세트,청매실 장아찌세트,,,,미분류,,식품,2,1376,96182400,,,validated_paid_insert,paid_schedule_api,2026-08-24T10:10:48.457807+09:00,,,1,2026-08-24T10:10:48.056947+09:00,2026-08-24T10:10:48.457807+09:00
cb3be7f3703453bbc31835cb0ed18f01,2026-08-12,2026-08-12T19:40:00+09:00,2026-08-12T20:40:00+09:00,hs_gongyoung,공영쇼핑,녹우원 등심 파불고기 300g x 10팩,녹우원 등심 파불고기 300g x 10팩,녹우원 등심 파불고기 300g x 10팩,,,,미분류,,식품,4,2685,117839500,,,validated_paid_insert,paid_schedule_api,2026-08-24T10:10:48.457807+09:00,,,1,2026-08-24T10:10:48.056947+09:00,2026-08-24T10:10:48.457807+09:00
d7275f9445f06327717c8219839a4325,2026-08-12,2026-08-12T19:40:00+09:00,2026-08-12T20:40:00+09:00,hs_lotteimallonetv,롯데원티비,[한미] ★방송에서만 1박스 더!★[80팩]한미 케어미 완전균형영양식 4+1박스(200ml x 16팩 x 5박스),★방송에서만 1박스 더!★ 한미 케어미 완전균형영양식 4+1박스,★방송에서만 1박스 더!★ 한미 케어미 완전균형영양식 4+1박스,,,,미분류,,식품,1,98,7428400,,,validated_paid_insert,paid_schedule_api,2026-08-24T10:10:48.457807+09:00,,,1,2026-08-24T10:10:48.056947+09:00,2026-08-24T10:10:48.457807+09:00
0f85ccf09f359b240e71e84fea3af566,2026-08-12,2026-08-12T20:33:00+09:00,2026-08-12T21:32:00+09:00,hs_shopntmall,쇼핑엔티,[50％세일] 골드 카무트 효소 12박스 +  파로 5봉 + 복부마사지기,골드 카무트 효소 12박스 + 파로 5봉 + 복부마사지기,골드 카무트 효소 12박스 + 파로 5봉 + 복부마사지기,,,,미분류,,식품,1,367,72666000,,,validated_paid_insert,paid_schedule_api,2026-08-24T10:10:48.457807+09:00,,,1,2026-08-24T10:10:48.056947+09:00,2026-08-24T10:10:48.457807+09:00
c23d7a82024815aacc1ef077f8347f60,2026-08-12,2026-08-12T20:35:00+09:00,2026-08-12T21:41:00+09:00,hs_nsmall,NS홈쇼핑,골드카무트효소,골드카무트효소,골드카무트효소,,,,확인필요,골드카무트효소,식품,7,915,159810910,,,validated_paid_insert,paid_schedule_api,2026-08-24T10:10:48.457807+09:00,,,1,2026-08-24T10:10:48.056947+09:00,2026-08-24T10:10:48.457807+09:00
2a386da98adb3be79624db4652845272,2026-08-12,2026-08-12T20:40:00+09:00,2026-08-12T21:45:00+09:00,hs_gongyoung,공영쇼핑,[구룡수산] 손질통오징어 대사이즈 130g×20미,손질통오징어 대사이즈 130g×20미,손질통오징어 대사이즈 130g×20미,,,,미분류,,식품,1,2662,132833800,,,validated_paid_insert,paid_schedule_api,2026-08-24T10:10:48.457807+09:00,,,1,2026-08-24T10:10:48.056947+09:00,2026-08-24T10:10:48.457807+09:00
26c891047cb64e3467dcee6c380233d1,2026-08-12,2026-08-12T20:45:00+09:00,2026-08-12T22:55:00+09:00,hs_cjonstyle,CJ온스타일,[최화정쇼PICK] 황성주 박사의 라이프 밀 6+2박스+프로틴바1박스,황성주 박사의 라이프 밀 6+2박스+프로틴바1박스,황성주 박사의 라이프 밀 6+2박스+프로틴바1박스,,,,미분류,,식품,5,4935,554852400,,,validated_paid_insert,paid_schedule_api,2026-08-24T10:10:48.457807+09:00,,,1,2026-08-24T10:10:48.056947+09:00,2026-08-24T10:10:48.457807+09:00
3ac1000783bfb483be806f6fa28a86e1,2026-08-12,2026-08-12T20:45:00+09:00,2026-08-12T21:45:00+09:00,hs_cjonstyleplus,CJ온스타일 플러스,대원헬스 혈당파이터 10박스 (20개월분),대원헬스 혈당파이터 10박스,대원헬스 혈당파이터,대원헬스,건강식품/혈당관리,,확정,대원헬스 혈당파이터,식품,2,585,57432000,,,validated_paid_insert,paid_schedule_api,2026-08-24T10:10:48.457807+09:00,,,1,2026-08-24T10:10:48.056947+09:00,2026-08-24T10:10:48.457807+09:00
a765332642b652ebce5fc63463e502c2,2026-08-12,2026-08-12T20:45:00+09:00,2026-08-12T21:45:00+09:00,hs_lotteimall,롯데홈쇼핑,"[최신상]●프롬바이오 위엔 매스틱 24주분 (1,100mg x 84캡슐 x 6박스)",●프롬바이오 위엔 매스틱 24주분,●프롬바이오 위엔 매스틱 24주분,,,,확인필요,●프롬바이오 위엔 매스틱 24주분,식품,2,121,72179000,,,validated_paid_insert,paid_schedule_api,2026-08-24T10:10:48.457807+09:00,,,1,2026-08-24T10:10:48.056947+09:00,2026-08-24T10:10:48.457807+09:00
c98057d2bebb7012704ae31859170d79,2026-08-12,2026-08-12T21:45:00+09:00,2026-08-12T22:50:00+09:00,hs_gongyoung,공영쇼핑,강병원 한우투뿔 스테이크 130gx10팩,강병원 한우투뿔 스테이크 130gx10팩,강병원 한우투뿔 스테이크 130gx10팩,,,,미분류,,식품,9,2134,145918600,,,validated_paid_insert,paid_schedule_api,2026-08-24T10:10:48.457807+09:00,,,1,2026-08-24T10:10:48.056947+09:00,2026-08-24T10:10:48.457807+09:00
f6f191e22c8ac544b0e3a04bb98f1c31,2026-08-12,2026-08-12T22:55:00+09:00,2026-08-12T23:55:00+09:00,hs_hnsmall,홈앤쇼핑,[특대] 완도 손질 전복 18미+2미,완도 손질 전복 18미+2미,완도 손질 전복 18미+2미,,,,미분류,,식품,1,1841,110275900,,,validated_paid_insert,paid_schedule_api,2026-08-24T10:10:48.457807+09:00,,,1,2026-08-24T10:10:48.056947+09:00,2026-08-24T10:10:48.457807+09:00
4c58e209249049a089dd425c54096091,2026-08-12,2026-08-12T23:40:00+09:00,2026-08-13T00:20:00+09:00,hs_hmallplus,현대홈쇼핑 플러스샵,[그라놀로지] 저당 프로틴 그래놀라 60봉,저당 프로틴 그래놀라 60봉,저당 프로틴 그래놀라 60봉,,,,미분류,,식품,1,292,17490800,,,validated_paid_insert,paid_schedule_api,2026-08-24T10:10:48.457807+09:00,,,1,2026-08-24T10:10:48.056947+09:00,2026-08-24T10:10:48.457807+09:00
ce1339da714db23fa0e20018a71b5d79,2026-08-12,2026-08-12T23:43:00+09:00,2026-08-13T00:45:00+09:00,hs_nsmallshopplus,NS홈쇼핑 샵플러스,해초미인국수1,해초미인국수1,해초미인국수1,,,,미분류,,식품,2,360,17244000,,,validated_paid_insert,paid_schedule_api,2026-08-24T10:10:48.457807+09:00,,,1,2026-08-24T10:10:48.056947+09:00,2026-08-24T10:10:48.457807+09:00
ab5bc43a374fabc669d7ed5820417ba7,2026-08-12,2026-08-12T23:50:00+09:00,2026-08-13T01:00:00+09:00,hs_gongyoung,공영쇼핑,진도 두번 구운 곱창김(10매×20봉) / 200매,진도 두번 구운 곱창김 / 200매,진도 두번 구운 곱창김 / 200매,,,,미분류,,식품,1,1234,67746600,,,validated_paid_insert,paid_schedule_api,2026-08-24T10:10:48.457807+09:00,,,1,2026-08-24T10:10:48.056947+09:00,2026-08-24T10:10:48.457807+09:00
ca944e99696622fcefc1c983a505af3f,2026-08-13,2026-08-13T00:20:00+09:00,2026-08-13T01:00:00+09:00,hs_hmallplus,현대홈쇼핑 플러스샵,[방송에서 4팩더] 금산인삼 특 스지도가니탕 800g x 14팩 (10팩 + 4팩) ,금산인삼 특 스지도가니탕 800g x 14팩,금산인삼 특 스지도가니탕 800g x 14팩,,,,확인필요,금산인삼 특 스지도가니탕 800g x 14팩,식품,2,355,21264500,,,validated_paid_insert,paid_schedule_api,2026-08-24T10:09:55.658257+09:00,,,1,2026-08-24T10:09:55.357212+09:00,2026-08-24T10:09:55.658257+09:00
2a9ef3450897c1579c330ec82caca8f4,2026-08-13,2026-08-13T00:44:00+09:00,2026-08-13T01:45:00+09:00,hs_nsmallshopplus,NS홈쇼핑 샵플러스,직화구이닭발1,직화구이닭발1,직화구이닭발1,,,,미분류,,식품,2,514,20508600,,,validated_paid_insert,paid_schedule_api,2026-08-24T10:09:55.658257+09:00,,,1,2026-08-24T10:09:55.357212+09:00,2026-08-24T10:09:55.658257+09:00
8252ab85f48e12f63c741424d4e154c5,2026-08-13,2026-08-13T00:44:00+09:00,2026-08-13T01:48:00+09:00,hs_kshop,KT알파쇼핑,프롬바이오_위건강엔매스틱,프롬바이오_위건강엔매스틱,프롬바이오 매스틱,프롬바이오,건강식품/위건강,매스틱,확정,프롬바이오 위건강엔매스틱,식품,2,45,26055000,,,validated_paid_insert,paid_schedule_api,2026-08-24T10:09:55.658257+09:00,,,1,2026-08-24T10:09:55.357212+09:00,2026-08-24T10:09:55.658257+09:00
014eb6906a2ae0d9a28a0782c04b0685,2026-08-13,2026-08-13T01:00:00+09:00,2026-08-13T02:00:00+09:00,hs_gsshop,GS홈쇼핑,엘루비 유기농 블루베리 100% 3박스(총 42포),엘루비 유기농 블루베리 100% 3박스,엘루비 유기농 블루베리 100% 3박스,,,,미분류,,식품,2,243,23770000,,,validated_paid_insert,paid_schedule_api,2026-08-24T10:09:55.658257+09:00,,,1,2026-08-24T10:09:55.357212+09:00,2026-08-24T10:09:55.658257+09:00
111449d93f17df34a58c2ede8e9722ff,2026-08-13,2026-08-13T01:00:00+09:00,2026-08-13T02:00:00+09:00,hs_hnsmall,홈앤쇼핑,[방송에서만][마이토스] 레몬버베나 다이어트&애사비 8박스,레몬버베나 다이어트&애사비 8박스,레몬버베나 다이어트&애사비 8박스,,,,미분류,,식품,2,29,5557100,,,validated_paid_insert,paid_schedule_api,2026-08-24T10:09:55.658257+09:00,,,1,2026-08-24T10:09:55.357212+09:00,2026-08-24T10:09:55.658257+09:00
91e0fa26eab22f4221632cc097619a54,2026-08-13,2026-08-13T01:00:00+09:00,2026-08-13T02:01:00+09:00,hs_nsmall,NS홈쇼핑,히트상품 앵콜방송1부,히트상품 앵콜방송1부,히트상품 앵콜방송1부,,,,미분류,,식품,2,138,33189000,,,validated_paid_insert,paid_schedule_api,2026-08-24T10:09:55.658257+09:00,,,1,2026-08-24T10:09:55.357212+09:00,2026-08-24T10:09:55.658257+09:00
a3d77383ec3b950546376d0fe7eddeb5,2026-08-13,2026-08-13T01:00:00+09:00,2026-08-13T01:41:00+09:00,hs_hmallplus,현대홈쇼핑 플러스샵,[방송에서만4+4]골드 카무트 효소 프리미엄 8박스,골드 카무트 효소 프리미엄 8박스,골드 카무트 효소,,건강식품/효소,효소,확정,골드 카무트 효소 프리미엄,식품,1,66,6534000,,,validated_paid_insert,paid_schedule_api,2026-08-24T10:09:55.658257+09:00,,,1,2026-08-24T10:09:55.357212+09:00,2026-08-24T10:09:55.658257+09:00
a5be4b6e35b6b464febce0bc115b8f69,2026-08-13,2026-08-13T01:00:00+09:00,2026-08-13T01:50:00+09:00,hs_gongyoung,공영쇼핑,[최초 최다구성]청년감자탕 푸짐한 뼈해장국 700g 10팩,청년감자탕 푸짐한 뼈해장국 700g 10팩,청년감자탕 푸짐한 뼈해장국 700g 10팩,,,,미분류,,식품,1,670,26733000,,,validated_paid_insert,paid_schedule_api,2026-08-24T10:09:55.658257+09:00,,,1,2026-08-24T10:09:55.357212+09:00,2026-08-24T10:09:55.658257+09:00
36afca944e3ea8bdcf8505b2a05df470,2026-08-13,2026-08-13T01:30:00+09:00,2026-08-13T02:00:00+09:00,hs_cjonstyle,CJ온스타일,[주스프레스드]물한방울 섞지않은 HPP 100% 수박주스 6개 + 100%애플망고주스 6개,물한방울 섞지않은 HPP 100% 수박주스 6개 + 100%애플망고주스 6개,물한방울 섞지않은 HPP 100% 수박주스 6개 + 100%애플망고주스 6개,,,,미분류,,식품,2,122,7307800,,,validated_paid_insert,paid_schedule_api,2026-08-24T10:09:55.658257+09:00,,,1,2026-08-24T10:09:55.357212+09:00,2026-08-24T10:09:55.658257+09:00
ea3fb156e7285d7673b48a40d4f299e1,2026-08-13,2026-08-13T01:31:00+09:00,2026-08-13T02:12:00+09:00,hs_skstoa,SK스토아,(방송에서만 10프로할인 + 6개월 더) 비너지 대마종자유 플러스 12개월 + 6개월 / 총18개월 | 원산지 : 상품정보 참조,비너지 대마종자유 플러스 12개월 + 6개월 / 총18개월 | 원산지 : 상품정보 참조,비너지대마종자유,,건강식품/오일,대마종자유,확정,비너지대마종자유,식품,2,23,5629800,,,validated_paid_insert,paid_schedule_api,2026-08-24T10:09:55.658257+09:00,,,1,2026-08-24T10:09:55.357212+09:00,2026-08-24T10:09:55.658257+09:00
093b0da87348c26086c6fa2e27c18f1a,2026-08-13,2026-08-13T01:44:00+09:00,2026-08-13T02:00:00+09:00,hs_nsmallshopplus,NS홈쇼핑 샵플러스,명가꽈배기1,명가꽈배기1,명가꽈배기1,,,,미분류,,식품,1,81,2421900,,,validated_paid_insert,paid_schedule_api,2026-08-24T10:09:55.658257+09:00,,,1,2026-08-24T10:09:55.357212+09:00,2026-08-24T10:09:55.658257+09:00
6db5cb6af5fb7b5e941bb26ca71350ad,2026-08-13,2026-08-13T01:50:00+09:00,2026-08-13T02:30:00+09:00,hs_gongyoung,공영쇼핑,[한돈 앞다리] 앞다리 순살 족발 8팩 + 별미 양념꼬리 2팩(총 10팩),앞다리 순살 족발 8팩 + 별미 양념꼬리 2팩,앞다리 순살 족발 8팩 + 별미 양념꼬리 2팩,,,,미분류,,식품,1,345,13765500,,,validated_paid_insert,paid_schedule_api,2026-08-24T10:09:55.658257+09:00,,,1,2026-08-24T10:09:55.357212+09:00,2026-08-24T10:09:55.658257+09:00
58898ae11b42583eb986ed47e9ef3135,2026-08-13,2026-08-13T02:00:00+09:00,2026-08-13T02:41:00+09:00,hs_nsmallshopplus,NS홈쇼핑 샵플러스,명가꽈배기2,명가꽈배기2,명가꽈배기2,,,,확인필요,명가꽈배기2,식품,1,298,8910200,,,validated_paid_insert,paid_schedule_api,2026-08-24T10:09:55.658257+09:00,,,1,2026-08-24T10:09:55.357212+09:00,2026-08-24T10:09:55.658257+09:00
8848c3bf5aa78e18decd77db213a119a,2026-08-13,2026-08-13T02:00:00+09:00,2026-08-13T03:00:00+09:00,hs_gsshop,GS홈쇼핑,에버콜라겐랩 100% 동결건조 콜라겐 부스터샷 앰플 모녀패키지 (20주분),에버콜라겐랩 100% 동결건조 콜라겐 부스터샷 앰플 모녀패키지,에버콜라겐랩 100% 동결건조 콜라겐 부스터샷 앰플 모녀패키지,,,,미분류,,식품,2,102,19528000,,,validated_paid_insert,paid_schedule_api,2026-08-24T10:09:55.658257+09:00,,,1,2026-08-24T10:09:55.357212+09:00,2026-08-24T10:09:55.658257+09:00
e631578f5ec7c7348e082486c6a49ee7,2026-08-13,2026-08-13T02:00:00+09:00,2026-08-13T02:30:00+09:00,hs_hnsmall,홈앤쇼핑,[그레인온]골드 파로효소 캡슐레이션 12박스,골드 파로효소 캡슐레이션 12박스,골드 파로효소,,건강식품/효소,효소,확정,골드파로효소,식품,2,3,1254000,,,validated_paid_insert,paid_schedule_api,2026-08-24T10:09:55.658257+09:00,,,1,2026-08-24T10:09:55.357212+09:00,2026-08-24T10:09:55.658257+09:00
ac38b968867d1bfae8e401642731d48f,2026-08-13,2026-08-13T02:11:00+09:00,2026-08-13T02:52:00+09:00,hs_skstoa,SK스토아,푸드씽크 지중해품은 통곡물 저당 도시락 13팩 | 원산지 : 상품정보 참조,푸드씽크 지중해품은 통곡물 저당 도시락 13팩 | 원산지 : 상품정보 참조,푸드씽크 지중해품은 통곡물 저당 도시락 13팩 | 원산지 : 상품정보 참조,,,,미분류,,식품,2,97,5934300,,,validated_paid_insert,paid_schedule_api,2026-08-24T10:09:55.658257+09:00,,,1,2026-08-24T10:09:55.357212+09:00,2026-08-24T10:09:55.658257+09:00
82d6239c0f2d2c89aa38436374ab96ff,2026-08-13,2026-08-13T02:40:00+09:00,2026-08-13T03:01:00+09:00,hs_nsmallshopplus,NS홈쇼핑 샵플러스,콘드로이친1,콘드로이친1,콘드로이친1,,건강식품/관절,콘드로이친,확인필요,콘드로이친1,식품,2,0,0,,,validated_paid_insert,paid_schedule_api,2026-08-24T10:09:55.658257+09:00,,,1,2026-08-24T10:09:55.357212+09:00,2026-08-24T10:09:55.658257+09:00
091f33cce64b7fb2d195fabcc005919a,2026-08-13,2026-08-13T02:45:00+09:00,2026-08-13T03:48:00+09:00,hs_kshop,KT알파쇼핑,일동후디스_하이뮨,일동후디스_하이뮨,일동후디스_하이뮨,,,,미분류,,식품,2,32,13238000,,,validated_paid_insert,paid_schedule_api,2026-08-24T10:09:55.658257+09:00,,,1,2026-08-24T10:09:55.357212+09:00,2026-08-24T10:09:55.658257+09:00
a4ca8612c86eccf14da577fa72356722,2026-08-13,2026-08-13T02:50:00+09:00,2026-08-13T03:20:00+09:00,hs_gongyoung,공영쇼핑,고창 복분자 발효농축분말 12통+스푼5개_R,고창 복분자 발효농축분말 12통+스푼5개_R,고창 복분자 발효농축분말 12통+스푼5개_R,,,,미분류,,식품,2,8,1184000,,,validated_paid_insert,paid_schedule_api,2026-08-24T10:09:55.658257+09:00,,,1,2026-08-24T10:09:55.357212+09:00,2026-08-24T10:09:55.658257+09:00
654eb41807cb88e82ab4e60177d33552,2026-08-13,2026-08-13T03:00:00+09:00,2026-08-13T03:50:00+09:00,hs_hnsmall,홈앤쇼핑,[햇 26년 수확] 청송 들사랑 고춧가루 3kg (500gX6팩),청송 들사랑 고춧가루 3kg,청송 들사랑 고춧가루 3kg,,,,미분류,,식품,2,113,11159900,,,validated_paid_insert,paid_schedule_api,2026-08-24T10:09:55.658257+09:00,,,1,2026-08-24T10:09:55.357212+09:00,2026-08-24T10:09:55.658257+09:00
c7cd6110fb6dee49022238ea0239fa97,2026-08-13,2026-08-13T03:00:00+09:00,2026-08-13T04:00:00+09:00,hs_hmallplus,현대홈쇼핑 플러스샵,[방송에서만]팔레오 콘드로이친 plus MBP 5+5통,팔레오 콘드로이친 plus MBP 5+5통,팔레오 콘드로이친 plus MBP 5+5통,,,,미분류,,식품,1,73,6497000,,,validated_paid_insert,paid_schedule_api,2026-08-24T10:09:55.658257+09:00,,,1,2026-08-24T10:09:55.357212+09:00,2026-08-24T10:09:55.658257+09:00
5c3cc8a4f48325c0ba19c42e1723fea8,2026-08-13,2026-08-13T03:20:00+09:00,2026-08-13T04:01:00+09:00,hs_nsmall,NS홈쇼핑,히트상품 앵콜방송3부,히트상품 앵콜방송3부,히트상품 앵콜방송3부,,,,미분류,,식품,2,107,4647400,,,validated_paid_insert,paid_schedule_api,2026-08-24T10:09:55.658257+09:00,,,1,2026-08-24T10:09:55.357212+09:00,2026-08-24T10:09:55.658257+09:00
b95adcb10f49ba1ecc92c0418440ede8,2026-08-13,2026-08-13T03:20:00+09:00,2026-08-13T03:51:00+09:00,hs_gongyoung,공영쇼핑,100%국산 통참깨 남도 참기름 5병 (총 600ml),100%국산 통참깨 남도 참기름 5병,100%국산 통참깨 남도 참기름 5병,,,,미분류,,식품,1,157,8619300,,,validated_paid_insert,paid_schedule_api,2026-08-24T10:09:55.658257+09:00,,,1,2026-08-24T10:09:55.357212+09:00,2026-08-24T10:09:55.658257+09:00
0342d28fed2320d152e5fd18ffaef522,2026-08-13,2026-08-13T03:30:00+09:00,2026-08-13T03:50:00+09:00,hs_lotteimall,롯데홈쇼핑,[grainon] 골드 파로효소 캡슐레이션  14박스(1.8 g x 30포 x 14박스) ,골드 파로효소 캡슐레이션 14박스,골드 파로효소,,건강식품/효소,효소,확정,골드파로효소,식품,1,2,956000,,,validated_paid_insert,paid_schedule_api,2026-08-24T10:09:55.658257+09:00,,,1,2026-08-24T10:09:55.357212+09:00,2026-08-24T10:09:55.658257+09:00
a6f082d9ae576516daa1e60a079ab2d8,2026-08-13,2026-08-13T03:51:00+09:00,2026-08-13T04:11:00+09:00,hs_skstoa,SK스토아,☆골드 파로효소 캡슐레이션 10박스 | 원산지 : 상품정보 참조,☆골드 파로효소 캡슐레이션 10박스 | 원산지 : 상품정보 참조,골드 파로효소,,건강식품/효소,효소,확정,골드파로효소,식품,1,6,2148000,,,validated_paid_insert,paid_schedule_api,2026-08-24T10:09:55.658257+09:00,,,1,2026-08-24T10:09:55.357212+09:00,2026-08-24T10:09:55.658257+09:00
875dbd36d02f372a4ce0f11eb4d491c5,2026-08-13,2026-08-13T03:59:00+09:00,2026-08-13T04:20:00+09:00,hs_shinsegae,신세계쇼핑,리즐온 아보카도 엑스트라버진 오일 9병,리즐온 아보카도 엑스트라버진 오일 9병,리즐온 아보카도 엑스트라버진 오일 9병,,,,미분류,,식품,1,3,534000,,,validated_paid_insert,paid_schedule_api,2026-08-24T10:09:55.658257+09:00,,,1,2026-08-24T10:09:55.357212+09:00,2026-08-24T10:09:55.658257+09:00
42f79a713865b9696eaf9cb60d6a98cb,2026-08-13,2026-08-13T04:00:00+09:00,2026-08-13T05:01:00+09:00,hs_nsmall,NS홈쇼핑,히트상품 앵콜방송4부,히트상품 앵콜방송4부,히트상품 앵콜방송4부,,,,미분류,,식품,2,670,20033000,,,validated_paid_insert,paid_schedule_api,2026-08-24T10:09:55.658257+09:00,,,1,2026-08-24T10:09:55.357212+09:00,2026-08-24T10:09:55.658257+09:00
0294c108348892226e0762f5a9901ef7,2026-08-13,2026-08-13T04:10:00+09:00,2026-08-13T05:00:00+09:00,hs_gongyoung,공영쇼핑,오색단지 만능장세트(만능장소스6병),오색단지 만능장세트,오색단지 만능장세트,,,,미분류,,식품,1,755,27112050,,,validated_paid_insert,paid_schedule_api,2026-08-24T10:09:55.658257+09:00,,,1,2026-08-24T10:09:55.357212+09:00,2026-08-24T10:09:55.658257+09:00
16e05b23287459b963ecef5df03205d7,2026-08-13,2026-08-13T04:17:00+09:00,2026-08-13T04:37:00+09:00,hs_shopntmall,쇼핑엔티,대원제약 철갑상어 콘드로이친 with MBP 15개월분,대원제약 철갑상어 콘드로이친 with MBP 15개월분,대원제약 철갑상어 콘드로이친 with MBP 15개월분,,,,미분류,,식품,1,3,594000,,,validated_paid_insert,paid_schedule_api,2026-08-24T10:09:55.658257+09:00,,,1,2026-08-24T10:09:55.357212+09:00,2026-08-24T10:09:55.658257+09:00
aa6c6e50e3b5d2a01b64b4c220517513,2026-08-13,2026-08-13T04:17:00+09:00,2026-08-13T04:38:00+09:00,hs_kshop,KT알파쇼핑,대원제약_혈당파이터,대원제약_혈당파이터,대원제약_혈당파이터,,,,미분류,,식품,1,1,198000,,,validated_paid_insert,paid_schedule_api,2026-08-24T10:09:55.658257+09:00,,,1,2026-08-24T10:09:55.357212+09:00,2026-08-24T10:09:55.658257+09:00
6736fa96aabccb80caf0088e80e2d133,2026-08-13,2026-08-13T04:19:00+09:00,2026-08-13T04:30:00+09:00,hs_shinsegae,신세계쇼핑,[효돈농협]프리미엄 제주 하우스 감귤 특등급 2.5kg (2s-m 사이즈),프리미엄 제주 하우스 감귤 특등급 2.5kg,프리미엄 제주 하우스 감귤 특등급 2.5kg,,,,미분류,,식품,3,27,1115300,,,validated_paid_insert,paid_schedule_api,2026-08-24T10:09:55.658257+09:00,,,1,2026-08-24T10:09:55.357212+09:00,2026-08-24T10:09:55.658257+09:00
1050c6334d8c0d6205bb99a505936316,2026-08-13,2026-08-13T04:30:00+09:00,2026-08-13T05:31:00+09:00,hs_shinsegae,신세계쇼핑,[방송중 9개월] 유한양행 당큐락 9개월분,유한양행 당큐락 9개월분,유한양행 당큐락 9개월분,,,,확인필요,유한양행 당큐락 9개월분,식품,7,23,9746000,,,validated_paid_insert,paid_schedule_api,2026-08-24T10:09:55.658257+09:00,,,1,2026-08-24T10:09:55.357212+09:00,2026-08-24T10:09:55.658257+09:00
34891b7aa5c57e6af0cf6431ba92b7e1,2026-08-13,2026-08-13T04:37:00+09:00,2026-08-13T05:37:00+09:00,hs_shopntmall,쇼핑엔티,[초특가] 대원제약 아스타잔틴 루테인지아잔틴(아스타루지) 20개월분 + 저압냄비,대원제약 아스타잔틴 루테인지아잔틴 20개월분 + 저압냄비,대원제약 아스타잔틴 루테인지아잔틴 20개월분 + 저압냄비,,,,미분류,,식품,1,140,19320000,,,validated_paid_insert,paid_schedule_api,2026-08-24T10:09:55.658257+09:00,,,1,2026-08-24T10:09:55.357212+09:00,2026-08-24T10:09:55.658257+09:00
3b706baff0c688f2dadd558a84c97a70,2026-08-13,2026-08-13T04:40:00+09:00,2026-08-13T05:15:00+09:00,hs_lotteimall,롯데홈쇼핑,"[설아래] 설아래 문경 오미자차 90mlx14포x4박스, 총56포","설아래 문경 오미자차 90mlx14포x4박스, 총56포",설아래 문경 오미자차 90mlx14포x4박스,설아래,차/음료,오미자,확정,설아래 문경 오미자차 90mlx14포x4박스,식품,1,7,559300,,,validated_paid_insert,paid_schedule_api,2026-08-24T10:09:55.658257+09:00,,,1,2026-08-24T10:09:55.357212+09:00,2026-08-24T10:09:55.658257+09:00
59a873599648b47967405eaaadc111c8,2026-08-13,2026-08-13T04:41:00+09:00,2026-08-13T05:42:00+09:00,hs_nsmallshopplus,NS홈쇼핑 샵플러스,강화약쑥저당떡1,강화약쑥저당떡1,강화약쑥저당떡1,,,,미분류,,식품,5,386,15353400,,,validated_paid_insert,paid_schedule_api,2026-08-24T10:09:55.658257+09:00,,,1,2026-08-24T10:09:55.357212+09:00,2026-08-24T10:09:55.658257+09:00
d4694fb100ff042541df5d6061139e5b,2026-08-13,2026-08-13T05:15:00+09:00,2026-08-13T06:15:00+09:00,hs_lotteimall,롯데홈쇼핑,[닥터린] ☆반값세일특별구성[12개월+비타민K2] 닥터린 콘드로이친 1200 콘레이티+MBP 12박스+닥터린 초임계 비타민K2 2박스,☆반값세일특별구성 닥터린 콘드로이친 1200 콘레이티+MBP 12박스+닥터린 초임계 비타민K2 2박스,☆반값세일특별구성 닥터린 콘드로이친 1200 콘레이티+MBP 12박스+닥터린 초임계 비타민K2 2박스,,,,미분류,,식품,2,94,15008000,,,validated_paid_insert,paid_schedule_api,2026-08-24T10:09:55.658257+09:00,,,1,2026-08-24T10:09:55.357212+09:00,2026-08-24T10:09:55.658257+09:00
75ff4884c175f2df5d809e75455b6d71,2026-08-13,2026-08-13T05:24:00+09:00,2026-08-13T05:29:00+09:00,hs_lotteimallonetv,롯데원티비,[태현] 알뜰 못난이 보조개 초록사과 3kg,알뜰 못난이 보조개 초록사과 3kg,알뜰 못난이 보조개 초록사과 3kg,,,,미분류,,식품,1,6,119400,,,validated_paid_insert,paid_schedule_api,2026-08-24T10:09:55.658257+09:00,,,1,2026-08-24T10:09:55.357212+09:00,2026-08-24T10:09:55.658257+09:00
3b629841404acf2b5434dcc6b946caf1,2026-08-13,2026-08-13T05:30:00+09:00,2026-08-13T06:01:00+09:00,hs_gsshop,GS홈쇼핑,순수한우 한우정육 3종 장조림200g 2팩 국거리200g 2팩 불고기200g 2팩 총6팩 1.2kg,순수한우 한우정육 3종 장조림200g 2팩 국거리200g 2팩 불고기200g 2팩 총6팩 1.2kg,순수한우 한우정육 3종 장조림200g 2팩 국거리200g 2팩 불고기200g 2팩 총6팩 1.2kg,,,,미분류,,식품,1,218,13058200,,,validated_paid_insert,paid_schedule_api,2026-08-24T10:09:55.658257+09:00,,,1,2026-08-24T10:09:55.357212+09:00,2026-08-24T10:09:55.658257+09:00
4c1d21198dc49982b0160a87c83cbeea,2026-08-13,2026-08-13T05:30:00+09:00,2026-08-13T06:31:00+09:00,hs_shinsegae,신세계쇼핑,(방송에서만 2+2박스) HLB제약 어진 맥문동 진액(총 120포),HLB제약 어진 맥문동 진액,HLB제약 어진 맥문동 진액,HLB제약,전통건강즙,맥문동,확정,HLB제약 어진 맥문동 진액,식품,2,256,33024000,,,validated_paid_insert,paid_schedule_api,2026-08-24T10:09:55.658257+09:00,,,1,2026-08-24T10:09:55.357212+09:00,2026-08-24T10:09:55.658257+09:00
35530579cc168dedd1c0b6043f871f4f,2026-08-13,2026-08-13T05:31:00+09:00,2026-08-13T06:31:00+09:00,hs_skstoa,SK스토아,[방송에서만]파라다이스 그레인 버닝 6+3박스(700mg*28정*9박스/18주분) | 원산지 : 상품정보 참조,파라다이스 그레인 버닝 6+3박스 | 원산지 : 상품정보 참조,파라다이스 그레인 버닝 6+3박스 | 원산지 : 상품정보 참조,,,,확인필요,파라다이스 그레인 버닝 6+3박스 | 원산지 : 상품정보 참조,식품,2,132,32322000,,,validated_paid_insert,paid_schedule_api,2026-08-24T10:09:55.658257+09:00,,,1,2026-08-24T10:09:55.357212+09:00,2026-08-24T10:09:55.658257+09:00
0426e08f7d6befdb2a3f0adf4e332c94,2026-08-13,2026-08-13T05:40:00+09:00,2026-08-13T06:31:00+09:00,hs_nsmall,NS홈쇼핑,보넬드당근주스,보넬드당근주스,보넬드 아이엠 당근주스,보넬드,과채주스,당근,확정,보넬드당근주스,식품,1,351,42822000,,,validated_paid_insert,paid_schedule_api,2026-08-24T10:09:55.658257+09:00,,,1,2026-08-24T10:09:55.357212+09:00,2026-08-24T10:09:55.658257+09:00
b79a9edd1ec381ad0a9d2f39d1bc0974,2026-08-13,2026-08-13T05:45:00+09:00,2026-08-13T06:45:00+09:00,hs_cjonstyleplus,CJ온스타일 플러스,[50% SALE] 콘드로이친 1200 콘레이티 MBP 12개월분+비타민K2 2박스,콘드로이친 1200 콘레이티 MBP 12개월분+비타민K2 2박스,콘드로이친 1200 콘레이티 MBP 12개월분+비타민K2 2박스,,,,미분류,,식품,2,209,33145500,,,validated_paid_insert,paid_schedule_api,2026-08-24T10:09:55.658257+09:00,,,1,2026-08-24T10:09:55.357212+09:00,2026-08-24T10:09:55.658257+09:00
12a80269d5fb406a77e8b53dd214967d,2026-08-13,2026-08-13T06:00:00+09:00,2026-08-13T07:15:00+09:00,hs_gsshop,GS홈쇼핑,레이델 폴리코사놀5 18박스 (총540정),레이델 폴리코사놀5 18박스,폴리코사놀5,,건강식품/혈행,폴리코사놀,확정,폴리코사놀5,식품,3,276,118422000,,,validated_paid_insert,paid_schedule_api,2026-08-24T10:09:55.658257+09:00,,,1,2026-08-24T10:09:55.357212+09:00,2026-08-24T10:09:55.658257+09:00
137c4a911abfd49cd5a8598749fc1e6f,2026-08-13,2026-08-13T06:15:00+09:00,2026-08-13T07:15:00+09:00,hs_lotteimall,롯데홈쇼핑,[방송에서만 9+3+2개월] 여에스더 PQQ 12박스 + 유기농 대마종자유 2박스,여에스더 PQQ 12박스 + 유기농 대마종자유 2박스,여에스더 PQQ 12박스 + 유기농 대마종자유 2박스,,,,미분류,,식품,2,72,36222000,,,validated_paid_insert,paid_schedule_api,2026-08-24T10:09:55.658257+09:00,,,1,2026-08-24T10:09:55.357212+09:00,2026-08-24T10:09:55.658257+09:00
3f8c807a915212d8a6c4d4d281c1348f,2026-08-13,2026-08-13T06:15:00+09:00,2026-08-13T07:15:00+09:00,hs_cjonstyle,CJ온스타일,[50%Sale] 골드카무트 효소12박스+파로5봉+복부마사지기,골드카무트 효소12박스+파로5봉+복부마사지기,골드카무트 효소12박스+파로5봉+복부마사지기,,,,미분류,,식품,1,679,134442000,,,validated_paid_insert,paid_schedule_api,2026-08-24T10:09:55.658257+09:00,,,1,2026-08-24T10:09:55.357212+09:00,2026-08-24T10:09:55.658257+09:00
d78c3983a8bc666dbb9777099646b3b8,2026-08-13,2026-08-13T06:30:00+09:00,2026-08-13T07:26:00+09:00,hs_nsmall,NS홈쇼핑,이시형마그네슘,이시형마그네슘,이시형 박사의 인생 마그네슘,이시형,영양제/미네랄,마그네슘,확정,이시형마그네슘,식품,3,239,66454000,,,validated_paid_insert,paid_schedule_api,2026-08-24T10:09:55.658257+09:00,,,1,2026-08-24T10:09:55.357212+09:00,2026-08-24T10:09:55.658257+09:00
173b942e9ec7f2d16926e8fae0365122,2026-08-13,2026-08-13T06:36:00+09:00,2026-08-13T07:36:00+09:00,hs_shopntmall,쇼핑엔티,[방송에서만]지니라이프 코엔자임Q10 6+6박스,지니라이프 코엔자임Q10 6+6박스,지니라이프 코엔자임Q10 6+6박스,,,,미분류,,식품,1,144,16416000,,,validated_paid_insert,paid_schedule_api,2026-08-24T10:09:55.658257+09:00,,,1,2026-08-24T10:09:55.357212+09:00,2026-08-24T10:09:55.658257+09:00
a045aec535ed6af8e43da9d81133aecd,2026-08-13,2026-08-13T06:45:00+09:00,2026-08-13T07:45:00+09:00,hs_cjonstyleplus,CJ온스타일 플러스,폴리코사놀5 30정 18박스,폴리코사놀5 30정 18박스,폴리코사놀5,,건강식품/혈행,폴리코사놀,확정,폴리코사놀5,식품,2,78,35682000,,,validated_paid_insert,paid_schedule_api,2026-08-24T10:09:55.658257+09:00,,,1,2026-08-24T10:09:55.357212+09:00,2026-08-24T10:09:55.658257+09:00
414624a660bad8dd5899c56d8092f9ba,2026-08-13,2026-08-13T07:15:00+09:00,2026-08-13T08:15:00+09:00,hs_cjonstyle,CJ온스타일,카사베르디 유기농 와인비니거 레드6+2병+디스펜서+텀블러믹서기,카사베르디 유기농 와인비니거 레드6+2병+디스펜서+텀블러믹서기,카사베르디 유기농 와인비니거 레드6+2병+디스펜서+텀블러믹서기,,,,확인필요,카사베르디 유기농 와인비니거 레드6+2병+디스펜서+텀블러믹서기,식품,2,1154,147466000,,,validated_paid_insert,paid_schedule_api,2026-08-24T10:09:55.658257+09:00,,,1,2026-08-24T10:09:55.357212+09:00,2026-08-24T10:09:55.658257+09:00
8fef01fa0d17939c4a1f839327b33315,2026-08-13,2026-08-13T07:25:00+09:00,2026-08-13T08:27:00+09:00,hs_nsmall,NS홈쇼핑,왕의맥문동진액,왕의맥문동진액,왕의맥문동진액,,,,확인필요,왕의맥문동진액,식품,10,361,119405000,,,validated_paid_insert,paid_schedule_api,2026-08-24T10:09:55.658257+09:00,,,1,2026-08-24T10:09:55.357212+09:00,2026-08-24T10:09:55.658257+09:00
8da5b88bed20c05fdb2bdfbc564ab617,2026-08-13,2026-08-13T07:31:00+09:00,2026-08-13T08:32:00+09:00,hs_shinsegae,신세계쇼핑,[국민영양] 여에스더 포스파티딜세린 5개월분 ( 430mg x 30캡슐 x 10박스) + 블루베리퓨레 1박스,여에스더 포스파티딜세린 5개월분 + 블루베리퓨레 1박스,여에스더 포스파티딜세린 5개월분 + 블루베리퓨레 1박스,,,,미분류,,식품,9,1362,121218000,,,validated_paid_insert,paid_schedule_api,2026-08-24T10:09:55.658257+09:00,,,1,2026-08-24T10:09:55.357212+09:00,2026-08-24T10:09:55.658257+09:00
19dc48e771b500992bc462f72adb3320,2026-08-13,2026-08-13T08:15:00+09:00,2026-08-13T09:25:00+09:00,hs_gsshop,GS홈쇼핑,비에날씬 프로 다이어트 유산균 9박스 + 플러스 60포,비에날씬 프로 다이어트 유산균 9박스 + 플러스 60포,비에날씬 프로,비에날씬,다이어트 유산균,BNR17 유산균,확정,비에날씬프로,식품,3,377,168394000,,,validated_paid_insert,paid_schedule_api,2026-08-24T10:09:55.658257+09:00,,,1,2026-08-24T10:09:55.357212+09:00,2026-08-24T10:09:55.658257+09:00
573cc48743bf3c5b9736591d0f04111b,2026-08-13,2026-08-13T08:29:00+09:00,2026-08-13T08:35:00+09:00,hs_lotteimallonetv,롯데원티비,[태현] 알뜰 못난이 보조개 초록사과 3kg,알뜰 못난이 보조개 초록사과 3kg,알뜰 못난이 보조개 초록사과 3kg,,,,미분류,,식품,1,34,676600,,,validated_paid_insert,paid_schedule_api,2026-08-24T10:09:55.658257+09:00,,,1,2026-08-24T10:09:55.357212+09:00,2026-08-24T10:09:55.658257+09:00
c05fd7cc712fdb38aaabddb9a57fd4ce,2026-08-13,2026-08-13T08:31:00+09:00,2026-08-13T09:31:00+09:00,hs_skstoa,SK스토아,[방송에서만]그린 아세로라 C 8+8박스(1.5g*14포*16박스)+보틀 1개 | 원산지 : 상품정보 참조,그린 아세로라 C 8+8박스 +보틀 1개 | 원산지 : 상품정보 참조,그린 아세로라 C,,건강식품/비타민,아세로라,확정,그린 아세로라 C,식품,2,206,48774000,,,validated_paid_insert,paid_schedule_api,2026-08-24T10:09:55.658257+09:00,,,1,2026-08-24T10:09:55.357212+09:00,2026-08-24T10:09:55.658257+09:00
53c547dac1a297d3c573a4da82ad2d98,2026-08-13,2026-08-13T09:20:00+09:00,2026-08-13T10:25:00+09:00,hs_gongyoung,공영쇼핑,"도미솔김치 포기 8k+열무2k+총각2k+깻잎1k(총4종,13kg) ",도미솔김치 포기 8k+열무2k+총각2k+깻잎1k,도미솔김치 포기 8k+열무2k+총각2k+깻잎1k,,,,미분류,,식품,5,2024,121237600,,,validated_paid_insert,paid_schedule_api,2026-08-24T10:09:55.658257+09:00,,,1,2026-08-24T10:09:55.357212+09:00,2026-08-24T10:09:55.658257+09:00
30e1ac33bfa43fa9b8fdb7fe26e8c52e,2026-08-13,2026-08-13T09:25:00+09:00,2026-08-13T10:25:00+09:00,hs_lotteimall,롯데홈쇼핑,[골드카무트] ☆유난희쇼 특별구성☆ 반값세일+선물세트 | 골드카무트 효소 12박스 + 그레인온 파로 5봉 + 골카G 효소 선물세트 (100포),☆유난희쇼 특별구성☆ 반값세일+선물세트 | 골드카무트 효소 12박스 + 그레인온 파로 5봉 + 골카G 효소 선물세트,☆유난희쇼 특별구성☆ 반값세일+선물세트 | 골드카무트 효소 12박스 + 그레인온 파로 5봉 + 골카G 효소 선물세트,,,,미분류,,식품,2,769,151942000,,,validated_paid_insert,paid_schedule_api,2026-08-24T10:09:55.658257+09:00,,,1,2026-08-24T10:09:55.357212+09:00,2026-08-24T10:09:55.658257+09:00
eb66335a8b7f8a1b32045b4880253c1f,2026-08-13,2026-08-13T09:25:00+09:00,2026-08-13T10:31:00+09:00,hs_nsmall,NS홈쇼핑,뉴밋올리브오일,뉴밋올리브오일,뉴밋 유기농 엑스트라버진 올리브오일,뉴밋,오일,올리브,확정,뉴밋올리브오일,식품,7,959,132254000,,,validated_paid_insert,paid_schedule_api,2026-08-24T10:09:55.658257+09:00,,,1,2026-08-24T10:09:55.357212+09:00,2026-08-24T10:09:55.658257+09:00
76443733aad0d77875600722843b5335,2026-08-13,2026-08-13T09:45:00+09:00,2026-08-13T10:45:00+09:00,hs_cjonstyleplus,CJ온스타일 플러스,뉴밋 유기농 엑스트라버진 올리브오일 100% 14박스(196포),뉴밋 유기농 엑스트라버진 올리브오일 100% 14박스,뉴밋 유기농 엑스트라버진 올리브오일 100% 14박스,,,,미분류,,식품,2,286,38703000,,,validated_paid_insert,paid_schedule_api,2026-08-24T10:09:55.658257+09:00,,,1,2026-08-24T10:09:55.357212+09:00,2026-08-24T10:09:55.658257+09:00
36cac08b43637505daba11f80f603748,2026-08-13,2026-08-13T10:25:00+09:00,2026-08-13T11:36:00+09:00,hs_hmall,현대홈쇼핑,여에스더 리포좀 글루타치온 다이렉트 12X 알파 네트워크 12박스(12개월) + 3X 1박스(1개월),여에스더 리포좀 글루타치온 다이렉트 12X 알파 네트워크 12박스 + 3X 1박스,여에스더 리포좀 글루타치온 다이렉트 12X 알파 네트워크,여에스더,건강식품/글루타치온,글루타치온,확정,여에스더 리포좀 글루타치온 다이렉트 12X 알파 네트워크,식품,2,431,163604000,,,validated_paid_insert,paid_schedule_api,2026-08-24T10:09:55.658257+09:00,,,1,2026-08-24T10:09:55.357212+09:00,2026-08-24T10:09:55.658257+09:00
e0fbbfd490e00858452a5403169d4d2d,2026-08-13,2026-08-13T10:25:00+09:00,2026-08-13T11:35:00+09:00,hs_gongyoung,공영쇼핑,★강순의 도가니탕★ 11팩 (8.8kg),★강순의 도가니탕★ 11팩,★강순의 도가니탕★ 11팩,,,,미분류,,식품,1,2340,116766000,,,validated_paid_insert,paid_schedule_api,2026-08-24T10:09:55.658257+09:00,,,1,2026-08-24T10:09:55.357212+09:00,2026-08-24T10:09:55.658257+09:00
92bc5feebce053c8fabb83261a3d4924,2026-08-13,2026-08-13T10:30:00+09:00,2026-08-13T11:31:00+09:00,hs_nsmall,NS홈쇼핑,이경제흑염소진액,이경제흑염소진액,이경제흑염소진액,,,,미분류,,식품,5,237,66609000,,,validated_paid_insert,paid_schedule_api,2026-08-24T10:09:55.658257+09:00,,,1,2026-08-24T10:09:55.357212+09:00,2026-08-24T10:09:55.658257+09:00
999124c2ded640827a1d1397de4ca2f8,2026-08-13,2026-08-13T10:31:00+09:00,2026-08-13T11:31:00+09:00,hs_skstoa,SK스토아,(방송에서만 4개월분 더) 락토핏 맥스19 유산균 12개월분+4개월분 더 (총 8통 16개월분) | 원산지 : 상품정보 참조,락토핏 맥스19 유산균 12개월분+4개월분 더 | 원산지 : 상품정보 참조,락토핏 맥스19 유산균 12개월분+4개월분 더 | 원산지 : 상품정보 참조,,,,미분류,,식품,1,293,37797000,,,validated_paid_insert,paid_schedule_api,2026-08-24T10:09:55.658257+09:00,,,1,2026-08-24T10:09:55.357212+09:00,2026-08-24T10:09:55.658257+09:00
0db2fe546ca0bb81b017c21055d7ba81,2026-08-13,2026-08-13T11:30:00+09:00,2026-08-13T12:31:00+09:00,hs_nsmall,NS홈쇼핑,상황버섯쌀,상황버섯쌀,상황버섯쌀,,,,미분류,,식품,2,666,99691000,,,validated_paid_insert,paid_schedule_api,2026-08-24T10:09:55.658257+09:00,,,1,2026-08-24T10:09:55.357212+09:00,2026-08-24T10:09:55.658257+09:00
6ca679077c9ed4f4cdfb74fbdbad2f35,2026-08-13,2026-08-13T11:31:00+09:00,2026-08-13T12:31:00+09:00,hs_skstoa,SK스토아,에스클래스 그로우업 맥스 6개월분(20g*84포*2박스)+ 칼슘 젤리 1개월분(15g*30포*1박스) | 원산지 : 상품정보 참조,에스클래스 그로우업 맥스 6개월분 + 칼슘 젤리 1개월분 | 원산지 : 상품정보 참조,에스클래스 그로우업 맥스 6개월분 + 칼슘 젤리 1개월분 | 원산지 : 상품정보 참조,,,,미분류,,식품,2,57,54891000,,,validated_paid_insert,paid_schedule_api,2026-08-24T10:09:55.658257+09:00,,,1,2026-08-24T10:09:55.357212+09:00,2026-08-24T10:09:55.658257+09:00
3074dea857ff30762425be52a13ba49b,2026-08-13,2026-08-13T11:35:00+09:00,2026-08-13T11:56:00+09:00,hs_hmall,현대홈쇼핑,이종임 열무김치세트 4.5kg(열무김치2kg+보리열무물김치2.5kg),이종임 열무김치세트 4.5kg,이종임 열무김치세트 4.5kg,,,,미분류,,식품,1,1277,38182300,,,validated_paid_insert,paid_schedule_api,2026-08-24T10:09:55.658257+09:00,,,1,2026-08-24T10:09:55.357212+09:00,2026-08-24T10:09:55.658257+09:00
b809e7607c286175ae05bd336ae434e6,2026-08-13,2026-08-13T11:35:00+09:00,2026-08-13T12:35:00+09:00,hs_gsshop,GS홈쇼핑,이시형박사의 인생 젖산 마그네슘 9박스,이시형박사의 인생 젖산 마그네슘 9박스,이시형박사의 인생 젖산 마그네슘 9박스,,,,미분류,,식품,2,515,135059000,,,validated_paid_insert,paid_schedule_api,2026-08-24T10:09:55.658257+09:00,,,1,2026-08-24T10:09:55.357212+09:00,2026-08-24T10:09:55.658257+09:00
0ec574dd29ed1357bebcd267ffd23685,2026-08-13,2026-08-13T11:36:00+09:00,2026-08-13T12:36:00+09:00,hs_gsshopmyshop,GS홈쇼핑 마이샵,심플바이오 루테인지아잔틴아스타잔틴 6+3박스(총9개월분),심플바이오 루테인지아잔틴아스타잔틴 6+3박스,심플바이오 루테인지아잔틴아스타잔틴 6+3박스,,,,확인필요,심플바이오 루테인지아잔틴아스타잔틴 6+3박스,식품,2,194,18966000,,,validated_paid_insert,paid_schedule_api,2026-08-24T10:09:55.658257+09:00,,,1,2026-08-24T10:09:55.357212+09:00,2026-08-24T10:09:55.658257+09:00
3b2be833bef056652183c4f1313f4099,2026-08-13,2026-08-13T12:25:00+09:00,2026-08-13T12:35:00+09:00,hs_cjonstyle,CJ온스타일,[방송상품] 곱창캔김 25g x 5캔 + 무조미 곱창캔김 14g x 2캔(총 7캔),곱창캔김 25g x 5캔 + 무조미 곱창캔김 14g x 2캔,곱창캔김 25g x 5캔 + 무조미 곱창캔김 14g x 2캔,,,,미분류,,식품,1,797,23830300,,,validated_paid_insert,paid_schedule_api,2026-08-24T10:09:55.658257+09:00,,,1,2026-08-24T10:09:55.357212+09:00,2026-08-24T10:09:55.658257+09:00
044c448605bb33ba4f62788e16751bee,2026-08-13,2026-08-13T12:33:00+09:00,2026-08-13T13:34:00+09:00,hs_shinsegae,신세계쇼핑,26년산 안면도 태양초 고춧가루 4kg(500g X 8봉),26년산 안면도 태양초 고춧가루 4kg,26년산 안면도 태양초 고춧가루 4kg,,,,미분류,,식품,9,508,62630700,,,validated_paid_insert,paid_schedule_api,2026-08-24T10:09:55.658257+09:00,,,1,2026-08-24T10:09:55.357212+09:00,2026-08-24T10:09:55.658257+09:00
17c0ce9bc57ab134daed2689c0455079,2026-08-13,2026-08-13T12:35:00+09:00,2026-08-13T13:35:00+09:00,hs_lotteimall,롯데홈쇼핑,[흥국화재] 흥Good 든든한 3N5 간편종합보험,흥Good 든든한 3N5 간편종합보험,흥Good 든든한 3N5 간편종합보험,,,,확인필요,★흥Good 든든한 3N5 간편종합보험★,식품,1,0,0,,,validated_paid_insert,paid_schedule_api,2026-08-24T10:09:55.658257+09:00,,,1,2026-08-24T10:09:55.357212+09:00,2026-08-24T10:09:55.658257+09:00
bb71389412e063a7626fe35404be11a3,2026-08-13,2026-08-13T12:35:00+09:00,2026-08-13T13:35:00+09:00,hs_gsshop,GS홈쇼핑,프로메가 알티지오메가3 비타민D 6박스,프로메가 알티지오메가3 비타민D 6박스,프로메가 알티지오메가3 비타민D 6박스,,,,미분류,,식품,2,379,57227000,,,validated_paid_insert,paid_schedule_api,2026-08-24T10:09:55.658257+09:00,,,1,2026-08-24T10:09:55.357212+09:00,2026-08-24T10:09:55.658257+09:00
d805c46ac8bf9face2b652bb28315e0b,2026-08-13,2026-08-13T12:38:00+09:00,2026-08-13T13:40:00+09:00,hs_kshop,KT알파쇼핑,닥터루템_알부민,닥터루템_알부민,닥터루템_알부민,,,,미분류,,식품,1,220,43560000,,,validated_paid_insert,paid_schedule_api,2026-08-24T10:09:55.658257+09:00,,,1,2026-08-24T10:09:55.357212+09:00,2026-08-24T10:09:55.658257+09:00
ca1dd12504bb02ef681aa4143673707c,2026-08-13,2026-08-13T12:40:00+09:00,2026-08-13T13:30:00+09:00,hs_hnsmall,홈앤쇼핑,[13만원 세일] 미녀의 석류 콜라겐 8박스(총200포),미녀의 석류 콜라겐 8박스,미녀의 석류 콜라겐 8박스,,,,미분류,,식품,1,655,72705000,,,validated_paid_insert,paid_schedule_api,2026-08-24T10:09:55.658257+09:00,,,1,2026-08-24T10:09:55.357212+09:00,2026-08-24T10:09:55.658257+09:00
74d085a54dcb02218f52f3f2e5bdb23c,2026-08-13,2026-08-13T12:41:00+09:00,2026-08-13T13:44:00+09:00,hs_nsmallshopplus,NS홈쇼핑 샵플러스,락토핏당케어프로1,락토핏당케어프로1,락토핏당케어프로1,,,,미분류,,식품,2,88,16632000,,,validated_paid_insert,paid_schedule_api,2026-08-24T10:09:55.658257+09:00,,,1,2026-08-24T10:09:55.357212+09:00,2026-08-24T10:09:55.658257+09:00
91d5c90995bed63147ffacf4c2ef4aaa,2026-08-13,2026-08-13T13:30:00+09:00,2026-08-13T14:20:00+09:00,hs_hnsmall,홈앤쇼핑,[목포수협] 26년  햇 새우육젓 2kg (500gx4통),26년 햇 새우육젓 2kg,26년 햇 새우육젓 2kg,,,,미분류,,식품,2,1341,82662900,,,validated_paid_insert,paid_schedule_api,2026-08-24T10:09:55.658257+09:00,,,1,2026-08-24T10:09:55.357212+09:00,2026-08-24T10:09:55.658257+09:00
19fc0cf02ac504bafe18d58384684233,2026-08-13,2026-08-13T13:35:00+09:00,2026-08-13T14:35:00+09:00,hs_cjonstyle,CJ온스타일,[방송에서만] 베르도르팜 NFC 착즙 하스카프베리 100 10+2박스(총168포),베르도르팜 NFC 착즙 하스카프베리 100 10+2박스,베르도르팜 NFC 착즙 하스카프베리 100 10+2박스,,,,미분류,,식품,2,513,89447000,,,validated_paid_insert,paid_schedule_api,2026-08-24T10:09:55.658257+09:00,,,1,2026-08-24T10:09:55.357212+09:00,2026-08-24T10:09:55.658257+09:00
95b92351cc9a8df9161800f7a450793f,2026-08-13,2026-08-13T13:35:00+09:00,2026-08-13T14:35:00+09:00,hs_lotteimall,롯데홈쇼핑,[비에날씬] ♡다이어트 최다구성♡ 비에날씬 프로 9개월 + 비에날씬 플러스 6박스 ,♡다이어트 최다구성♡ 비에날씬 프로 9개월 + 비에날씬 플러스 6박스,비에날씬 프로,비에날씬,다이어트 유산균,BNR17 유산균,확정,비에날씬프로,식품,3,79,38580000,,,validated_paid_insert,paid_schedule_api,2026-08-24T10:09:55.658257+09:00,,,1,2026-08-24T10:09:55.357212+09:00,2026-08-24T10:09:55.658257+09:00
ae8c254e2ab62bda12a3af7b180167e9,2026-08-13,2026-08-13T13:35:00+09:00,2026-08-13T13:40:00+09:00,hs_lotteimallonetv,롯데원티비,"[자연향기] ★300초★ 하동녹차 명란김 6gx60봉, 권여사 명란자반 70gx2봉","★300초★ 하동녹차 명란김 6gx60봉, 권여사 명란자반 70gx2봉","★300초★ 하동녹차 명란김 6gx60봉, 권여사 명란자반 70gx2봉",,,,확인필요,"★300초★ 하동녹차 명란김 6gx60봉, 권여사 명란자반 70gx2봉",식품,1,55,1644500,,,validated_paid_insert,paid_schedule_api,2026-08-24T10:09:55.658257+09:00,,,1,2026-08-24T10:09:55.357212+09:00,2026-08-24T10:09:55.658257+09:00
5b1f748d5173933cd19051d0795eee47,2026-08-13,2026-08-13T13:37:00+09:00,2026-08-13T14:37:00+09:00,hs_gsshopmyshop,GS홈쇼핑 마이샵,다이어트 유산균 비에날씬 9박스+슬림3박스,다이어트 유산균 비에날씬 9박스+슬림3박스,다이어트 유산균 비에날씬 9박스+슬림3박스,,,,확인필요,다이어트 유산균 비에날씬 9박스+슬림3박스,식품,3,76,33800000,,,validated_paid_insert,paid_schedule_api,2026-08-24T10:09:55.658257+09:00,,,1,2026-08-24T10:09:55.357212+09:00,2026-08-24T10:09:55.658257+09:00
260392f47a058b33414343c84793600c,2026-08-13,2026-08-13T13:40:00+09:00,2026-08-13T14:45:00+09:00,hs_gongyoung,공영쇼핑,26년 햇 천사의 땅 해남 고춧가루 500g*8봉 총4kg,26년 햇 천사의 땅 해남 고춧가루 500g*8봉 총4kg,26년 햇 천사의 땅 해남 고춧가루 500g*8봉 총4kg,,,,미분류,,식품,3,1400,158439000,,,validated_paid_insert,paid_schedule_api,2026-08-24T10:09:55.658257+09:00,,,1,2026-08-24T10:09:55.357212+09:00,2026-08-24T10:09:55.658257+09:00
6fd9a2ac05101fba52502af909da380e,2026-08-13,2026-08-13T13:40:00+09:00,2026-08-13T14:20:00+09:00,hs_lotteimallonetv,롯데원티비,[안국약품] ☆[패밀리구성]안국약품 리포좀 오메가3 12+6박스(300mgX30캡슐X18박스),☆ 안국약품 리포좀 오메가3 12+6박스,☆ 안국약품 리포좀 오메가3 12+6박스,,,,미분류,,식품,2,40,5560000,,,validated_paid_insert,paid_schedule_api,2026-08-24T10:09:55.658257+09:00,,,1,2026-08-24T10:09:55.357212+09:00,2026-08-24T10:09:55.658257+09:00
6ab30000a93a727e7ae7cbaaa51dbf5a,2026-08-13,2026-08-13T13:41:00+09:00,2026-08-13T14:44:00+09:00,hs_nsmallshopplus,NS홈쇼핑 샵플러스,오한진알부민1,오한진알부민1,오한진 알부민,오한진,건강식품/단백질,알부민,확정,오한진알부민,식품,2,93,23994000,,,validated_paid_insert,paid_schedule_api,2026-08-24T10:09:55.658257+09:00,,,1,2026-08-24T10:09:55.357212+09:00,2026-08-24T10:09:55.658257+09:00
4410ab8b367a762738f2cfab1ab17697,2026-08-13,2026-08-13T13:45:00+09:00,2026-08-13T14:45:00+09:00,hs_cjonstyleplus,CJ온스타일 플러스,대원헬스 혈당파이터 10박스 (20개월분),대원헬스 혈당파이터 10박스,대원헬스 혈당파이터,대원헬스,건강식품/혈당관리,,확정,대원헬스 혈당파이터,식품,2,361,34980000,,,validated_paid_insert,paid_schedule_api,2026-08-24T10:09:55.658257+09:00,,,1,2026-08-24T10:09:55.357212+09:00,2026-08-24T10:09:55.658257+09:00
e4489ee49aa50985ad3299e007b0088e,2026-08-13,2026-08-13T14:20:00+09:00,2026-08-13T15:00:00+09:00,hs_lotteimallonetv,롯데원티비,"[아임피쉬] 아임피쉬 가시바른 국내산 순살 고등어 15팩 (100g x 15팩, 총 1.5kg)",아임피쉬 가시바른 국내산 순살 고등어 15팩,아임피쉬 가시바른 국내산 순살 고등어 15팩,,,,확인필요,아임피쉬 가시바른 국내산 순살 고등어 15팩,식품,1,211,8418900,,,validated_paid_insert,paid_schedule_api,2026-08-24T10:09:55.658257+09:00,,,1,2026-08-24T10:09:55.357212+09:00,2026-08-24T10:09:55.658257+09:00
758854178c080b47503b5b7fefab118f,2026-08-13,2026-08-13T14:30:00+09:00,2026-08-13T15:46:00+09:00,hs_hmall,현대홈쇼핑,올바른 파로 효소 골드 5박스 (총 5개월분 150포),올바른 파로 효소 골드 5박스,올바른 파로 효소 골드 5박스,,,,미분류,,식품,3,1452,53503200,,,validated_paid_insert,paid_schedule_api,2026-08-24T10:09:55.658257+09:00,,,1,2026-08-24T10:09:55.357212+09:00,2026-08-24T10:09:55.658257+09:00
3ed4ecd251f51664768291b227e69bd0,2026-08-13,2026-08-13T14:41:00+09:00,2026-08-13T15:43:00+09:00,hs_nsmallshopplus,NS홈쇼핑 샵플러스,임성근도가니탕1,임성근도가니탕1,임성근도가니탕1,,,,확인필요,임성근도가니탕1,식품,2,533,31926700,,,validated_paid_insert,paid_schedule_api,2026-08-24T10:09:55.658257+09:00,,,1,2026-08-24T10:09:55.357212+09:00,2026-08-24T10:09:55.658257+09:00
9b4179f498cde9a7a3aebbcd2303b4d4,2026-08-13,2026-08-13T14:45:00+09:00,2026-08-13T15:40:00+09:00,hs_gongyoung,공영쇼핑,제주흑돼지 양념왕구이 7팩 (2.1kg),제주흑돼지 양념왕구이 7팩,제주흑돼지 양념왕구이 7팩,,,,미분류,,식품,1,2926,87487400,,,validated_paid_insert,paid_schedule_api,2026-08-24T10:09:55.658257+09:00,,,1,2026-08-24T10:09:55.357212+09:00,2026-08-24T10:09:55.658257+09:00
de6e4572bd71d158a80884dc0d6bb838,2026-08-13,2026-08-13T15:20:00+09:00,2026-08-13T16:00:00+09:00,hs_hmallplus,현대홈쇼핑 플러스샵,[방송에서만 5병더] 센비타 당근주스 100 10병,센비타 당근주스 100 10병,센비타 당근주스,센비타,과채주스,당근,확정,센비타 당근주스,식품,1,233,18873000,,,validated_paid_insert,paid_schedule_api,2026-08-24T10:09:55.658257+09:00,,,1,2026-08-24T10:09:55.357212+09:00,2026-08-24T10:09:55.658257+09:00
032cf1307138fcc69f8cdd771f5e4173,2026-08-13,2026-08-13T15:30:00+09:00,2026-08-13T16:31:00+09:00,hs_nsmall,NS홈쇼핑,임성근포기김치,임성근포기김치,임성근포기김치,,,,미분류,,식품,2,3466,138293400,,,validated_paid_insert,paid_schedule_api,2026-08-24T10:09:55.658257+09:00,,,1,2026-08-24T10:09:55.357212+09:00,2026-08-24T10:09:55.658257+09:00
942fb158d548cd224ba959e9b40b36d0,2026-08-13,2026-08-13T15:30:00+09:00,2026-08-13T16:30:00+09:00,hs_cjonstyle,CJ온스타일,카사베르디 유기농 와인비니거 레드6+2병+디스펜서+텀블러믹서기,카사베르디 유기농 와인비니거 레드6+2병+디스펜서+텀블러믹서기,카사베르디 유기농 와인비니거 레드6+2병+디스펜서+텀블러믹서기,,,,확인필요,카사베르디 유기농 와인비니거 레드6+2병+디스펜서+텀블러믹서기,식품,2,606,77374000,,,validated_paid_insert,paid_schedule_api,2026-08-24T10:09:55.658257+09:00,,,1,2026-08-24T10:09:55.357212+09:00,2026-08-24T10:09:55.658257+09:00
fbea9f677fdb78a1562ffe2290f30204,2026-08-13,2026-08-13T15:34:00+09:00,2026-08-13T16:35:00+09:00,hs_shinsegae,신세계쇼핑,[방송에서만] 조선호텔 진한 한우도가니탕 1kg X 5팩(총 15인분),조선호텔 진한 한우도가니탕 1kg X 5팩,조선호텔 진한 한우도가니탕 1kg X 5팩,,,,미분류,,식품,4,1008,70876400,,,validated_paid_insert,paid_schedule_api,2026-08-24T10:09:55.658257+09:00,,,1,2026-08-24T10:09:55.357212+09:00,2026-08-24T10:09:55.658257+09:00
086a92a49a36c876420f7a878ec2af33,2026-08-13,2026-08-13T15:35:00+09:00,2026-08-13T16:35:00+09:00,hs_gsshop,GS홈쇼핑,뉴트리원 이병헌 루테인지아잔틴164 GR 15박스(15개월분),뉴트리원 이병헌 루테인지아잔틴164 GR 15박스,뉴트리원 이병헌 루테인지아잔틴164 GR,뉴트리원,건강식품/눈건강,루테인/카로티노이드,확정,뉴트리원 이병헌 루테인지아잔틴164 GR,식품,3,232,44488000,,,validated_paid_insert,paid_schedule_api,2026-08-24T10:09:55.658257+09:00,,,1,2026-08-24T10:09:55.357212+09:00,2026-08-24T10:09:55.658257+09:00
1a21fb8ba63367368d704d1ad0b19625,2026-08-13,2026-08-13T15:38:00+09:00,2026-08-13T16:43:00+09:00,hs_kshop,KT알파쇼핑,만복이_어육바,만복이_어육바,만복이_어육바,,,,미분류,,식품,1,1187,47242600,,,validated_paid_insert,paid_schedule_api,2026-08-24T10:09:55.658257+09:00,,,1,2026-08-24T10:09:55.357212+09:00,2026-08-24T10:09:55.658257+09:00
d703faf3d83fd3fa83dbfdae6225835f,2026-08-13,2026-08-13T15:38:00+09:00,2026-08-13T16:18:00+09:00,hs_gsshopmyshop,GS홈쇼핑 마이샵,망고식스 26년 햇 아이스 망고바 60g 40개,망고식스 26년 햇 아이스 망고바 60g 40개,망고식스 26년 햇 아이스 망고바 60g 40개,,,,미분류,,식품,3,445,17755500,,,validated_paid_insert,paid_schedule_api,2026-08-24T10:09:55.658257+09:00,,,1,2026-08-24T10:09:55.357212+09:00,2026-08-24T10:09:55.658257+09:00
b2f866eb03b5d130ac0a8f83400266e5,2026-08-13,2026-08-13T15:40:00+09:00,2026-08-13T16:40:00+09:00,hs_gongyoung,공영쇼핑,김연도 오색현미500g*8봉+햇흰찰쌀보리600g*5봉,김연도 오색현미500g*8봉+햇흰찰쌀보리600g*5봉,김연도 오색현미500g*8봉+햇흰찰쌀보리600g*5봉,,,,확인필요,김연도 오색현미500g*8봉+햇흰찰쌀보리600g*5봉,식품,2,1822,70875800,,,validated_paid_insert,paid_schedule_api,2026-08-24T10:09:55.658257+09:00,,,1,2026-08-24T10:09:55.357212+09:00,2026-08-24T10:09:55.658257+09:00
d17735674855ea0a213f4a89407c9d4d,2026-08-13,2026-08-13T15:45:00+09:00,2026-08-13T16:45:00+09:00,hs_cjonstyleplus,CJ온스타일 플러스,[방송에서만] 황성주 생식 라이프 밀 6+2박스+쉐이커2,황성주 생식 라이프 밀 6+2박스+쉐이커2,황성주 생식 라이프 밀 6+2박스+쉐이커2,,,,미분류,,식품,2,101,29902000,,,validated_paid_insert,paid_schedule_api,2026-08-24T10:09:55.658257+09:00,,,1,2026-08-24T10:09:55.357212+09:00,2026-08-24T10:09:55.658257+09:00
4a747772879895944c8bfbbd54983397,2026-08-13,2026-08-13T16:18:00+09:00,2026-08-13T16:39:00+09:00,hs_gsshopmyshop,GS홈쇼핑 마이샵,하루견과 리치넛 시그니처 22g 총100봉 (30봉 x 3박스 + 10봉),하루견과 리치넛 시그니처 22g 총100봉,하루견과 리치넛 시그니처 22g 총100봉,,,,미분류,,식품,2,127,12123000,,,validated_paid_insert,paid_schedule_api,2026-08-24T10:09:55.658257+09:00,,,1,2026-08-24T10:09:55.357212+09:00,2026-08-24T10:09:55.658257+09:00
9565999036a262d72fe17560380ff324,2026-08-13,2026-08-13T16:30:00+09:00,2026-08-13T17:31:00+09:00,hs_nsmall,NS홈쇼핑,임성근한우갈비살구이,임성근한우갈비살구이,임성근한우갈비살구이,,,,미분류,,식품,2,2022,141337800,,,validated_paid_insert,paid_schedule_api,2026-08-24T10:09:55.658257+09:00,,,1,2026-08-24T10:09:55.357212+09:00,2026-08-24T10:09:55.658257+09:00
a1ec21f67ea021ff0defd1847f9ad615,2026-08-13,2026-08-13T16:30:00+09:00,2026-08-13T17:30:00+09:00,hs_cjonstyle,CJ온스타일,1.최다구성 에버콜라겐 타임레티놀A 18개월 +30포 더,1.최다구성 에버콜라겐 타임레티놀A 18개월 +30포 더,1.최다구성 에버콜라겐 타임레티놀A 18개월 +30포 더,,,,미분류,,식품,3,197,73721000,,,validated_paid_insert,paid_schedule_api,2026-08-24T10:09:55.658257+09:00,,,1,2026-08-24T10:09:55.357212+09:00,2026-08-24T10:09:55.658257+09:00
53ee30e04375740bdfe18880293d844f,2026-08-13,2026-08-13T16:33:00+09:00,2026-08-13T17:33:00+09:00,hs_shopntmall,쇼핑엔티,[특등급 건고추] 26년산 농협 영양 햇 고춧가루 500g x 6팩 (총 3kg),26년산 농협 영양 햇 고춧가루 500g x 6팩,26년산 농협 영양 햇 고춧가루 500g x 6팩,,,,미분류,,식품,2,618,59661900,,,validated_paid_insert,paid_schedule_api,2026-08-24T10:09:55.658257+09:00,,,1,2026-08-24T10:09:55.357212+09:00,2026-08-24T10:09:55.658257+09:00
249ed3e35f33e09524e504fb6fa370be,2026-08-13,2026-08-13T16:35:00+09:00,2026-08-13T17:35:00+09:00,hs_lotteimall,롯데홈쇼핑,"[뉴트리코어] ○방송에서만[12+6개월]뉴트리코어 하이퍼셀 코엔자임 Q10 맥스 18박스(1박스:1,000mgX30캡슐","○방송에서만 뉴트리코어 하이퍼셀 코엔자임 Q10 맥스 18박스(1박스:1,000mgX30캡슐","○방송에서만 뉴트리코어 하이퍼셀 코엔자임 Q10 맥스 18박스(1박스:1,000mgX30캡슐",,,,확인필요,"○방송에서만 뉴트리코어 하이퍼셀 코엔자임 Q10 맥스 18박스(1박스:1,000mgX30캡슐",식품,2,198,48502000,,,validated_paid_insert,paid_schedule_api,2026-08-24T10:09:55.658257+09:00,,,1,2026-08-24T10:09:55.357212+09:00,2026-08-24T10:09:55.658257+09:00
418db50c106335a0723a418f75265586,2026-08-13,2026-08-13T16:35:00+09:00,2026-08-13T16:56:00+09:00,hs_hmall,현대홈쇼핑,난각번호 1번 무항생제 유정란 대란(L사이즈) 40구_파손보장,난각번호 1번 무항생제 유정란 대란 40구_파손보장,난각번호 1번 무항생제 유정란 대란 40구_파손보장,,,,미분류,,식품,1,1555,40274500,,,validated_paid_insert,paid_schedule_api,2026-08-24T10:09:55.658257+09:00,,,1,2026-08-24T10:09:55.357212+09:00,2026-08-24T10:09:55.658257+09:00
fad2eaecf2e247e6daead4bb8bed4add,2026-08-13,2026-08-13T16:35:00+09:00,2026-08-13T17:35:00+09:00,hs_gsshop,GS홈쇼핑,하루틴 리포좀 비타민C 프로 12+ 3개월분(총 15개월분)+ 리포좀 글루타치온 10포 3박스,하루틴 리포좀 비타민C 프로 12+ 3개월분 + 리포좀 글루타치온 10포 3박스,하루틴 리포좀 비타민C 프로 12+ 3개월분 + 리포좀 글루타치온 10포 3박스,,,,미분류,,식품,2,331,64879000,,,validated_paid_insert,paid_schedule_api,2026-08-24T10:09:55.658257+09:00,,,1,2026-08-24T10:09:55.357212+09:00,2026-08-24T10:09:55.658257+09:00
4e2126fe52d40a05360573e57e09e775,2026-08-13,2026-08-13T16:40:00+09:00,2026-08-13T18:00:00+09:00,hs_hmallplus,현대홈쇼핑 플러스샵,2026년 햇 경북산 청결 고춧가루 3kg(500g 6팩) + 청양 고춧가루 500g 1팩,2026년 햇 경북산 청결 고춧가루 3kg + 청양 고춧가루 500g 1팩,2026년 햇 경북산 청결 고춧가루 3kg + 청양 고춧가루 500g 1팩,,,,미분류,,식품,3,845,89360900,,,validated_paid_insert,paid_schedule_api,2026-08-24T10:09:55.658257+09:00,,,1,2026-08-24T10:09:55.357212+09:00,2026-08-24T10:09:55.658257+09:00
a140ec8f1c7321da355a4e5ed97f1394,2026-08-13,2026-08-13T16:40:00+09:00,2026-08-13T17:40:00+09:00,hs_lotteimallonetv,롯데원티비,[울릉도 마가목 흑염소]★방송에서만 체험분 3팩★ 홍성호 울릉도 마가목 흑염소진액 프리미엄 (70ml x 33포 x 1박스),★방송에서만 체험분 3팩★ 홍성호 울릉도 마가목 흑염소진액 프리미엄,★방송에서만 체험분 3팩★ 홍성호 울릉도 마가목 흑염소진액 프리미엄,,,,확인필요,♥방송에서만 체험분 3팩♥ 홍성호 울릉도 마가목 흑염소진액 프리미엄,식품,2,67,13090000,,,validated_paid_insert,paid_schedule_api,2026-08-24T10:09:55.658257+09:00,,,1,2026-08-24T10:09:55.357212+09:00,2026-08-24T10:09:55.658257+09:00
b47afdeb9ca9358c718d4522ee0f8f76,2026-08-13,2026-08-13T16:40:00+09:00,2026-08-13T17:40:00+09:00,hs_gongyoung,공영쇼핑,황금박대세트 130g x 8마리(총 8팩),황금박대세트 130g x 8마리,황금박대세트 130g x 8마리,,,,미분류,,식품,1,1715,68428500,,,validated_paid_insert,paid_schedule_api,2026-08-24T10:09:55.658257+09:00,,,1,2026-08-24T10:09:55.357212+09:00,2026-08-24T10:09:55.658257+09:00
890b8acd2ec97e17ac2e995397fe2152,2026-08-13,2026-08-13T16:42:00+09:00,2026-08-13T17:44:00+09:00,hs_nsmallshopplus,NS홈쇼핑 샵플러스,감자탕1,감자탕1,감자탕1,,,,미분류,,식품,5,1411,56308900,,,validated_paid_insert,paid_schedule_api,2026-08-24T10:09:55.658257+09:00,,,1,2026-08-24T10:09:55.357212+09:00,2026-08-24T10:09:55.658257+09:00
443149bde0c09d62db9f25cfe67fdabb,2026-08-13,2026-08-13T16:50:00+09:00,2026-08-13T17:40:00+09:00,hs_hnsmall,홈앤쇼핑,[온작] 이영자 파김치1kg+고들빼기1kg (총 2kg),이영자 파김치1kg+고들빼기1kg,이영자 파김치1kg+고들빼기1kg,,,,미분류,,식품,1,3702,121795800,,,validated_paid_insert,paid_schedule_api,2026-08-24T10:09:55.658257+09:00,,,1,2026-08-24T10:09:55.357212+09:00,2026-08-24T10:09:55.658257+09:00
7219b91d341d2303398559eb7280d369,2026-08-13,2026-08-13T17:30:00+09:00,2026-08-13T18:30:00+09:00,hs_cjonstyle,CJ온스타일,[무엘올리바]  스페인 엑스트라버진 올리브오일 500ml 5병,스페인 엑스트라버진 올리브오일 500ml 5병,스페인 엑스트라버진 올리브오일 500ml 5병,,,,미분류,,식품,2,2488,180493300,,,validated_paid_insert,paid_schedule_api,2026-08-24T10:09:55.658257+09:00,,,1,2026-08-24T10:09:55.357212+09:00,2026-08-24T10:09:55.658257+09:00
77d010aaf28a6d7d2be440733b3224bc,2026-08-13,2026-08-13T17:30:00+09:00,2026-08-13T18:31:00+09:00,hs_nsmall,NS홈쇼핑,이봉원순살조기,이봉원순살조기,이봉원순살조기,,,,미분류,,식품,1,3391,135300900,,,validated_paid_insert,paid_schedule_api,2026-08-24T10:09:55.658257+09:00,,,1,2026-08-24T10:09:55.357212+09:00,2026-08-24T10:09:55.658257+09:00
ad4e5beb31cbe96cce220ec5dd34e9a5,2026-08-13,2026-08-13T17:31:00+09:00,2026-08-13T18:31:00+09:00,hs_skstoa,SK스토아,(방송중에만3봉더)콩국이 기가막혀(콩국물 가루) 90g x 16봉 | 원산지 : 상품정보 참조,콩국이 기가막혀 90g x 16봉 | 원산지 : 상품정보 참조,콩국이 기가막혀 90g x 16봉 | 원산지 : 상품정보 참조,,,,확인필요,콩국이 기가막혀 90g x 16봉 | 원산지 : 상품정보 참조,식품,1,499,19910100,,,validated_paid_insert,paid_schedule_api,2026-08-24T10:09:55.658257+09:00,,,1,2026-08-24T10:09:55.357212+09:00,2026-08-24T10:09:55.658257+09:00
782aa09f7d57ac589ce74e8c90e48a48,2026-08-13,2026-08-13T17:32:00+09:00,2026-08-13T18:32:00+09:00,hs_shopntmall,쇼핑엔티,[50％세일]보넬드 아이엠 당근 주스 15병,보넬드 아이엠 당근 주스 15병,보넬드 아이엠 당근주스,보넬드,과채주스,당근,확정,보넬드 아이엠 당근 주스,식품,1,296,36112000,,,validated_paid_insert,paid_schedule_api,2026-08-24T10:09:55.658257+09:00,,,1,2026-08-24T10:09:55.357212+09:00,2026-08-24T10:09:55.658257+09:00
72b35b97b48ffe8af79342fee08e358e,2026-08-13,2026-08-13T17:34:00+09:00,2026-08-13T18:35:00+09:00,hs_shinsegae,신세계쇼핑,"[종근당건강동행] 락토핏 생유산균 코어맥스 총 480포(180포X2통+30포X4박스, 16개월분)+아보카도오일 2병",락토핏 생유산균 코어맥스 총 480포 +아보카도오일 2병,락토핏 생유산균 코어맥스 총 480포 +아보카도오일 2병,,,,미분류,,식품,9,252,24948000,,,validated_paid_insert,paid_schedule_api,2026-08-24T10:09:55.658257+09:00,,,1,2026-08-24T10:09:55.357212+09:00,2026-08-24T10:09:55.658257+09:00
919b5dd63d648839c31be4e84fa7f044,2026-08-13,2026-08-13T17:35:00+09:00,2026-08-13T18:35:00+09:00,hs_gsshop,GS홈쇼핑,정호영 사조 숙성 훈제오리 180g*8팩,정호영 사조 숙성 훈제오리 180g*8팩,정호영 사조 숙성 훈제오리 180g*8팩,,,,미분류,,식품,2,2699,157470100,,,validated_paid_insert,paid_schedule_api,2026-08-24T10:09:55.658257+09:00,,,1,2026-08-24T10:09:55.357212+09:00,2026-08-24T10:09:55.658257+09:00
ba399540583e960591d5a3eee0b758b6,2026-08-13,2026-08-13T17:35:00+09:00,2026-08-13T18:35:00+09:00,hs_lotteimall,롯데홈쇼핑,[키친스토리] 빅마마 이혜정의 맛있는 포기김치 8kg+열무김치 2kg+깻잎김치 0.5kg,빅마마 이혜정의 맛있는 포기김치 8kg+열무김치 2kg+깻잎김치 0.5kg,빅마마 이혜정의 맛있는 포기김치 8kg+열무김치 2kg+깻잎김치 0.5kg,,,,미분류,,식품,2,1125,67387500,,,validated_paid_insert,paid_schedule_api,2026-08-24T10:09:55.658257+09:00,,,1,2026-08-24T10:09:55.357212+09:00,2026-08-24T10:09:55.658257+09:00
6f6df78edbb71c5ae5201d8af343808e,2026-08-13,2026-08-13T17:39:00+09:00,2026-08-13T18:43:00+09:00,hs_kshop,KT알파쇼핑,정성곳간_도가니탕,정성곳간_도가니탕,정성곳간_도가니탕,,,,미분류,,식품,8,1192,71200800,,,validated_paid_insert,paid_schedule_api,2026-08-24T10:09:55.658257+09:00,,,1,2026-08-24T10:09:55.357212+09:00,2026-08-24T10:09:55.658257+09:00
1d0570d8cf97c20d484960adb06f14a7,2026-08-13,2026-08-13T17:40:00+09:00,2026-08-13T18:40:00+09:00,hs_hnsmall,홈앤쇼핑,관절엔 콘드로이친 1200 12박스(12개월분) + 식물성 오메가3 2개월분,관절엔 콘드로이친 1200 12박스 + 식물성 오메가3 2개월분,관절엔 콘드로이친,관절엔,건강식품/관절,콘드로이친,확정,관절엔 콘드로이친,식품,3,261,142753000,,,validated_paid_insert,paid_schedule_api,2026-08-24T10:09:55.658257+09:00,,,1,2026-08-24T10:09:55.357212+09:00,2026-08-24T10:09:55.658257+09:00
e4af762041568638aaeda6335c82caa4,2026-08-13,2026-08-13T17:40:00+09:00,2026-08-13T18:40:00+09:00,hs_gongyoung,공영쇼핑,"익산농협 생크림 찹쌀떡 세트(생크림+흑임자+쑥대팥+블루베리+쑥찰떡, 총 61개)",익산농협 생크림 찹쌀떡 세트,익산농협 생크림 찹쌀떡 세트,,,,미분류,,식품,2,1407,83901300,,,validated_paid_insert,paid_schedule_api,2026-08-24T10:09:55.658257+09:00,,,1,2026-08-24T10:09:55.357212+09:00,2026-08-24T10:09:55.658257+09:00
570e21b3495be0bcbd2d7124e1a0c7cb,2026-08-13,2026-08-13T17:42:00+09:00,2026-08-13T18:45:00+09:00,hs_nsmallshopplus,NS홈쇼핑 샵플러스,해남땅끝마을김치1,해남땅끝마을김치1,해남땅끝마을김치,,김치,배추,확정,해남땅끝마을김치,식품,2,1467,54132300,,,validated_paid_insert,paid_schedule_api,2026-08-24T10:09:55.658257+09:00,,,1,2026-08-24T10:09:55.357212+09:00,2026-08-24T10:09:55.658257+09:00
e244f65d5f4944a32984c6456a4ee851,2026-08-13,2026-08-13T18:00:00+09:00,2026-08-13T18:40:00+09:00,hs_hmallplus,현대홈쇼핑 플러스샵,박정수 올바른가 자연산 한입 조기 140토막(20토막 x 7팩),박정수 올바른가 자연산 한입 조기 140토막,박정수 올바른가 자연산 한입 조기 140토막,,,,미분류,,식품,1,496,24750400,,,validated_paid_insert,paid_schedule_api,2026-08-24T10:09:55.658257+09:00,,,1,2026-08-24T10:09:55.357212+09:00,2026-08-24T10:09:55.658257+09:00
abb87b67e7f7f589e25e67878ccb67f4,2026-08-13,2026-08-13T18:35:00+09:00,2026-08-13T19:35:00+09:00,hs_gsshop,GS홈쇼핑,"베키아에누보 스프2종 총 18팩 (포테이토크림 9팩, 머쉬룸크림 9팩)",베키아에누보 스프2종 총 18팩,베키아에누보 스프2종 총 18팩,,,,미분류,,식품,2,3763,218851700,,,validated_paid_insert,paid_schedule_api,2026-08-24T10:09:55.658257+09:00,,,1,2026-08-24T10:09:55.357212+09:00,2026-08-24T10:09:55.658257+09:00
57f8e575778019208d81441a19d591b6,2026-08-13,2026-08-13T18:40:00+09:00,2026-08-13T19:40:00+09:00,hs_gongyoung,공영쇼핑,한식요리명인 이효진의 뼈없는 감자탕 450g*11팩,한식요리명인 이효진의 뼈없는 감자탕 450g*11팩,한식요리명인 이효진의 뼈없는 감자탕 450g*11팩,,,,미분류,,식품,2,1732,69106800,,,validated_paid_insert,paid_schedule_api,2026-08-24T10:09:55.658257+09:00,,,1,2026-08-24T10:09:55.357212+09:00,2026-08-24T10:09:55.658257+09:00
935efe2a3d802a42e87c76961177b754,2026-08-13,2026-08-13T18:40:00+09:00,2026-08-13T19:35:00+09:00,hs_hnsmall,홈앤쇼핑,[1++No.9] 이재훈 한우 불고기 8팩(팩당 180g),이재훈 한우 불고기 8팩,이재훈 한우 불고기 8팩,,,,미분류,,식품,1,1869,130643100,,,validated_paid_insert,paid_schedule_api,2026-08-24T10:09:55.658257+09:00,,,1,2026-08-24T10:09:55.357212+09:00,2026-08-24T10:09:55.658257+09:00
ee639a4ae519534ad6c345438276dab2,2026-08-13,2026-08-13T18:40:00+09:00,2026-08-13T19:20:00+09:00,hs_hmallplus,현대홈쇼핑 플러스샵,[방송에서만 이 구성]힐데스그레인 스펠트 15+5봉(300gx20봉)+저당밥솥,힐데스그레인 스펠트 15+5봉 +저당밥솥,힐데스그레인 스펠트 15+5봉 +저당밥솥,,,,미분류,,식품,1,56,4984000,,,validated_paid_insert,paid_schedule_api,2026-08-24T10:09:55.658257+09:00,,,1,2026-08-24T10:09:55.357212+09:00,2026-08-24T10:09:55.658257+09:00
c497e2b4ba48c69d770dd362142035c4,2026-08-13,2026-08-13T19:20:00+09:00,2026-08-13T20:40:00+09:00,hs_hmallplus,현대홈쇼핑 플러스샵,[농할] 국내산 경북 햇 아삭이복숭아 5kg / 총 21∼25과 [방송에서만 이가격],국내산 경북 햇 아삭이복숭아 5kg / 총 21∼25과,국내산 경북 햇 아삭이복숭아 5kg / 총 21∼25과,,,,미분류,,식품,2,3046,121539400,,,validated_paid_insert,paid_schedule_api,2026-08-24T10:09:55.658257+09:00,,,1,2026-08-24T10:09:55.357212+09:00,2026-08-24T10:09:55.658257+09:00
c7fada9d3844ca127046a10693773eda,2026-08-13,2026-08-13T19:30:00+09:00,2026-08-13T20:36:00+09:00,hs_nsmall,NS홈쇼핑,해통령육수명장,해통령육수명장,해통령육수명장,,,,확인필요,해통령육수명장,식품,14,3065,153405220,,,validated_paid_insert,paid_schedule_api,2026-08-24T10:09:55.658257+09:00,,,1,2026-08-24T10:09:55.357212+09:00,2026-08-24T10:09:55.658257+09:00
07a0ae540cc9b2ae23b2e0b90a96c29f,2026-08-13,2026-08-13T19:33:00+09:00,2026-08-13T20:33:00+09:00,hs_shopntmall,쇼핑엔티,[상반기결산](방송에서만)종근당건강 프로메가 알티지비타민D 14개월분+4개월분 더! ,종근당건강 프로메가 알티지비타민D 14개월분+4개월분 더!,종근당건강 프로메가 알티지비타민D 14개월분+4개월분 더!,,,,미분류,,식품,1,136,24208000,,,validated_paid_insert,paid_schedule_api,2026-08-24T10:09:55.658257+09:00,,,1,2026-08-24T10:09:55.357212+09:00,2026-08-24T10:09:55.658257+09:00
5164f8b034adefdcc73d7b5c95a161a2,2026-08-13,2026-08-13T19:35:00+09:00,2026-08-13T20:46:00+09:00,hs_hmall,현대홈쇼핑,[더현대적인] 비에날씬 프로 12박스+비에날퀸 1박스+플러스 1박스(10포)+사은품 파워몬 에어 스텝퍼,비에날씬 프로 12박스+비에날퀸 1박스+플러스 1박스 + 파워몬 에어 스텝퍼,비에날씬 프로,비에날씬,다이어트 유산균,BNR17 유산균,확정,비에날씬프로,식품,4,306,188429000,,,validated_paid_insert,paid_schedule_api,2026-08-24T10:09:55.658257+09:00,,,1,2026-08-24T10:09:55.357212+09:00,2026-08-24T10:09:55.658257+09:00
7dfef29cefd3bcebe0f1cbe874f1aeba,2026-08-13,2026-08-13T19:35:00+09:00,2026-08-13T20:45:00+09:00,hs_cjonstyle,CJ온스타일,카사베르디 유기농 와인비니거 레드6+2병+디스펜서+텀블러믹서기,카사베르디 유기농 와인비니거 레드6+2병+디스펜서+텀블러믹서기,카사베르디 유기농 와인비니거 레드6+2병+디스펜서+텀블러믹서기,,,,확인필요,카사베르디 유기농 와인비니거 레드6+2병+디스펜서+텀블러믹서기,식품,3,2008,256805000,,,validated_paid_insert,paid_schedule_api,2026-08-24T10:09:55.658257+09:00,,,1,2026-08-24T10:09:55.357212+09:00,2026-08-24T10:09:55.658257+09:00
1740c04e69b3f6ec5ea1107df99186a7,2026-08-13,2026-08-13T19:38:00+09:00,2026-08-13T20:38:00+09:00,hs_gsshopmyshop,GS홈쇼핑 마이샵,광천김 X 인산가 죽염담은 곱창 캔김 30g * 16캔,광천김 X 인산가 죽염담은 곱창 캔김 30g * 16캔,광천김 X 인산가 죽염담은 곱창 캔김 30g * 16캔,,,,미분류,,식품,2,1480,111420600,,,validated_paid_insert,paid_schedule_api,2026-08-24T10:09:55.658257+09:00,,,1,2026-08-24T10:09:55.357212+09:00,2026-08-24T10:09:55.658257+09:00
c82621571ac569bb85a2afd4ab0a1990,2026-08-13,2026-08-13T19:40:00+09:00,2026-08-13T20:40:00+09:00,hs_gongyoung,공영쇼핑,한식대가 김미라의 황태채구이 150g×10통,한식대가 김미라의 황태채구이 150g×10통,한식대가 김미라의 황태채구이 150g×10통,,,,미분류,,식품,4,1943,96931900,,,validated_paid_insert,paid_schedule_api,2026-08-24T10:09:55.658257+09:00,,,1,2026-08-24T10:09:55.357212+09:00,2026-08-24T10:09:55.658257+09:00
63feb116e2b7d57ac4fc6f9ea6b657cd,2026-08-13,2026-08-13T19:42:00+09:00,2026-08-13T20:44:00+09:00,hs_nsmallshopplus,NS홈쇼핑 샵플러스,주원산 훈제오리 1,주원산 훈제오리 1,주원산 훈제오리 1,,,,확인필요,주원산 훈제오리 1,식품,3,1331,53096900,,,validated_paid_insert,paid_schedule_api,2026-08-24T10:09:55.658257+09:00,,,1,2026-08-24T10:09:55.357212+09:00,2026-08-24T10:09:55.658257+09:00
d22d38fb1ad7b9e64648be6e39951627,2026-08-13,2026-08-13T19:45:00+09:00,2026-08-13T20:45:00+09:00,hs_cjonstyleplus,CJ온스타일 플러스,[특집구성]다이어트 유산균 10개월분+ 프로틴14포+날개없는선풍기,다이어트 유산균 10개월분+ 프로틴14포+날개없는선풍기,다이어트 유산균 10개월분+ 프로틴14포+날개없는선풍기,,,,미분류,,식품,3,147,81279000,,,validated_paid_insert,paid_schedule_api,2026-08-24T10:09:55.658257+09:00,,,1,2026-08-24T10:09:55.357212+09:00,2026-08-24T10:09:55.658257+09:00
1b0497782b7acdc3c6a3682c26e1b205,2026-08-13,2026-08-13T20:31:00+09:00,2026-08-13T21:31:00+09:00,hs_skstoa,SK스토아,●[50프로세일] 콘드로이친 1200 콘레이티+MBP+K2 12박스 + 초임계 비타민K2 2박스 | 원산지 : 상품정보 참조,● 콘드로이친 1200 콘레이티+MBP+K2 12박스 + 초임계 비타민K2 2박스 | 원산지 : 상품정보 참조,● 콘드로이친 1200 콘레이티+MBP+K2 12박스 + 초임계 비타민K2 2박스 | 원산지 : 상품정보 참조,,,,확인필요,● 콘드로이친 1200 콘레이티+MBP+K2 12박스 + 초임계 비타민K2 2박스 | 원산지 : 상품정보 참조,식품,2,804,128098000,,,validated_paid_insert,paid_schedule_api,2026-08-24T10:09:55.658257+09:00,,,1,2026-08-24T10:09:55.357212+09:00,2026-08-24T10:09:55.658257+09:00
2c86a30d1c467a158603cf90b2cd05f3,2026-08-13,2026-08-13T20:35:00+09:00,2026-08-13T21:36:00+09:00,hs_shinsegae,신세계쇼핑,"(방송에서만)[12개월분]주영엔에스 뼈엔 엠비피 MBP(30캡슐x12박스, 총 12개월분)+식물성 오메가3 2개월분",주영엔에스 뼈엔 엠비피 MBP +식물성 오메가3 2개월분,뼈엔 MBP,뼈엔,건강식품/뼈건강,MBP,확정,뼈엔 엠비피 MBP,식품,3,324,134009000,,,validated_paid_insert,paid_schedule_api,2026-08-24T10:09:55.658257+09:00,,,1,2026-08-24T10:09:55.357212+09:00,2026-08-24T10:09:55.658257+09:00
92f70c76e02f55c993024e7dffb392a6,2026-08-13,2026-08-13T20:35:00+09:00,2026-08-13T21:41:00+09:00,hs_nsmall,NS홈쇼핑,닥터파이토구강유산균,닥터파이토구강유산균,닥터파이토구강유산균,,,,미분류,,식품,5,519,143715000,,,validated_paid_insert,paid_schedule_api,2026-08-24T10:09:55.658257+09:00,,,1,2026-08-24T10:09:55.357212+09:00,2026-08-24T10:09:55.658257+09:00
0d466e77ca177a3c56c178a6f53e8a79,2026-08-13,2026-08-13T20:40:00+09:00,2026-08-13T21:45:00+09:00,hs_gongyoung,공영쇼핑,오롯담 차돌박이구이 180gx10팩,오롯담 차돌박이구이 180gx10팩,오롯담 차돌박이구이 180gx10팩,,,,미분류,,식품,1,3263,162823700,,,validated_paid_insert,paid_schedule_api,2026-08-24T10:09:55.658257+09:00,,,1,2026-08-24T10:09:55.357212+09:00,2026-08-24T10:09:55.658257+09:00
149cccf39be382f4d6fce0a7156e6785,2026-08-13,2026-08-13T20:40:00+09:00,2026-08-13T21:40:00+09:00,hs_hmallplus,현대홈쇼핑 플러스샵,[추가구성: 오메가3 2박스]뼈엔 엠비피 MBP 12개월분(130mgX30정X12박스),뼈엔 엠비피 MBP 12개월분,뼈엔 MBP,뼈엔,건강식품/뼈건강,MBP,확정,뼈엔 엠비피 MBP,식품,3,201,85765000,,,validated_paid_insert,paid_schedule_api,2026-08-24T10:09:55.658257+09:00,,,1,2026-08-24T10:09:55.357212+09:00,2026-08-24T10:09:55.658257+09:00
39610aa963ac9b93320175e217037a10,2026-08-13,2026-08-13T20:43:00+09:00,2026-08-13T21:45:00+09:00,hs_nsmallshopplus,NS홈쇼핑 샵플러스,고춧가루1,고춧가루1,고춧가루1,,조미식품,고추,확인필요,고춧가루1,식품,2,469,58363100,,,validated_paid_insert,paid_schedule_api,2026-08-24T10:09:55.658257+09:00,,,1,2026-08-24T10:09:55.357212+09:00,2026-08-24T10:09:55.658257+09:00
de0df0690021ca7d5f5b74aa9cb1cc0d,2026-08-13,2026-08-13T20:45:00+09:00,2026-08-13T21:45:00+09:00,hs_lotteimall,롯데홈쇼핑,"[설성목장] 한돈 고추장불고기 300gx5팩, 간장불고기 300gx5팩, 총10팩, 3kg","한돈 고추장불고기 300gx5팩, 간장불고기 300gx5팩, 총10팩, 3kg","한돈 고추장불고기 300gx5팩, 간장불고기 300gx5팩, 총10팩, 3kg",,,,미분류,,식품,2,5498,397810200,,,validated_paid_insert,paid_schedule_api,2026-08-24T10:09:55.658257+09:00,,,1,2026-08-24T10:09:55.357212+09:00,2026-08-24T10:09:55.658257+09:00
d40e31b88b2dadf92bd9a8fe471b866d,2026-08-13,2026-08-13T21:36:00+09:00,2026-08-13T22:37:00+09:00,hs_shinsegae,신세계쇼핑,대상 뉴케어 구수한맛 밸런스업 144팩 (총6박스),대상 뉴케어 구수한맛 밸런스업 144팩,대상 뉴케어 구수한맛 밸런스업 144팩,,,,미분류,,식품,5,132,32978000,,,validated_paid_insert,paid_schedule_api,2026-08-24T10:09:55.658257+09:00,,,1,2026-08-24T10:09:55.357212+09:00,2026-08-24T10:09:55.658257+09:00
b9802b59b5a81894b78df2c1251220e5,2026-08-13,2026-08-13T21:40:00+09:00,2026-08-13T22:40:00+09:00,hs_hmallplus,현대홈쇼핑 플러스샵,[2026년산 햇고추] 농협 봉화 고춧가루 3kg 세트 (500g x 6팩),농협 봉화 고춧가루 3kg 세트,농협 봉화 고춧가루 3kg 세트,,,,미분류,,식품,2,627,62130000,,,validated_paid_insert,paid_schedule_api,2026-08-24T10:09:55.658257+09:00,,,1,2026-08-24T10:09:55.357212+09:00,2026-08-24T10:09:55.658257+09:00
5aa23aa0f879160f949acdeba8d1e222,2026-08-13,2026-08-13T21:45:00+09:00,2026-08-13T22:50:00+09:00,hs_lotteimall,롯데홈쇼핑,"[에이치엘비 나티아] ♥제주말차♥[5박스]HLB 나티아 제주말차 (1g×30포, 5박스)",♥제주말차♥ HLB 나티아 제주말차,♥제주말차♥ HLB 나티아 제주말차,,,,미분류,,식품,3,4727,471851700,,,validated_paid_insert,paid_schedule_api,2026-08-24T10:09:55.658257+09:00,,,1,2026-08-24T10:09:55.357212+09:00,2026-08-24T10:09:55.658257+09:00
b6853f2fcd219024a94b08fb1fdfa40b,2026-08-13,2026-08-13T21:45:00+09:00,2026-08-13T22:50:00+09:00,hs_gongyoung,공영쇼핑,햇 가족 의성眞 백도복숭아 4kg,햇 가족 의성眞 백도복숭아 4kg,햇 가족 의성眞 백도복숭아 4kg,,,,미분류,,식품,1,8851,264644900,,,validated_paid_insert,paid_schedule_api,2026-08-24T10:09:55.658257+09:00,,,1,2026-08-24T10:09:55.357212+09:00,2026-08-24T10:09:55.658257+09:00
456f2698d8ef0a250bfd848ddf3b6252,2026-08-13,2026-08-13T22:38:00+09:00,2026-08-13T23:38:00+09:00,hs_gsshopmyshop,GS홈쇼핑 마이샵,[GS단독] 이연복 뼈다귀탕 1.5kg 5팩,이연복 뼈다귀탕 1.5kg 5팩,이연복 뼈다귀탕 1.5kg 5팩,,,,미분류,,식품,1,1389,83201100,,,validated_paid_insert,paid_schedule_api,2026-08-24T10:09:55.658257+09:00,,,1,2026-08-24T10:09:55.357212+09:00,2026-08-24T10:09:55.658257+09:00
536aa24bd3e10fd65f00299eaad0656b,2026-08-13,2026-08-13T22:43:00+09:00,2026-08-13T23:46:00+09:00,hs_nsmallshopplus,NS홈쇼핑 샵플러스,더동진촉촉오징어1,더동진촉촉오징어1,더동진촉촉오징어1,,,,확인필요,더동진촉촉오징어1,식품,1,379,30282100,,,validated_paid_insert,paid_schedule_api,2026-08-24T10:09:55.658257+09:00,,,1,2026-08-24T10:09:55.357212+09:00,2026-08-24T10:09:55.658257+09:00
ac9016f53dcddd6b48919ab8bc0b2a7b,2026-08-13,2026-08-13T22:45:00+09:00,2026-08-13T23:51:00+09:00,hs_nsmall,NS홈쇼핑,꽃게장,꽃게장,꽃게장,,,,확인필요,꽃게장,식품,1,3340,166666000,,,validated_paid_insert,paid_schedule_api,2026-08-24T10:09:55.658257+09:00,,,1,2026-08-24T10:09:55.357212+09:00,2026-08-24T10:09:55.658257+09:00
3704250e74848868846ef1504cb11824,2026-08-13,2026-08-13T22:50:00+09:00,2026-08-13T23:50:00+09:00,hs_gongyoung,공영쇼핑,[안동맛자반] 안동 간잽이가 만든 안동간고등어 大 100g × 28팩,안동 간잽이가 만든 안동간고등어 大 100g × 28팩,안동 간잽이가 만든 안동간고등어 大 100g × 28팩,,,,미분류,,식품,3,1664,66393600,,,validated_paid_insert,paid_schedule_api,2026-08-24T10:09:55.658257+09:00,,,1,2026-08-24T10:09:55.357212+09:00,2026-08-24T10:09:55.658257+09:00
be1bfefacd6c9d5dff20fd58d8a9a01a,2026-08-13,2026-08-13T22:55:00+09:00,2026-08-13T23:55:00+09:00,hs_gsshop,GS홈쇼핑,GNC 비피도 핏 다이어트 유산균 4박스,GNC 비피도 핏 다이어트 유산균 4박스,GNC 비피도 핏 다이어트 유산균 4박스,,,,미분류,,식품,3,564,163731000,,,validated_paid_insert,paid_schedule_api,2026-08-24T10:09:55.658257+09:00,,,1,2026-08-24T10:09:55.357212+09:00,2026-08-24T10:09:55.658257+09:00
932d678dd34f4ebc6d6b45f087c51e4d,2026-08-13,2026-08-13T23:31:00+09:00,2026-08-14T00:00:00+09:00,hs_skstoa,SK스토아,[방송에서만]유기농 아사이베리 2박스(30g*8팩)+1박스(30g*4팩) | 원산지 : 상품정보 참조,유기농 아사이베리 2박스 +1박스 | 원산지 : 상품정보 참조,유기농 아사이베리 2박스 +1박스 | 원산지 : 상품정보 참조,,,,미분류,,식품,1,3,594000,,,validated_paid_insert,paid_schedule_api,2026-08-24T10:09:55.658257+09:00,,,1,2026-08-24T10:09:55.357212+09:00,2026-08-24T10:09:55.658257+09:00
e55aa2bf77fdd75ff7ba93c5c0e812e2,2026-08-13,2026-08-13T23:31:00+09:00,2026-08-14T00:00:00+09:00,hs_skstoa,SK스토아,[방송에서만] 워커힐 닭다리살 직화스테이크 16팩 (허브6+청양6+코코뱅4) | 원산지 : 상품정보 참조,워커힐 닭다리살 직화스테이크 16팩 | 원산지 : 상품정보 참조,워커힐 닭다리살 직화스테이크 16팩 | 원산지 : 상품정보 참조,,,,미분류,,식품,1,346,20725400,,,validated_paid_insert,paid_schedule_api,2026-08-24T10:09:55.658257+09:00,,,1,2026-08-24T10:09:55.357212+09:00,2026-08-24T10:09:55.658257+09:00
46dd91f8c7d93eb04d6817d3a6f3d6c5,2026-08-13,2026-08-13T23:38:00+09:00,2026-08-14T00:39:00+09:00,hs_gsshopmyshop,GS홈쇼핑 마이샵,하이랜드 프레쉬 100% 토마토 착즙 주스 72팩 200ml,하이랜드 프레쉬 100% 토마토 착즙 주스 72팩 200ml,하이랜드 프레쉬 100% 토마토 착즙 주스 72팩 200ml,,,,미분류,,식품,1,616,44906400,,,validated_paid_insert,paid_schedule_api,2026-08-24T10:09:55.658257+09:00,,,1,2026-08-24T10:09:55.357212+09:00,2026-08-24T10:09:55.658257+09:00
a7fb1706fcabba4ee7db5929e9afd4df,2026-08-13,2026-08-13T23:40:00+09:00,2026-08-14T00:43:00+09:00,hs_kshop,KT알파쇼핑,신세계푸드_베키아에누보,신세계푸드_베키아에누보,신세계푸드_베키아에누보,,,,미분류,,식품,1,1381,68911900,,,validated_paid_insert,paid_schedule_api,2026-08-24T10:09:55.658257+09:00,,,1,2026-08-24T10:09:55.357212+09:00,2026-08-24T10:09:55.658257+09:00
6f1955a575abcc347e97dd50b9f5b73d,2026-08-13,2026-08-13T23:43:00+09:00,2026-08-14T00:45:00+09:00,hs_nsmallshopplus,NS홈쇼핑 샵플러스,밤로쉐생율1,밤로쉐생율1,밤로쉐생율1,,,,확인필요,밤로쉐생율1,식품,2,1116,44528400,,,validated_paid_insert,paid_schedule_api,2026-08-24T10:09:55.658257+09:00,,,1,2026-08-24T10:09:55.357212+09:00,2026-08-24T10:09:55.658257+09:00
050d2b556327e01e392e79e6573f6198,2026-08-14,2026-08-14T00:32:00+09:00,2026-08-14T01:32:00+09:00,hs_shopntmall,쇼핑엔티,[세일] 벨기에 유산균+다이어트 트리플러스 6개월분 (12박스),벨기에 유산균+다이어트 트리플러스 6개월분,벨기에 유산균+다이어트 트리플러스 6개월분,,,,미분류,,식품,1,77,6853000,,,validated_paid_insert,paid_schedule_api,2026-08-24T10:09:06.090626+09:00,,,1,2026-08-24T10:09:05.600570+09:00,2026-08-24T10:09:06.090626+09:00
be1766fffadc92d817b73de1986e4cc8,2026-08-14,2026-08-14T00:37:00+09:00,2026-08-14T01:38:00+09:00,hs_shinsegae,신세계쇼핑,(방송 중 최다구성) 데이즈온 파라다이스 그레인 버닝 6+3박스 (18주분),데이즈온 파라다이스 그레인 버닝 6+3박스,데이즈온 파라다이스그레인,데이즈온,다이어트/건강식품,곡물,확정,데이즈온 파라다이스그레인,식품,2,180,43605000,,,validated_paid_insert,paid_schedule_api,2026-08-24T10:09:06.090626+09:00,,,1,2026-08-24T10:09:05.600570+09:00,2026-08-24T10:09:06.090626+09:00
69e329aca4414db575555ea17a315ce0,2026-08-14,2026-08-14T00:40:00+09:00,2026-08-14T01:40:00+09:00,hs_hmallplus,현대홈쇼핑 플러스샵,린찐 삼선 누룽지탕 8팩 + 강황누룽지 8팩 (총 16팩 구성),린찐 삼선 누룽지탕 8팩 + 강황누룽지 8팩,린찐 삼선 누룽지탕 8팩 + 강황누룽지 8팩,,,,확인필요,린찐 삼선 누룽지탕 8팩 + 강황누룽지 8팩,식품,1,369,25793100,,,validated_paid_insert,paid_schedule_api,2026-08-24T10:09:06.090626+09:00,,,1,2026-08-24T10:09:05.600570+09:00,2026-08-24T10:09:06.090626+09:00
0c8fe1c19c1c97315a314028c8ec9d16,2026-08-14,2026-08-14T00:44:00+09:00,2026-08-14T01:45:00+09:00,hs_nsmallshopplus,NS홈쇼핑 샵플러스,굴비1,굴비1,굴비1,,수산물,굴비,확인필요,굴비1,식품,2,336,13406400,,,validated_paid_insert,paid_schedule_api,2026-08-24T10:09:06.090626+09:00,,,1,2026-08-24T10:09:05.600570+09:00,2026-08-24T10:09:06.090626+09:00
0406e6f0127f49826beedcfbdf9f3bcb,2026-08-14,2026-08-14T00:45:00+09:00,2026-08-14T01:45:00+09:00,hs_cjonstyleplus,CJ온스타일 플러스,[방송에서만]올반 바짝오리불고기 17팩 (간장맛8 + 고추장맛9),올반 바짝오리불고기 17팩,올반 바짝오리불고기 17팩,,,,미분류,,식품,2,238,16366200,,,validated_paid_insert,paid_schedule_api,2026-08-24T10:09:06.090626+09:00,,,1,2026-08-24T10:09:05.600570+09:00,2026-08-24T10:09:06.090626+09:00
883fb54498d76b954313a629c697e354,2026-08-14,2026-08-14T00:58:00+09:00,2026-08-14T01:39:00+09:00,hs_gsshopmyshop,GS홈쇼핑 마이샵,온작 이영자의 뼈없는갈비탕 600g X 10팩,온작 이영자의 뼈없는갈비탕 600g X 10팩,온작 이영자의 뼈없는갈비탕 600g X 10팩,,,,미분류,,식품,1,176,10542400,,,validated_paid_insert,paid_schedule_api,2026-08-24T10:09:06.090626+09:00,,,1,2026-08-24T10:09:05.600570+09:00,2026-08-24T10:09:06.090626+09:00
4012c076638d1727eb679fe77f0230c9,2026-08-14,2026-08-14T01:00:00+09:00,2026-08-14T01:51:00+09:00,hs_hmall,현대홈쇼핑,[6+3] 데이즈온 파라다이스 그레인 버닝 총 9박스 (18주분),데이즈온 파라다이스 그레인 버닝 총 9박스,데이즈온 파라다이스그레인,데이즈온,다이어트/건강식품,곡물,확정,데이즈온 파라다이스그레인,식품,2,101,24358000,,,validated_paid_insert,paid_schedule_api,2026-08-24T10:09:06.090626+09:00,,,1,2026-08-24T10:09:05.600570+09:00,2026-08-24T10:09:06.090626+09:00
547d7969e14355b7e3bedc5fd392206b,2026-08-14,2026-08-14T01:00:00+09:00,2026-08-14T02:00:00+09:00,hs_gongyoung,공영쇼핑,고기담은밥상 연탄석쇠불고기 180g x 8팩 (간장맛4팩+고추장맛4팩),고기담은밥상 연탄석쇠불고기 180g x 8팩,고기담은밥상 연탄석쇠불고기 180g x 8팩,,,,미분류,,식품,1,698,19474200,,,validated_paid_insert,paid_schedule_api,2026-08-24T10:09:06.090626+09:00,,,1,2026-08-24T10:09:05.600570+09:00,2026-08-24T10:09:06.090626+09:00
9678a3059af5e823177707870fb5f9fc,2026-08-14,2026-08-14T01:00:00+09:00,2026-08-14T01:30:00+09:00,hs_cjonstyle,CJ온스타일,혼자먹는 남원추어탕.,혼자먹는 남원추어탕.,혼자먹는 남원추어탕.,,,,미분류,,식품,1,152,6064800,,,validated_paid_insert,paid_schedule_api,2026-08-24T10:09:06.090626+09:00,,,1,2026-08-24T10:09:05.600570+09:00,2026-08-24T10:09:06.090626+09:00
b2edfd05a3e3e90a95a2a7478a645063,2026-08-14,2026-08-14T01:20:00+09:00,2026-08-14T02:00:00+09:00,hs_lotteimallonetv,롯데원티비,[지니트레저] ★65프로 킹세일★ [12박스] 알파 슬림핏 알파CD (4 g x 15포 x 12박스),★65프로 킹세일★ 알파 슬림핏 알파CD,★65프로 킹세일★ 알파 슬림핏 알파CD,,,,미분류,,식품,1,32,2889600,,,validated_paid_insert,paid_schedule_api,2026-08-24T10:09:06.090626+09:00,,,1,2026-08-24T10:09:05.600570+09:00,2026-08-24T10:09:06.090626+09:00
0f2b74661127b9ea4b5bae63320063d5,2026-08-14,2026-08-14T01:40:00+09:00,2026-08-14T02:00:00+09:00,hs_hmallplus,현대홈쇼핑 플러스샵,제철 햇 아오리사과 3kg,제철 햇 아오리사과 3kg,제철 햇 아오리사과 3kg,,,,미분류,,식품,1,168,3343200,,,validated_paid_insert,paid_schedule_api,2026-08-24T10:09:06.090626+09:00,,,1,2026-08-24T10:09:05.600570+09:00,2026-08-24T10:09:06.090626+09:00
67a2a82baffe9fbd67f736e4ea893c0c,2026-08-14,2026-08-14T02:00:00+09:00,2026-08-14T03:01:00+09:00,hs_nsmall,NS홈쇼핑,히트상품 앵콜방송 2부,히트상품 앵콜방송 2부,히트상품 앵콜방송 2부,,,,미분류,,식품,4,255,10001100,,,validated_paid_insert,paid_schedule_api,2026-08-24T10:09:06.090626+09:00,,,1,2026-08-24T10:09:05.600570+09:00,2026-08-24T10:09:06.090626+09:00
f8231906d1fb35f6cf82d07e7439f5ca,2026-08-14,2026-08-14T02:00:00+09:00,2026-08-14T02:50:00+09:00,hs_gongyoung,공영쇼핑,2026 제주햇살바람 미니단호박 9kg,2026 제주햇살바람 미니단호박 9kg,2026 제주햇살바람 미니단호박 9kg,,,,미분류,,식품,1,456,12722400,,,validated_paid_insert,paid_schedule_api,2026-08-24T10:09:06.090626+09:00,,,1,2026-08-24T10:09:05.600570+09:00,2026-08-24T10:09:06.090626+09:00
8fd3bae0bda6e8db89f139b45a77a6dd,2026-08-14,2026-08-14T02:05:00+09:00,2026-08-14T02:10:00+09:00,hs_lotteimallonetv,롯데원티비,[김소형원방] 김소형원방 맛있는 보양밥 20팩 (1),김소형원방 맛있는 보양밥 20팩,김소형원방 맛있는 보양밥 20팩,,,,미분류,,식품,1,1,59900,,,validated_paid_insert,paid_schedule_api,2026-08-24T10:09:06.090626+09:00,,,1,2026-08-24T10:09:05.600570+09:00,2026-08-24T10:09:06.090626+09:00
37359e1851ce43a07e8b4180d3de0b78,2026-08-14,2026-08-14T02:25:00+09:00,2026-08-14T02:30:00+09:00,hs_lotteimallonetv,롯데원티비,[김소형원방] 김소형원방 맛있는 보양밥 20팩 (2),김소형원방 맛있는 보양밥 20팩,김소형원방 맛있는 보양밥 20팩,,,,미분류,,식품,1,1,59900,,,validated_paid_insert,paid_schedule_api,2026-08-24T10:09:06.090626+09:00,,,1,2026-08-24T10:09:05.600570+09:00,2026-08-24T10:09:06.090626+09:00
5c834e2aadf999ca22702701cfeee4bf,2026-08-14,2026-08-14T02:31:00+09:00,2026-08-14T03:31:00+09:00,hs_shopntmall,쇼핑엔티,종근당건강 헬씨칸 밀크씨슬 로얄 10개월분 + 2개월분 더!,종근당건강 헬씨칸 밀크씨슬 로얄 10개월분 + 2개월분 더!,종근당건강 헬씨칸 밀크씨슬 로얄 10개월분 + 2개월분 더!,,,,미분류,,식품,1,38,4522000,,,validated_paid_insert,paid_schedule_api,2026-08-24T10:09:06.090626+09:00,,,1,2026-08-24T10:09:05.600570+09:00,2026-08-24T10:09:06.090626+09:00
c6658ef5baa63da4199440958a449575,2026-08-14,2026-08-14T02:45:00+09:00,2026-08-14T02:50:00+09:00,hs_lotteimallonetv,롯데원티비,[김소형원방] 김소형원방 맛있는 보양밥 20팩 (3),김소형원방 맛있는 보양밥 20팩,김소형원방 맛있는 보양밥 20팩,,,,미분류,,식품,1,0,0,,,validated_paid_insert,paid_schedule_api,2026-08-24T10:09:06.090626+09:00,,,1,2026-08-24T10:09:05.600570+09:00,2026-08-24T10:09:06.090626+09:00
c3ac46b6057882f9bd09ac4dd98e4cdf,2026-08-14,2026-08-14T02:50:00+09:00,2026-08-14T03:20:00+09:00,hs_gongyoung,공영쇼핑,[100% 국내산 천연 벌꿀]농협안심특화꿀 헛개꿀1병+아까시꽃꿀 3병 + 때죽 1병,농협안심특화꿀 헛개꿀1병+아까시꽃꿀 3병 + 때죽 1병,농협안심특화꿀 헛개꿀1병+아까시꽃꿀 3병 + 때죽 1병,,,,미분류,,식품,1,106,6349400,,,validated_paid_insert,paid_schedule_api,2026-08-24T10:09:06.090626+09:00,,,1,2026-08-24T10:09:05.600570+09:00,2026-08-24T10:09:06.090626+09:00
727b61ee2be61c1ffb01c1c28d529f3a,2026-08-14,2026-08-14T03:00:00+09:00,2026-08-14T04:01:00+09:00,hs_nsmall,NS홈쇼핑,히트상품 앵콜방송3부,히트상품 앵콜방송3부,히트상품 앵콜방송3부,,,,미분류,,식품,3,43,4170900,,,validated_paid_insert,paid_schedule_api,2026-08-24T10:09:06.090626+09:00,,,1,2026-08-24T10:09:05.600570+09:00,2026-08-24T10:09:06.090626+09:00
b4cde73f4387e361ba3626d338e3fe56,2026-08-14,2026-08-14T03:05:00+09:00,2026-08-14T03:10:00+09:00,hs_lotteimallonetv,롯데원티비,[김소형원방] 김소형원방 맛있는 보양밥 20팩 (1),김소형원방 맛있는 보양밥 20팩,김소형원방 맛있는 보양밥 20팩,,,,미분류,,식품,1,0,0,,,validated_paid_insert,paid_schedule_api,2026-08-24T10:09:06.090626+09:00,,,1,2026-08-24T10:09:05.600570+09:00,2026-08-24T10:09:06.090626+09:00
f70c83db793e859157786d37ce183491,2026-08-14,2026-08-14T03:20:00+09:00,2026-08-14T03:51:00+09:00,hs_gongyoung,공영쇼핑,트리플 콘드로이친 1200+MBP(12박스),트리플 콘드로이친 1200+MBP,트리플 콘드로이친 1200+MBP,,,,미분류,,식품,2,3,954000,,,validated_paid_insert,paid_schedule_api,2026-08-24T10:09:06.090626+09:00,,,1,2026-08-24T10:09:05.600570+09:00,2026-08-24T10:09:06.090626+09:00
f8c684f16977fd115b8c5b4d6eb4c350,2026-08-14,2026-08-14T03:25:00+09:00,2026-08-14T03:30:00+09:00,hs_lotteimallonetv,롯데원티비,[김소형원방] 김소형원방 맛있는 보양밥 20팩 (2),김소형원방 맛있는 보양밥 20팩,김소형원방 맛있는 보양밥 20팩,,,,미분류,,식품,1,0,0,,,validated_paid_insert,paid_schedule_api,2026-08-24T10:09:06.090626+09:00,,,1,2026-08-24T10:09:05.600570+09:00,2026-08-24T10:09:06.090626+09:00
a0a0d2364172360cbea3cf84b75487e1,2026-08-14,2026-08-14T03:40:00+09:00,2026-08-14T04:42:00+09:00,hs_nsmallshopplus,NS홈쇼핑 샵플러스,정성가득ABC주스1,정성가득ABC주스1,정성가득ABC주스1,,,,미분류,,식품,1,158,10981000,,,validated_paid_insert,paid_schedule_api,2026-08-24T10:09:06.090626+09:00,,,1,2026-08-24T10:09:05.600570+09:00,2026-08-24T10:09:06.090626+09:00
d399093c011312b7b36772be48f25929,2026-08-14,2026-08-14T03:40:00+09:00,2026-08-14T03:45:00+09:00,hs_lotteimallonetv,롯데원티비,"[키친스토리] 빅마마 이혜정의 매콤 소갈비찜 7팩 x 500g, 총3.5kg","빅마마 이혜정의 매콤 소갈비찜 7팩 x 500g, 총3.5kg","빅마마 이혜정의 매콤 소갈비찜 7팩 x 500g, 총3.5kg",,,,미분류,,식품,1,1,69900,,,validated_paid_insert,paid_schedule_api,2026-08-24T10:09:06.090626+09:00,,,1,2026-08-24T10:09:05.600570+09:00,2026-08-24T10:09:06.090626+09:00
dcdfafb464b7c5a1b61c7defb9a7fc7d,2026-08-14,2026-08-14T03:55:00+09:00,2026-08-14T04:00:00+09:00,hs_lotteimallonetv,롯데원티비,"[키친스토리] 빅마마 이혜정의 매콤 소갈비찜 7팩 x 500g, 총3.5kg (2)","빅마마 이혜정의 매콤 소갈비찜 7팩 x 500g, 총3.5kg","빅마마 이혜정의 매콤 소갈비찜 7팩 x 500g, 총3.5kg",,,,미분류,,식품,1,2,139800,,,validated_paid_insert,paid_schedule_api,2026-08-24T10:09:06.090626+09:00,,,1,2026-08-24T10:09:05.600570+09:00,2026-08-24T10:09:06.090626+09:00
4099780f7e7d5f0fba34774ad4a2c576,2026-08-14,2026-08-14T04:00:00+09:00,2026-08-14T04:20:00+09:00,hs_hmallplus,현대홈쇼핑 플러스샵,경북 제철 햇 자두 2kg,경북 제철 햇 자두 2kg,경북 제철 햇 자두 2kg,,,,미분류,,식품,1,184,3661600,,,validated_paid_insert,paid_schedule_api,2026-08-24T10:09:06.090626+09:00,,,1,2026-08-24T10:09:05.600570+09:00,2026-08-24T10:09:06.090626+09:00
37caef38628ace7e07663a9e8c654127,2026-08-14,2026-08-14T04:10:00+09:00,2026-08-14T04:15:00+09:00,hs_lotteimallonetv,롯데원티비,"[키친스토리] 빅마마 이혜정의 매콤 소갈비찜 7팩 x 500g, 총3.5kg (3)","빅마마 이혜정의 매콤 소갈비찜 7팩 x 500g, 총3.5kg","빅마마 이혜정의 매콤 소갈비찜 7팩 x 500g, 총3.5kg",,,,미분류,,식품,1,1,69900,,,validated_paid_insert,paid_schedule_api,2026-08-24T10:09:06.090626+09:00,,,1,2026-08-24T10:09:05.600570+09:00,2026-08-24T10:09:06.090626+09:00
c9331f8002f848f0376842444e9178d9,2026-08-14,2026-08-14T04:13:00+09:00,2026-08-14T04:35:00+09:00,hs_kshop,KT알파쇼핑,홈스랑_강원나물밥,홈스랑_강원나물밥,홈스랑_강원나물밥,,,,미분류,,식품,1,79,3152100,,,validated_paid_insert,paid_schedule_api,2026-08-24T10:09:06.090626+09:00,,,1,2026-08-24T10:09:05.600570+09:00,2026-08-24T10:09:06.090626+09:00
c30bba33660a0d11c53d5c6e50e27850,2026-08-14,2026-08-14T04:19:00+09:00,2026-08-14T04:30:00+09:00,hs_shinsegae,신세계쇼핑,[방송에서만] 한끼든든 장어탕 350g x 8팩 + 1팩 더 (총 9팩),한끼든든 장어탕 350g x 8팩 + 1팩 더,한끼든든 장어탕 350g x 8팩 + 1팩 더,,,,미분류,,식품,2,18,898200,,,validated_paid_insert,paid_schedule_api,2026-08-24T10:09:06.090626+09:00,,,1,2026-08-24T10:09:05.600570+09:00,2026-08-24T10:09:06.090626+09:00
184a208aaeb4166008ce13441f575852,2026-08-14,2026-08-14T04:25:00+09:00,2026-08-14T04:30:00+09:00,hs_lotteimallonetv,롯데원티비,"[키친스토리] 빅마마 이혜정의 매콤 소갈비찜 7팩 x 500g, 총3.5kg","빅마마 이혜정의 매콤 소갈비찜 7팩 x 500g, 총3.5kg","빅마마 이혜정의 매콤 소갈비찜 7팩 x 500g, 총3.5kg",,,,미분류,,식품,1,1,69900,,,validated_paid_insert,paid_schedule_api,2026-08-24T10:09:06.090626+09:00,,,1,2026-08-24T10:09:05.600570+09:00,2026-08-24T10:09:06.090626+09:00
02d7fa5921b9324643455c70aaf6f0cb,2026-08-14,2026-08-14T04:30:00+09:00,2026-08-14T05:30:00+09:00,hs_shinsegae,신세계쇼핑,[유지인pick!] 미녀의 콜라겐 양태반 360포 (2.5g x 30포 x 12Box)(직),미녀의 콜라겐 양태반 360포,미녀의 콜라겐 양태반 360포,,,,미분류,,식품,1,201,19899000,,,validated_paid_insert,paid_schedule_api,2026-08-24T10:09:06.090626+09:00,,,1,2026-08-24T10:09:05.600570+09:00,2026-08-24T10:09:06.090626+09:00
2cb7f430e8c8555e88d5815a3e0d243a,2026-08-14,2026-08-14T04:30:00+09:00,2026-08-14T05:21:00+09:00,hs_hmall,현대홈쇼핑,[총 3.5kg] 2026년 경북산 청결 햇 고춧가루 3kg(500g 6팩) + 청양 고춧가루 500g 1팩,2026년 경북산 청결 햇 고춧가루 3kg + 청양 고춧가루 500g 1팩,2026년 경북산 청결 햇 고춧가루 3kg + 청양 고춧가루 500g 1팩,,,,미분류,,식품,3,353,37501200,,,validated_paid_insert,paid_schedule_api,2026-08-24T10:09:06.090626+09:00,,,1,2026-08-24T10:09:05.600570+09:00,2026-08-24T10:09:06.090626+09:00
447a59fb07a8fc9e2268688e4969acb0,2026-08-14,2026-08-14T04:40:00+09:00,2026-08-14T04:45:00+09:00,hs_lotteimallonetv,롯데원티비,"[키친스토리] 빅마마 이혜정의 매콤 소갈비찜 7팩 x 500g, 총3.5kg (2)","빅마마 이혜정의 매콤 소갈비찜 7팩 x 500g, 총3.5kg","빅마마 이혜정의 매콤 소갈비찜 7팩 x 500g, 총3.5kg",,,,미분류,,식품,1,0,0,,,validated_paid_insert,paid_schedule_api,2026-08-24T10:09:06.090626+09:00,,,1,2026-08-24T10:09:05.600570+09:00,2026-08-24T10:09:06.090626+09:00
4d1cf52520c3e4ac57935d4205e269a6,2026-08-14,2026-08-14T04:55:00+09:00,2026-08-14T05:15:00+09:00,hs_lotteimallonetv,롯데원티비,[5박스] 김오곤 원장의 한방 다이어트 환 (5 g x 28포 x 5박스),김오곤 원장의 한방 다이어트 환,김오곤 원장의 한방 다이어트 환,김오곤,다이어트,한방 환,확정,김오곤 원장의 한방 다이어트 환,식품,1,1,198000,,,validated_paid_insert,paid_schedule_api,2026-08-24T10:09:06.090626+09:00,,,1,2026-08-24T10:09:05.600570+09:00,2026-08-24T10:09:06.090626+09:00
b724aaca145b4f95c225b42277c61f93,2026-08-14,2026-08-14T05:00:00+09:00,2026-08-14T05:41:00+09:00,hs_nsmall,NS홈쇼핑,오한진백세알부민,오한진백세알부민,오한진백세알부민,,,,확인필요,오한진백세알부민,식품,3,52,13416000,,,validated_paid_insert,paid_schedule_api,2026-08-24T10:09:06.090626+09:00,,,1,2026-08-24T10:09:05.600570+09:00,2026-08-24T10:09:06.090626+09:00
af0ec8e683418e2cc0697717b3ac89fb,2026-08-14,2026-08-14T05:15:00+09:00,2026-08-14T05:45:00+09:00,hs_cjonstyleplus,CJ온스타일 플러스,"[1촌1명품]숙성 귀리쌀,숙성현미세트","숙성 귀리쌀,숙성현미세트","숙성 귀리쌀,숙성현미세트",,,,확인필요,"숙성 귀리쌀,숙성현미세트",식품,1,213,5303700,,,validated_paid_insert,paid_schedule_api,2026-08-24T10:09:06.090626+09:00,,,1,2026-08-24T10:09:05.600570+09:00,2026-08-24T10:09:06.090626+09:00
c68e0406b6af199184c3ddcc121971a3,2026-08-14,2026-08-14T05:15:00+09:00,2026-08-14T06:15:00+09:00,hs_lotteimall,롯데홈쇼핑,"[뉴트리코어] ○방송에서만[12+6개월]뉴트리코어 하이퍼셀 코엔자임 Q10 맥스 18박스(1박스:1,000mgX30캡슐","○방송에서만 뉴트리코어 하이퍼셀 코엔자임 Q10 맥스 18박스(1박스:1,000mgX30캡슐","○방송에서만 뉴트리코어 하이퍼셀 코엔자임 Q10 맥스 18박스(1박스:1,000mgX30캡슐",,,,확인필요,"○방송에서만 뉴트리코어 하이퍼셀 코엔자임 Q10 맥스 18박스(1박스:1,000mgX30캡슐",식품,2,136,33304000,,,validated_paid_insert,paid_schedule_api,2026-08-24T10:09:06.090626+09:00,,,1,2026-08-24T10:09:05.600570+09:00,2026-08-24T10:09:06.090626+09:00
2a04f27993d919bc74ee1ea485f99169,2026-08-14,2026-08-14T05:30:00+09:00,2026-08-14T06:01:00+09:00,hs_gsshop,GS홈쇼핑,더찬가 밥상차림세트 된장스톡 300g 2팩 매실장아찌 300g 1팩,더찬가 밥상차림세트 된장스톡 300g 2팩 매실장아찌 300g 1팩,더찬가 밥상차림세트 된장스톡 300g 2팩 매실장아찌 300g 1팩,,,,미분류,,식품,1,105,4189500,,,validated_paid_insert,paid_schedule_api,2026-08-24T10:09:06.090626+09:00,,,1,2026-08-24T10:09:05.600570+09:00,2026-08-24T10:09:06.090626+09:00
826ee2d96768fdc2bcbea625022ae8b1,2026-08-14,2026-08-14T05:30:00+09:00,2026-08-14T06:31:00+09:00,hs_shinsegae,신세계쇼핑,[세일] 그레인온 골드 카무트효소 12박스 +파로 5봉 +필리니 파로면 4봉,그레인온 골드 카무트효소 12박스 +파로 5봉 +필리니 파로면 4봉,그레인온 골드 카무트효소 12박스 +파로 5봉 +필리니 파로면 4봉,,,,미분류,,식품,3,214,43442000,,,validated_paid_insert,paid_schedule_api,2026-08-24T10:09:06.090626+09:00,,,1,2026-08-24T10:09:05.600570+09:00,2026-08-24T10:09:06.090626+09:00
096298b08aa65092131fb5aa5e27e05e,2026-08-14,2026-08-14T05:35:00+09:00,2026-08-14T05:55:00+09:00,hs_gsshopmyshop,GS홈쇼핑 마이샵,한생원 천연 육수팩 4팩(해물2 해장2) 천연버섯소금3종,한생원 천연 육수팩 4팩 천연버섯소금3종,한생원 천연 육수팩 4팩 천연버섯소금3종,,,,미분류,,식품,1,29,1012100,,,validated_paid_insert,paid_schedule_api,2026-08-24T10:09:06.090626+09:00,,,1,2026-08-24T10:09:05.600570+09:00,2026-08-24T10:09:06.090626+09:00
9e652487c0f609333abf358cab0b5770,2026-08-14,2026-08-14T05:35:00+09:00,2026-08-14T05:40:00+09:00,hs_lotteimallonetv,롯데원티비,[태현] 알뜰 못난이 보조개 초록사과 3kg,알뜰 못난이 보조개 초록사과 3kg,알뜰 못난이 보조개 초록사과 3kg,,,,미분류,,식품,1,2,39800,,,validated_paid_insert,paid_schedule_api,2026-08-24T10:09:06.090626+09:00,,,1,2026-08-24T10:09:05.600570+09:00,2026-08-24T10:09:06.090626+09:00
489b1cde579242f47167a97725666a56,2026-08-14,2026-08-14T05:40:00+09:00,2026-08-14T06:31:00+09:00,hs_nsmall,NS홈쇼핑,두뇌엔닥터PS,두뇌엔닥터PS,두뇌엔 닥터PS,두뇌엔,건강식품/두뇌·인지,포스파티딜세린,확정,두뇌엔닥터PS,식품,3,196,82056000,,,validated_paid_insert,paid_schedule_api,2026-08-24T10:09:06.090626+09:00,,,1,2026-08-24T10:09:05.600570+09:00,2026-08-24T10:09:06.090626+09:00
ed3390ba26898d1dfdbe1d0d46774ab1,2026-08-14,2026-08-14T05:41:00+09:00,2026-08-14T06:42:00+09:00,hs_nsmallshopplus,NS홈쇼핑 샵플러스,멸치세트1,멸치세트1,멸치세트1,,,,미분류,,식품,1,782,23381800,,,validated_paid_insert,paid_schedule_api,2026-08-24T10:09:06.090626+09:00,,,1,2026-08-24T10:09:05.600570+09:00,2026-08-24T10:09:06.090626+09:00
47f535d71f74fd332a3b23685d92dfbc,2026-08-14,2026-08-14T06:00:00+09:00,2026-08-14T07:15:00+09:00,hs_gsshop,GS홈쇼핑,보넬드 당근주스 (100% 착즙 / 무설탕) 1L 큰병이 무려 12병,보넬드 당근주스 1L 큰병이 무려 12병,보넬드 아이엠 당근주스,보넬드,과채주스,당근,확정,보넬드당근주스,식품,1,1383,136917000,,,validated_paid_insert,paid_schedule_api,2026-08-24T10:09:06.090626+09:00,,,1,2026-08-24T10:09:05.600570+09:00,2026-08-24T10:09:06.090626+09:00
59b1beba61c686187cfaf859aa046f30,2026-08-14,2026-08-14T06:00:00+09:00,2026-08-14T06:20:00+09:00,hs_hmallplus,현대홈쇼핑 플러스샵,알파CD 원데이핏 알파시클로덱스트린 난소화성말토덱스트린 14포 6+6박스 총 168포,알파CD 원데이핏 알파시클로덱스트린 난소화성말토덱스트린 14포 6+6박스 총 168포,알파CD 원데이핏 알파시클로덱스트린 난소화성말토덱스트린 14포 6+6박스 총 168포,,,,미분류,,식품,2,121,6042900,,,validated_paid_insert,paid_schedule_api,2026-08-24T10:09:06.090626+09:00,,,1,2026-08-24T10:09:05.600570+09:00,2026-08-24T10:09:06.090626+09:00
7f00dbd3ebaa9ca675c11b4a3ae4a51c,2026-08-14,2026-08-14T06:15:00+09:00,2026-08-14T07:16:00+09:00,hs_hmall,현대홈쇼핑,[방송에서만]뉴트리코어 관절엔 DEM 디이엠 12개월분,뉴트리코어 관절엔 DEM 디이엠 12개월분,뉴트리코어 관절엔 DEM 디이엠 12개월분,,,,미분류,,식품,2,110,66243000,,,validated_paid_insert,paid_schedule_api,2026-08-24T10:09:06.090626+09:00,,,1,2026-08-24T10:09:05.600570+09:00,2026-08-24T10:09:06.090626+09:00
42270f121d6da1904415ebf3d2b48bcc,2026-08-14,2026-08-14T06:30:00+09:00,2026-08-14T07:31:00+09:00,hs_nsmall,NS홈쇼핑,두뇌엔닥터PS 2부,두뇌엔닥터PS 2부,두뇌엔 닥터PS,두뇌엔,건강식품/두뇌·인지,포스파티딜세린,확정,두뇌엔닥터PS,식품,3,227,94960000,,,validated_paid_insert,paid_schedule_api,2026-08-24T10:09:06.090626+09:00,,,1,2026-08-24T10:09:05.600570+09:00,2026-08-24T10:09:06.090626+09:00
4e080d900e1a6f241172035e5f21cea8,2026-08-14,2026-08-14T06:31:00+09:00,2026-08-14T07:31:00+09:00,hs_skstoa,SK스토아,(방송에서만 50프로세일)●골드 카무트효소 10박스 + 파로 280g X 3봉 + 파로효소캡슐레이션 1박스● | 원산지 : 상품정보 참조,●골드 카무트효소 10박스 + 파로 280g X 3봉 + 파로효소캡슐레이션 1박스● | 원산지 : 상품정보 참조,●골드 카무트효소 10박스 + 파로 280g X 3봉 + 파로효소캡슐레이션 1박스● | 원산지 : 상품정보 참조,,,,미분류,,식품,1,336,58800000,,,validated_paid_insert,paid_schedule_api,2026-08-24T10:09:06.090626+09:00,,,1,2026-08-24T10:09:05.600570+09:00,2026-08-24T10:09:06.090626+09:00
de63d61ebcd93055f68fbcb725eb6a56,2026-08-14,2026-08-14T06:36:00+09:00,2026-08-14T07:36:00+09:00,hs_gsshopmyshop,GS홈쇼핑 마이샵,두뇌엔 닥터 PS MAX 포스파티딜세린 10개월분,두뇌엔 닥터 PS MAX 포스파티딜세린 10개월분,두뇌엔 닥터PS,두뇌엔,건강식품/두뇌·인지,포스파티딜세린,확정,두뇌엔닥터PS,식품,3,73,33572000,,,validated_paid_insert,paid_schedule_api,2026-08-24T10:09:06.090626+09:00,,,1,2026-08-24T10:09:05.600570+09:00,2026-08-24T10:09:06.090626+09:00
952b31dd0ebe6c18d1fe831e0c8e6ccf,2026-08-14,2026-08-14T06:45:00+09:00,2026-08-14T07:45:00+09:00,hs_cjonstyleplus,CJ온스타일 플러스,[방송에서만 세일] 관절팔팔 초록입홍합추출오일 10박스 10개월분,관절팔팔 초록입홍합추출오일 10박스 10개월분,관절팔팔 초록입홍합추출오일 10박스 10개월분,,,,미분류,,식품,2,40,17460000,,,validated_paid_insert,paid_schedule_api,2026-08-24T10:09:06.090626+09:00,,,1,2026-08-24T10:09:05.600570+09:00,2026-08-24T10:09:06.090626+09:00
cc56b7c81b766c4bdf7092fe0de184bd,2026-08-14,2026-08-14T07:15:00+09:00,2026-08-14T08:15:00+09:00,hs_lotteimall,롯데홈쇼핑,[아나파랙틴] ● [9박스+패치 3박스]관절엔 아나파랙틴 9박스+아나파랙틴 패치 3박스,● 관절엔 아나파랙틴 9박스+아나파랙틴 패치 3박스,● 관절엔 아나파랙틴 9박스+아나파랙틴 패치 3박스,,,,미분류,,식품,3,88,26462000,,,validated_paid_insert,paid_schedule_api,2026-08-24T10:09:06.090626+09:00,,,1,2026-08-24T10:09:05.600570+09:00,2026-08-24T10:09:06.090626+09:00
1c0fca288c835dbf8ebb261031120e09,2026-08-14,2026-08-14T07:31:00+09:00,2026-08-14T08:32:00+09:00,hs_shinsegae,신세계쇼핑,[방송중 더블+효소3] 카사베르디 유기농 레드와인비니거 6병+2병 + 휴대용기 + 카무트효소G 3박스,카사베르디 유기농 레드와인비니거 6병+2병 + 휴대용기 + 카무트효소G 3박스,카사베르디 유기농 레드와인비니거 6병+2병 + 휴대용기 + 카무트효소G 3박스,,,,미분류,,식품,4,540,69100000,,,validated_paid_insert,paid_schedule_api,2026-08-24T10:09:06.090626+09:00,,,1,2026-08-24T10:09:05.600570+09:00,2026-08-24T10:09:06.090626+09:00
866569f920d36ccc4a8ab3a0f9879f9c,2026-08-14,2026-08-14T07:40:00+09:00,2026-08-14T08:40:00+09:00,hs_hmallplus,현대홈쇼핑 플러스샵,-[에이스바이옴] 패밀리세트 비에날씬 (BNR17)12박스+비에날프로틴 3박스,- 패밀리세트 비에날씬 12박스+비에날프로틴 3박스,- 패밀리세트 비에날씬 12박스+비에날프로틴 3박스,,,,미분류,,식품,3,132,78405000,,,validated_paid_insert,paid_schedule_api,2026-08-24T10:09:06.090626+09:00,,,1,2026-08-24T10:09:05.600570+09:00,2026-08-24T10:09:06.090626+09:00
5c94e2667a2b3cee3963c8fc4b9d637d,2026-08-14,2026-08-14T07:41:00+09:00,2026-08-14T08:42:00+09:00,hs_nsmallshopplus,NS홈쇼핑 샵플러스,리고땅콩스프레드1,리고땅콩스프레드1,리고땅콩스프레드1,,,,미분류,,식품,1,974,32629000,,,validated_paid_insert,paid_schedule_api,2026-08-24T10:09:06.090626+09:00,,,1,2026-08-24T10:09:05.600570+09:00,2026-08-24T10:09:06.090626+09:00
4003fc56b07f42375776cc0c50a11a10,2026-08-14,2026-08-14T08:15:00+09:00,2026-08-14T09:25:00+09:00,hs_hnsmall,홈앤쇼핑,[50%세일][KAMUT]골드카무트 효소 11박스+파로 5봉+파로 파스타 4봉,골드카무트 효소 11박스+파로 5봉+파로 파스타 4봉,골드카무트 효소 11박스+파로 5봉+파로 파스타 4봉,,,,미분류,,식품,1,776,140844000,,,validated_paid_insert,paid_schedule_api,2026-08-24T10:09:06.090626+09:00,,,1,2026-08-24T10:09:05.600570+09:00,2026-08-24T10:09:06.090626+09:00
eceff1a1e6c1c9b844d01237a3d0588d,2026-08-14,2026-08-14T08:15:00+09:00,2026-08-14T09:20:00+09:00,hs_cjonstyle,CJ온스타일,[방송에서만]갱년기엔 ERr731 10박스+2박스 더,갱년기엔 ERr731 10박스+2박스 더,갱년기엔 ERr731 10박스+2박스 더,,,,미분류,,식품,2,409,132632000,,,validated_paid_insert,paid_schedule_api,2026-08-24T10:09:06.090626+09:00,,,1,2026-08-24T10:09:05.600570+09:00,2026-08-24T10:09:06.090626+09:00
84c596c52465a7735c2de694acc023e3,2026-08-14,2026-08-14T08:30:00+09:00,2026-08-14T09:36:00+09:00,hs_nsmall,NS홈쇼핑,이시형마그네슘,이시형마그네슘,이시형 박사의 인생 마그네슘,이시형,영양제/미네랄,마그네슘,확정,이시형마그네슘,식품,3,402,111477000,,,validated_paid_insert,paid_schedule_api,2026-08-24T10:09:06.090626+09:00,,,1,2026-08-24T10:09:05.600570+09:00,2026-08-24T10:09:06.090626+09:00
f510931eb1fd018100f9a8e2bdd29b00,2026-08-14,2026-08-14T08:35:00+09:00,2026-08-14T09:35:00+09:00,hs_shopntmall,쇼핑엔티,[50％세일] 닥터린 콘드로이친1200 콘레이티+MBP 12개월분 + 비타민K2 2박스,닥터린 콘드로이친1200 콘레이티+MBP 12개월분 + 비타민K2 2박스,닥터린 콘드로이친1200 콘레이티+MBP 12개월분 + 비타민K2 2박스,,,,미분류,,식품,2,199,31565500,,,validated_paid_insert,paid_schedule_api,2026-08-24T10:09:06.090626+09:00,,,1,2026-08-24T10:09:05.600570+09:00,2026-08-24T10:09:06.090626+09:00
76630d6fbfbbd14cea799858158219a3,2026-08-14,2026-08-14T08:41:00+09:00,2026-08-14T09:42:00+09:00,hs_nsmallshopplus,NS홈쇼핑 샵플러스,고춧가루1,고춧가루1,고춧가루1,,조미식품,고추,확인필요,고춧가루1,식품,2,348,36799200,,,validated_paid_insert,paid_schedule_api,2026-08-24T10:09:06.090626+09:00,,,1,2026-08-24T10:09:05.600570+09:00,2026-08-24T10:09:06.090626+09:00
aeac1b8f923cb7151a505ff84179c7d2,2026-08-14,2026-08-14T09:20:00+09:00,2026-08-14T10:25:00+09:00,hs_cjonstyle,CJ온스타일,[최신상] 여에스더 리포좀 NMN 울트라X 12+4박스,여에스더 리포좀 NMN 울트라X 12+4박스,여에스더 리포좀 NMN 울트라X,여에스더,건강식품/NMN,NMN,확정,여에스더 리포좀 NMN 울트라X,식품,2,362,113759000,,,validated_paid_insert,paid_schedule_api,2026-08-24T10:09:06.090626+09:00,,,1,2026-08-24T10:09:05.600570+09:00,2026-08-24T10:09:06.090626+09:00
054d96b1d4c539f0fc8292f27dc2459e,2026-08-14,2026-08-14T09:25:00+09:00,2026-08-14T10:25:00+09:00,hs_gsshop,GS홈쇼핑,[프롬바이오] 위엔 매스틱 24주,위엔 매스틱 24주,위엔 매스틱 24주,,,,미분류,,식품,3,242,138306000,,,validated_paid_insert,paid_schedule_api,2026-08-24T10:09:06.090626+09:00,,,1,2026-08-24T10:09:05.600570+09:00,2026-08-24T10:09:06.090626+09:00
15e1e7de238fbea903712a295037ee5a,2026-08-14,2026-08-14T09:35:00+09:00,2026-08-14T10:36:00+09:00,hs_nsmall,NS홈쇼핑,오한진백세알부민 2부,오한진백세알부민 2부,오한진백세알부민 2부,,,,미분류,,식품,3,325,83205000,,,validated_paid_insert,paid_schedule_api,2026-08-24T10:09:06.090626+09:00,,,1,2026-08-24T10:09:05.600570+09:00,2026-08-24T10:09:06.090626+09:00
42903b2749838fc5049b6f36981aeea7,2026-08-14,2026-08-14T09:35:00+09:00,2026-08-14T10:34:00+09:00,hs_shopntmall,쇼핑엔티,[초특가] 대원제약 아스타잔틴 루테인지아잔틴(아스타루지) 20개월분 + 저압냄비,대원제약 아스타잔틴 루테인지아잔틴 20개월분 + 저압냄비,대원제약 아스타잔틴 루테인지아잔틴 20개월분 + 저압냄비,,,,미분류,,식품,1,310,42780000,,,validated_paid_insert,paid_schedule_api,2026-08-24T10:09:06.090626+09:00,,,1,2026-08-24T10:09:05.600570+09:00,2026-08-24T10:09:06.090626+09:00
0c1a38d913fb7c522a7164e6544cc61e,2026-08-14,2026-08-14T10:25:00+09:00,2026-08-14T11:35:00+09:00,hs_gongyoung,공영쇼핑,[해담]제주 갈치 160g * 15팩 (45토막) + 굴비 700g * 1팩 (10마리),제주 갈치 160g * 15팩 + 굴비 700g * 1팩,제주 갈치 160g * 15팩 + 굴비 700g * 1팩,,,,미분류,,식품,1,2746,137025400,,,validated_paid_insert,paid_schedule_api,2026-08-24T10:09:06.090626+09:00,,,1,2026-08-24T10:09:05.600570+09:00,2026-08-24T10:09:06.090626+09:00
b0d612690ce91ba6ad3ff61d0adfb694,2026-08-14,2026-08-14T10:31:00+09:00,2026-08-14T11:31:00+09:00,hs_skstoa,SK스토아,(방송에서만 50프로세일)★골드 파로효소 캡슐레이션 10박스 + 무선 텀블러 블렌더★ | 원산지 : 상품정보 참조,★골드 파로효소 캡슐레이션 10박스 + 무선 텀블러 블렌더★ | 원산지 : 상품정보 참조,골드 파로효소,,건강식품/효소,효소,확정,골드파로효소,식품,1,721,129059000,,,validated_paid_insert,paid_schedule_api,2026-08-24T10:09:06.090626+09:00,,,1,2026-08-24T10:09:05.600570+09:00,2026-08-24T10:09:06.090626+09:00
5f171320a515cd5cbd497a7305aab788,2026-08-14,2026-08-14T10:35:00+09:00,2026-08-14T11:41:00+09:00,hs_nsmall,NS홈쇼핑,이경제통녹용사슴진액,이경제통녹용사슴진액,이경제통녹용사슴진액,,,,미분류,,식품,2,216,71064000,,,validated_paid_insert,paid_schedule_api,2026-08-24T10:09:06.090626+09:00,,,1,2026-08-24T10:09:05.600570+09:00,2026-08-24T10:09:06.090626+09:00
92420d4ae0a764d8f66ddcbfd39c6c09,2026-08-14,2026-08-14T10:35:00+09:00,2026-08-14T11:34:00+09:00,hs_shopntmall,쇼핑엔티,[방송에서만 2팩 더!!] 김하진 궁중 한우 도가니수육탕 700g × 10팩 + 700g × 2팩 (총 12팩)_실온보관,김하진 궁중 한우 도가니수육탕 700g × 10팩 + 700g × 2팩 _실온보관,김하진 궁중 한우 도가니수육탕 700g × 10팩 + 700g × 2팩 _실온보관,,,,확인필요,김하진 궁중 한우 도가니수육탕 700g × 10팩 + 700g × 2팩 _실온보관,식품,1,927,55527300,,,validated_paid_insert,paid_schedule_api,2026-08-24T10:09:06.090626+09:00,,,1,2026-08-24T10:09:05.600570+09:00,2026-08-24T10:09:06.090626+09:00
dc934b5e9bd70045b7305634f28273ec,2026-08-14,2026-08-14T10:40:00+09:00,2026-08-14T11:40:00+09:00,hs_hmallplus,현대홈쇼핑 플러스샵,2026년 햇 경북산 청결 고춧가루 3kg(500g 6팩) + 청양 고춧가루 500g 1팩,2026년 햇 경북산 청결 고춧가루 3kg + 청양 고춧가루 500g 1팩,2026년 햇 경북산 청결 고춧가루 3kg + 청양 고춧가루 500g 1팩,,,,미분류,,식품,3,531,55469700,,,validated_paid_insert,paid_schedule_api,2026-08-24T10:09:06.090626+09:00,,,1,2026-08-24T10:09:05.600570+09:00,2026-08-24T10:09:06.090626+09:00
07845e344aa006f72190122f8775b223,2026-08-14,2026-08-14T10:41:00+09:00,2026-08-14T11:43:00+09:00,hs_nsmallshopplus,NS홈쇼핑 샵플러스,명란1,명란1,명란1,,,,미분류,,식품,5,1047,57587900,,,validated_paid_insert,paid_schedule_api,2026-08-24T10:09:06.090626+09:00,,,1,2026-08-24T10:09:05.600570+09:00,2026-08-24T10:09:06.090626+09:00
30d9ccb4fa01c39292f5a1cb47116dde,2026-08-14,2026-08-14T11:32:00+09:00,2026-08-14T12:33:00+09:00,hs_shinsegae,신세계쇼핑,*최신상* [방송중 +3박스] 이시형 박사의 인생 마그네슘 영양제 6+3박스 / 총 9박스,*최신상* 이시형 박사의 인생 마그네슘 영양제 6+3박스 / 총 9박스,이시형 박사의 인생 마그네슘,이시형,영양제/미네랄,마그네슘,확정,이시형 박사의 인생 마그네슘 영양제,식품,3,362,100544000,,,validated_paid_insert,paid_schedule_api,2026-08-24T10:09:06.090626+09:00,,,1,2026-08-24T10:09:05.600570+09:00,2026-08-24T10:09:06.090626+09:00
685f9d1a415f699c2d3611f46e74ab9f,2026-08-14,2026-08-14T11:34:00+09:00,2026-08-14T12:34:00+09:00,hs_shopntmall,쇼핑엔티,[방송에서만 1팩 더][만블링] 한우 1++ No.9 150g x 9팩 (총 1.35kg),한우 1++ No.9 150g x 9팩,한우 1++ No.9 150g x 9팩,,,,확인필요,한우 1++ No.9 150g x 9팩,식품,1,651,52014900,,,validated_paid_insert,paid_schedule_api,2026-08-24T10:09:06.090626+09:00,,,1,2026-08-24T10:09:05.600570+09:00,2026-08-24T10:09:06.090626+09:00
4409234759d2f7ab24c66f3526f1df0e,2026-08-14,2026-08-14T11:35:00+09:00,2026-08-14T11:56:00+09:00,hs_hmall,현대홈쇼핑,말랑노가리 70미(140g X 7팩 / 팩당 10미),말랑노가리 70미,말랑노가리 70미,,,,미분류,,식품,1,886,44211400,,,validated_paid_insert,paid_schedule_api,2026-08-24T10:09:06.090626+09:00,,,1,2026-08-24T10:09:05.600570+09:00,2026-08-24T10:09:06.090626+09:00
5a0ec720fd19efeb1ffd1d4abd81874e,2026-08-14,2026-08-14T11:35:00+09:00,2026-08-14T12:35:00+09:00,hs_lotteimall,롯데홈쇼핑,[50프로 SALE]영라뉴 장용성 파비플로라 PRO 다이어트 24주분 (440 mgx14 캡슐x12박스),영라뉴 장용성 파비플로라 PRO 다이어트 24주분,영라뉴 장용성 파비플로라 PRO 다이어트 24주분,,,,미분류,,식품,2,346,58474000,,,validated_paid_insert,paid_schedule_api,2026-08-24T10:09:06.090626+09:00,,,1,2026-08-24T10:09:05.600570+09:00,2026-08-24T10:09:06.090626+09:00
96c1863a8673fe6d3ab40cb896d5d123,2026-08-14,2026-08-14T11:35:00+09:00,2026-08-14T12:35:00+09:00,hs_cjonstyle,CJ온스타일,[방송에서만 세일]시서스 필 다이어트 6박스 (168정/24주분),시서스 필 다이어트 6박스,시서스 필 다이어트,,다이어트,시서스,확정,시서스 필 다이어트,식품,2,296,58209000,,,validated_paid_insert,paid_schedule_api,2026-08-24T10:09:06.090626+09:00,,,1,2026-08-24T10:09:05.600570+09:00,2026-08-24T10:09:06.090626+09:00
f5ecb930f9ec19edccb5853e001ee15b,2026-08-14,2026-08-14T11:36:00+09:00,2026-08-14T12:36:00+09:00,hs_gsshopmyshop,GS홈쇼핑 마이샵,뉴온 시서스 필 다이어트 4박스,뉴온 시서스 필 다이어트 4박스,뉴온 시서스 필 다이어트,뉴온,다이어트,시서스,확정,뉴온 시서스 필 다이어트,식품,2,128,19089200,,,validated_paid_insert,paid_schedule_api,2026-08-24T10:09:06.090626+09:00,,,1,2026-08-24T10:09:05.600570+09:00,2026-08-24T10:09:06.090626+09:00
42b0079e12eb467588511229140e73ca,2026-08-14,2026-08-14T11:40:00+09:00,2026-08-14T12:40:00+09:00,hs_lotteimallonetv,롯데원티비,"[삼육두유] 삼육두유 검은콩과 칼슘 60팩 +검은콩 호두와 아몬드 40팩, 총100팩","삼육두유 검은콩과 칼슘 60팩 +검은콩 호두와 아몬드 40팩, 총100팩","삼육두유 검은콩과 칼슘 60팩 +검은콩 호두와 아몬드 40팩, 총100팩",,,,미분류,,식품,1,137,7521300,,,validated_paid_insert,paid_schedule_api,2026-08-24T10:09:06.090626+09:00,,,1,2026-08-24T10:09:05.600570+09:00,2026-08-24T10:09:06.090626+09:00
8d223385207bcca75255ae79f3db9134,2026-08-14,2026-08-14T11:40:00+09:00,2026-08-14T12:36:00+09:00,hs_nsmall,NS홈쇼핑,비에날씬프로,비에날씬프로,비에날씬 프로,비에날씬,다이어트 유산균,BNR17 유산균,확정,비에날씬프로,식품,24,171,79162560,,,validated_paid_insert,paid_schedule_api,2026-08-24T10:09:06.090626+09:00,,,1,2026-08-24T10:09:05.600570+09:00,2026-08-24T10:09:06.090626+09:00
3ccaa72f4983f82c65ec709af3395ea9,2026-08-14,2026-08-14T12:31:00+09:00,2026-08-14T13:31:00+09:00,hs_skstoa,SK스토아,"(방송에서만 반값세일, 저당밥솥 추가구성) 종근당건강 당케어프로 12개월분 | 원산지 : 상품정보 참조",종근당건강 당케어프로 12개월분 | 원산지 : 상품정보 참조,종근당건강 당케어프로,종근당건강,건강식품/혈당관리,,확정,종근당건강 당케어프로,식품,1,101,13029000,,,validated_paid_insert,paid_schedule_api,2026-08-24T10:09:06.090626+09:00,,,1,2026-08-24T10:09:05.600570+09:00,2026-08-24T10:09:06.090626+09:00
e7aa1a5bf0bce933740ac56d3b308b8f,2026-08-14,2026-08-14T12:35:00+09:00,2026-08-14T13:30:00+09:00,hs_gsshop,GS홈쇼핑,베러밀 단백질 쉐이크 4팩+방송에서만 1팩 더(총35포),베러밀 단백질 쉐이크 4팩+방송에서만 1팩 더,베러밀 단백질 쉐이크 4팩+방송에서만 1팩 더,,,,미분류,,식품,1,855,93964500,,,validated_paid_insert,paid_schedule_api,2026-08-24T10:09:06.090626+09:00,,,1,2026-08-24T10:09:05.600570+09:00,2026-08-24T10:09:06.090626+09:00
d97d6882814107da373b44642fc3e9a1,2026-08-14,2026-08-14T12:40:00+09:00,2026-08-14T13:30:00+09:00,hs_gongyoung,공영쇼핑,[26년 특등급 햇마늘]한지형 단양 황토마늘 1kgx4개,한지형 단양 황토마늘 1kgx4개,한지형 단양 황토마늘 1kgx4개,,,,미분류,,식품,1,1202,82817800,,,validated_paid_insert,paid_schedule_api,2026-08-24T10:09:06.090626+09:00,,,1,2026-08-24T10:09:05.600570+09:00,2026-08-24T10:09:06.090626+09:00
7f2a108a7bb7d8f27634b90efeca383f,2026-08-14,2026-08-14T12:41:00+09:00,2026-08-14T13:42:00+09:00,hs_nsmallshopplus,NS홈쇼핑 샵플러스,프루티아NFC주스1,프루티아NFC주스1,프루티아NFC주스1,,,,미분류,,식품,9,186,16572600,,,validated_paid_insert,paid_schedule_api,2026-08-24T10:09:06.090626+09:00,,,1,2026-08-24T10:09:05.600570+09:00,2026-08-24T10:09:06.090626+09:00
2d3caf191dc2acaf535554682e343ce0,2026-08-14,2026-08-14T13:30:00+09:00,2026-08-14T14:20:00+09:00,hs_gongyoung,공영쇼핑,[김천일 명인] 새우표 완도파래김  조미김 15봉+ 무조미김 15봉(총30봉),새우표 완도파래김 조미김 15봉+ 무조미김 15봉,새우표 완도파래김 조미김 15봉+ 무조미김 15봉,,,,확인필요,새우표 완도파래김 조미김 15봉+ 무조미김 15봉,식품,2,1161,44793900,,,validated_paid_insert,paid_schedule_api,2026-08-24T10:09:06.090626+09:00,,,1,2026-08-24T10:09:05.600570+09:00,2026-08-24T10:09:06.090626+09:00
4e2d1d34e3e15512135cf4def50d3560,2026-08-14,2026-08-14T13:30:00+09:00,2026-08-14T14:30:00+09:00,hs_gsshop,GS홈쇼핑,닥터파이토 덴티백 PRO 구강유산균 M18 14박스,닥터파이토 덴티백 PRO 구강유산균 M18 14박스,닥터파이토 덴티백 PRO 구강유산균 M18,닥터파이토,유산균,유산균,확정,닥터파이토 덴티백 PRO 구강유산균 M18,식품,2,353,108354000,,,validated_paid_insert,paid_schedule_api,2026-08-24T10:09:06.090626+09:00,,,1,2026-08-24T10:09:05.600570+09:00,2026-08-24T10:09:06.090626+09:00
0495ad382d8b752c857bd3cd142eb998,2026-08-14,2026-08-14T13:35:00+09:00,2026-08-14T14:37:00+09:00,hs_nsmall,NS홈쇼핑,고창복분자분말,고창복분자분말,고창복분자분말,,,,미분류,,식품,2,589,87172000,,,validated_paid_insert,paid_schedule_api,2026-08-24T10:09:06.090626+09:00,,,1,2026-08-24T10:09:05.600570+09:00,2026-08-24T10:09:06.090626+09:00
eab0d4f2ed130e29e8db98b25f7fc2c4,2026-08-14,2026-08-14T13:35:00+09:00,2026-08-14T14:35:00+09:00,hs_cjonstyle,CJ온스타일,[방송에서만] 황성주 박사의 라이프 밀6 + 2박스 + 흔들컵2,황성주 박사의 라이프 밀6 + 2박스 + 흔들컵2,황성주 박사의 라이프 밀6 + 2박스 + 흔들컵2,,,,미분류,,식품,2,198,58759000,,,validated_paid_insert,paid_schedule_api,2026-08-24T10:09:06.090626+09:00,,,1,2026-08-24T10:09:05.600570+09:00,2026-08-24T10:09:06.090626+09:00
faa25f0463f03f89f58d10f82cce498b,2026-08-14,2026-08-14T13:36:00+09:00,2026-08-14T14:38:00+09:00,hs_kshop,KT알파쇼핑,대원제약_혈당파이터,대원제약_혈당파이터,대원제약_혈당파이터,,,,미분류,,식품,1,236,23364000,,,validated_paid_insert,paid_schedule_api,2026-08-24T10:09:06.090626+09:00,,,1,2026-08-24T10:09:05.600570+09:00,2026-08-24T10:09:06.090626+09:00
6e65dbbd2ec7ea601e4f8a540cda8908,2026-08-14,2026-08-14T13:37:00+09:00,2026-08-14T14:37:00+09:00,hs_gsshopmyshop,GS홈쇼핑 마이샵,덴프스 트루바이타민 올인원 멀티비타민&루테인&밀크씨슬 10개월분,덴프스 트루바이타민 올인원 멀티비타민&루테인&밀크씨슬 10개월분,덴프스 트루바이타민 올인원,덴프스,기타 식품,,확정,덴프스 트루바이타민 올인원,식품,2,115,31920000,,,validated_paid_insert,paid_schedule_api,2026-08-24T10:09:06.090626+09:00,,,1,2026-08-24T10:09:05.600570+09:00,2026-08-24T10:09:06.090626+09:00
774c5f7a3116f84c298fcbfd58a3719e,2026-08-14,2026-08-14T13:41:00+09:00,2026-08-14T14:43:00+09:00,hs_nsmallshopplus,NS홈쇼핑 샵플러스,임성근갈비탕1,임성근갈비탕1,임성근갈비탕,임성근,탕/간편식,소고기,확정,임성근갈비탕,식품,3,759,45464100,,,validated_paid_insert,paid_schedule_api,2026-08-24T10:09:06.090626+09:00,,,1,2026-08-24T10:09:05.600570+09:00,2026-08-24T10:09:06.090626+09:00
aa01160e82eeafe100a92bf4980c8721,2026-08-14,2026-08-14T14:20:00+09:00,2026-08-14T15:10:00+09:00,hs_gongyoung,공영쇼핑,2026년 햇 유기농 황토 당근 2.5kg+2.5kg (총 5kg),2026년 햇 유기농 황토 당근 2.5kg+2.5kg,2026년 햇 유기농 황토 당근 2.5kg+2.5kg,,,,미분류,,식품,1,994,29720600,,,validated_paid_insert,paid_schedule_api,2026-08-24T10:09:06.090626+09:00,,,1,2026-08-24T10:09:05.600570+09:00,2026-08-24T10:09:06.090626+09:00
988519ef88ee4ff335447f3e792e2b1c,2026-08-14,2026-08-14T14:25:00+09:00,2026-08-14T15:21:00+09:00,hs_hmall,현대홈쇼핑,[방송에서만 추가구성] 종근당건강 락토핏 맥스19 6+2통(16개월분),종근당건강 락토핏 맥스19 6+2통,종근당건강 락토핏 맥스19 6+2통,,,,미분류,,식품,1,361,46569000,,,validated_paid_insert,paid_schedule_api,2026-08-24T10:09:06.090626+09:00,,,1,2026-08-24T10:09:05.600570+09:00,2026-08-24T10:09:06.090626+09:00
d08e7b0a2b20fbf6e12f62b08b5a616e,2026-08-14,2026-08-14T14:33:00+09:00,2026-08-14T15:34:00+09:00,hs_shinsegae,신세계쇼핑,(방송에서만)[12+3+3]하루틴 리포좀 비타민C 프로 총 15박스+비타민C스틱 3박스(s),하루틴 리포좀 비타민C 프로 총 15박스+비타민C스틱 3박스,하루틴 리포좀 비타민C 프로 총 15박스+비타민C스틱 3박스,,,,미분류,,식품,4,122,23898000,,,validated_paid_insert,paid_schedule_api,2026-08-24T10:09:06.090626+09:00,,,1,2026-08-24T10:09:05.600570+09:00,2026-08-24T10:09:06.090626+09:00
4305d2303dc8914afba3f41297fd8ad1,2026-08-14,2026-08-14T14:35:00+09:00,2026-08-14T15:30:00+09:00,hs_cjonstyle,CJ온스타일,[50% SALE] 액티브 프로 8박스(80회분)+보틀2개,액티브 프로 8박스 +보틀2개,액티브 프로 8박스 +보틀2개,,,,미분류,,식품,1,238,36080800,,,validated_paid_insert,paid_schedule_api,2026-08-24T10:09:06.090626+09:00,,,1,2026-08-24T10:09:05.600570+09:00,2026-08-24T10:09:06.090626+09:00
45270ab1414a43fb41e7981a5a0e966f,2026-08-14,2026-08-14T14:35:00+09:00,2026-08-14T15:31:00+09:00,hs_nsmall,NS홈쇼핑,한삼인홍삼진플러스,한삼인홍삼진플러스,한삼인 홍삼진플러스,한삼인,건강식품/홍삼,홍삼,확정,한삼인홍삼진플러스,식품,20,232,46158000,,,validated_paid_insert,paid_schedule_api,2026-08-24T10:09:06.090626+09:00,,,1,2026-08-24T10:09:05.600570+09:00,2026-08-24T10:09:06.090626+09:00
6d740fadb6404fae5254413057815495,2026-08-14,2026-08-14T14:37:00+09:00,2026-08-14T14:57:00+09:00,hs_gsshopmyshop,GS홈쇼핑 마이샵,"도투락 제로 곤약젤리 복숭아40포+풋사과40포 총 80포(포당 150g, 0칼로리)",도투락 제로 곤약젤리 복숭아40포+풋사과40포 총 80포,도투락 제로 곤약젤리 복숭아40포+풋사과40포 총 80포,,,,미분류,,식품,1,145,7235500,,,validated_paid_insert,paid_schedule_api,2026-08-24T10:09:06.090626+09:00,,,1,2026-08-24T10:09:05.600570+09:00,2026-08-24T10:09:06.090626+09:00
a4a9bdc27bfeec17cf6ef49ea7b405ea,2026-08-14,2026-08-14T14:41:00+09:00,2026-08-14T15:43:00+09:00,hs_nsmallshopplus,NS홈쇼핑 샵플러스,미금치김치1,미금치김치1,미금치김치1,,,,미분류,,식품,2,1639,49048100,,,validated_paid_insert,paid_schedule_api,2026-08-24T10:09:06.090626+09:00,,,1,2026-08-24T10:09:05.600570+09:00,2026-08-24T10:09:06.090626+09:00
886426e4c1febb9ef43fd9124296948d,2026-08-14,2026-08-14T15:10:00+09:00,2026-08-14T16:00:00+09:00,hs_gongyoung,공영쇼핑,양파로 만든 카레&짜장 시리즈 3종,양파로 만든 카레&짜장 시리즈 3종,양파로 만든 카레&짜장 시리즈 3종,,,,미분류,,식품,1,667,27280300,,,validated_paid_insert,paid_schedule_api,2026-08-24T10:09:06.090626+09:00,,,1,2026-08-24T10:09:05.600570+09:00,2026-08-24T10:09:06.090626+09:00
40bc69e87c4113a90c065f45dce734f1,2026-08-14,2026-08-14T15:20:00+09:00,2026-08-14T16:00:00+09:00,hs_lotteimallonetv,롯데원티비,[대원제약] ○방송에서만반값![20개월분]대원헬스 혈당파이터 10박스(1박스: 250mg X 60정),○방송에서만반값! 대원헬스 혈당파이터 10박스,대원헬스 혈당파이터,대원헬스,건강식품/혈당관리,,확정,대원헬스 혈당파이터,식품,1,32,3168000,,,validated_paid_insert,paid_schedule_api,2026-08-24T10:09:06.090626+09:00,,,1,2026-08-24T10:09:05.600570+09:00,2026-08-24T10:09:06.090626+09:00
a4bbe5f1bd8b4234c1472236b3a61dfc,2026-08-14,2026-08-14T15:20:00+09:00,2026-08-14T15:41:00+09:00,hs_hmall,현대홈쇼핑,난각번호 1번 무항생제 유정란 대란(L사이즈) 40구_파손보장,난각번호 1번 무항생제 유정란 대란 40구_파손보장,난각번호 1번 무항생제 유정란 대란 40구_파손보장,,,,미분류,,식품,1,1241,32141900,,,validated_paid_insert,paid_schedule_api,2026-08-24T10:09:06.090626+09:00,,,1,2026-08-24T10:09:05.600570+09:00,2026-08-24T10:09:06.090626+09:00
58ab36c286aa4aa5bf406695c7ac5ccd,2026-08-14,2026-08-14T15:30:00+09:00,2026-08-14T16:21:00+09:00,hs_nsmall,NS홈쇼핑,안면도고춧가루,안면도고춧가루,안면도고춧가루,,,,미분류,,식품,2,944,94724000,,,validated_paid_insert,paid_schedule_api,2026-08-24T10:09:06.090626+09:00,,,1,2026-08-24T10:09:05.600570+09:00,2026-08-24T10:09:06.090626+09:00
a62f6df334a392c12efb09ce57742342,2026-08-14,2026-08-14T15:34:00+09:00,2026-08-14T16:34:00+09:00,hs_shinsegae,신세계쇼핑,"(방송에서만 3팩더) 제주가마당 손질 특대 고등어 130g x 13팩+3팩, 총 16팩","제주가마당 손질 특대 고등어 130g x 13팩+3팩, 총 16팩","제주가마당 손질 특대 고등어 130g x 13팩+3팩, 총 16팩",,,,미분류,,식품,10,1438,57424200,,,validated_paid_insert,paid_schedule_api,2026-08-24T10:09:06.090626+09:00,,,1,2026-08-24T10:09:05.600570+09:00,2026-08-24T10:09:06.090626+09:00
bedf5594f1bcbfaf8a011401d2417991,2026-08-14,2026-08-14T15:34:00+09:00,2026-08-14T16:34:00+09:00,hs_shinsegae,신세계쇼핑,올반  바짝 오리불고기 12팩 + 방송중 2팩 더 (총 간장맛200gx 7팩 + 고추장맛 200gx7팩),올반 바짝 오리불고기 12팩 + 2팩 더,올반 바짝 오리불고기 12팩 + 2팩 더,,,,미분류,,식품,29,311,17570900,,,validated_paid_insert,paid_schedule_api,2026-08-24T10:09:06.090626+09:00,,,1,2026-08-24T10:09:05.600570+09:00,2026-08-24T10:09:06.090626+09:00
0a4833f018e5e269001f1a754f35b132,2026-08-14,2026-08-14T15:35:00+09:00,2026-08-14T16:35:00+09:00,hs_lotteimall,롯데홈쇼핑,[닥터블릿] ★방송에서만 반값세일★ 푸응 파비플로라 12박스(440mg x14캡슐x12박스) ,★방송에서만 반값세일★ 푸응 파비플로라 12박스,★방송에서만 반값세일★ 푸응 파비플로라 12박스,,,,미분류,,식품,2,179,30072000,,,validated_paid_insert,paid_schedule_api,2026-08-24T10:09:06.090626+09:00,,,1,2026-08-24T10:09:05.600570+09:00,2026-08-24T10:09:06.090626+09:00
03dfd53b067e7ac982772273d98f6495,2026-08-14,2026-08-14T16:00:00+09:00,2026-08-14T16:50:00+09:00,hs_gongyoung,공영쇼핑,[햇 가리비 사용]국내산 자숙 가리비살 14팩,국내산 자숙 가리비살 14팩,국내산 자숙 가리비살 14팩,,,,미분류,,식품,1,918,36628200,,,validated_paid_insert,paid_schedule_api,2026-08-24T10:09:06.090626+09:00,,,1,2026-08-24T10:09:05.600570+09:00,2026-08-24T10:09:06.090626+09:00
8ffb2337c9f39084352b03be2c0bdbc7,2026-08-14,2026-08-14T16:00:00+09:00,2026-08-14T16:50:00+09:00,hs_hnsmall,홈앤쇼핑,[26년 수확] 영광농협 고춧가루 3kg (500g X 6봉),영광농협 고춧가루 3kg,영광농협 고춧가루 3kg,,,,확인필요,영광농협 고춧가루 3kg,식품,2,432,48047000,,,validated_paid_insert,paid_schedule_api,2026-08-24T10:09:06.090626+09:00,,,1,2026-08-24T10:09:05.600570+09:00,2026-08-24T10:09:06.090626+09:00
9159de517a3efae7483ea18c9e21895b,2026-08-14,2026-08-14T16:20:00+09:00,2026-08-14T17:01:00+09:00,hs_nsmall,NS홈쇼핑,새벽팜김치,새벽팜김치,새벽팜김치,,,,미분류,,식품,1,1547,72554300,,,validated_paid_insert,paid_schedule_api,2026-08-24T10:09:06.090626+09:00,,,1,2026-08-24T10:09:05.600570+09:00,2026-08-24T10:09:06.090626+09:00
a90ff5927a92f2f7f4bdc5e7aa3e279a,2026-08-14,2026-08-14T16:20:00+09:00,2026-08-14T17:00:00+09:00,hs_hmallplus,현대홈쇼핑 플러스샵,[농할] 국내산 충주 하늘작 햇 백도복숭아 2.5kg 2박스(총 5kg 박스당 7과∼11과),국내산 충주 하늘작 햇 백도복숭아 2.5kg 2박스,국내산 충주 하늘작 햇 백도복숭아 2.5kg 2박스,,,,미분류,,식품,1,611,34765900,,,validated_paid_insert,paid_schedule_api,2026-08-24T10:09:06.090626+09:00,,,1,2026-08-24T10:09:05.600570+09:00,2026-08-24T10:09:06.090626+09:00
d2bbab296ebd532e1f542182bb7182d9,2026-08-14,2026-08-14T16:30:00+09:00,2026-08-14T17:30:00+09:00,hs_cjonstyle,CJ온스타일,카사베르디 유기농 와인비니거 레드6+2병+디스펜서+텀블러믹서기,카사베르디 유기농 와인비니거 레드6+2병+디스펜서+텀블러믹서기,카사베르디 유기농 와인비니거 레드6+2병+디스펜서+텀블러믹서기,,,,확인필요,카사베르디 유기농 와인비니거 레드6+2병+디스펜서+텀블러믹서기,식품,2,474,60506000,,,validated_paid_insert,paid_schedule_api,2026-08-24T10:09:06.090626+09:00,,,1,2026-08-24T10:09:05.600570+09:00,2026-08-24T10:09:06.090626+09:00
d8b31f20169e56ce96794a09abaa7cd0,2026-08-14,2026-08-14T16:30:00+09:00,2026-08-14T17:30:00+09:00,hs_gsshop,GS홈쇼핑,닥터린 하이퍼셀 대마종자유 6박스(6개월분),닥터린 하이퍼셀 대마종자유 6박스,닥터린 하이퍼셀 대마종자유 6박스,,,,미분류,,식품,2,407,114265000,,,validated_paid_insert,paid_schedule_api,2026-08-24T10:09:06.090626+09:00,,,1,2026-08-24T10:09:05.600570+09:00,2026-08-24T10:09:06.090626+09:00
f3fa849cdcadb750665d047247f1c929,2026-08-14,2026-08-14T16:33:00+09:00,2026-08-14T17:32:00+09:00,hs_shopntmall,쇼핑엔티,(방송에서만 4팩 더!) 임성근의 특 키로갈비탕 1kg x 12팩 (총 12kg),임성근의 특 키로갈비탕 1kg x 12팩,임성근의 특 키로갈비탕 1kg x 12팩,,,,확인필요,임성근의 특키로 갈비탕 1kg x 12팩,식품,1,1311,78528900,,,validated_paid_insert,paid_schedule_api,2026-08-24T10:09:06.090626+09:00,,,1,2026-08-24T10:09:05.600570+09:00,2026-08-24T10:09:06.090626+09:00
549d841e9f6d9fad37971853e0105de8,2026-08-14,2026-08-14T16:34:00+09:00,2026-08-14T17:35:00+09:00,hs_shinsegae,신세계쇼핑,(방송에서만)[12+6박스](1)닥터린 하이퍼셀 대마종자유 총 18개월분,닥터린 하이퍼셀 대마종자유 총 18개월분,닥터린 하이퍼셀 대마종자유 총 18개월분,,,,미분류,,식품,2,141,39876000,,,validated_paid_insert,paid_schedule_api,2026-08-24T10:09:06.090626+09:00,,,1,2026-08-24T10:09:05.600570+09:00,2026-08-24T10:09:06.090626+09:00
f14a080f49fbe3db581e861438a77963,2026-08-14,2026-08-14T16:35:00+09:00,2026-08-14T17:31:00+09:00,hs_hmall,현대홈쇼핑,[보넬드]아이엠 당근주스 15병(1000ml x 15병),아이엠 당근주스 15병,보넬드 아이엠 당근주스,보넬드,과채주스,당근,확정,아이엠 당근주스,식품,1,1572,191784000,,,validated_paid_insert,paid_schedule_api,2026-08-24T10:09:06.090626+09:00,,,1,2026-08-24T10:09:05.600570+09:00,2026-08-24T10:09:06.090626+09:00
bd07b8d4ad042ceebe005d38ba09dd3e,2026-08-14,2026-08-14T16:40:00+09:00,2026-08-14T17:40:00+09:00,hs_lotteimallonetv,롯데원티비,"[CJ제일제당] 햇반 라이스플랜 32입(루피니빈잡곡밥12입, 파로통곡물4입,렌틸콩현미밥4입, 100통곡물밥 12입)",햇반 라이스플랜 32입,햇반 라이스플랜 32입,,,,확인필요,햇반 라이스플랜 32입,식품,1,241,11543900,,,validated_paid_insert,paid_schedule_api,2026-08-24T10:09:06.090626+09:00,,,1,2026-08-24T10:09:05.600570+09:00,2026-08-24T10:09:06.090626+09:00
d9f7b4d4241db814470f78801a96a4c6,2026-08-14,2026-08-14T16:42:00+09:00,2026-08-14T18:04:00+09:00,hs_nsmallshopplus,NS홈쇼핑 샵플러스,제주고사리1,제주고사리1,제주고사리1,,,,확인필요,제주고사리1,식품,3,2656,79498400,,,validated_paid_insert,paid_schedule_api,2026-08-24T10:09:06.090626+09:00,,,1,2026-08-24T10:09:05.600570+09:00,2026-08-24T10:09:06.090626+09:00
799e4c883165ca05c26e94d177ea4d4e,2026-08-14,2026-08-14T16:45:00+09:00,2026-08-14T17:15:00+09:00,hs_cjonstyleplus,CJ온스타일 플러스,[워커 힐호텔김치] 포기김치8kg,포기김치8kg,포기김치8kg,,,,미분류,,식품,1,268,16589200,,,validated_paid_insert,paid_schedule_api,2026-08-24T10:09:06.090626+09:00,,,1,2026-08-24T10:09:05.600570+09:00,2026-08-24T10:09:06.090626+09:00
e4b42711e9c5fdf5bcb9844c53108805,2026-08-14,2026-08-14T16:50:00+09:00,2026-08-14T17:40:00+09:00,hs_hnsmall,홈앤쇼핑,*농할할인*[금성농협]햇 황도 복숭아 4kg,*농할 * 햇 황도 복숭아 4kg,*농할 * 햇 황도 복숭아 4kg,,,,미분류,,식품,1,3363,130820700,,,validated_paid_insert,paid_schedule_api,2026-08-24T10:09:06.090626+09:00,,,1,2026-08-24T10:09:05.600570+09:00,2026-08-24T10:09:06.090626+09:00
617559faa5275978bd7abd6514ecacdb,2026-08-14,2026-08-14T17:00:00+09:00,2026-08-14T17:41:00+09:00,hs_nsmall,NS홈쇼핑,못난이굴비,못난이굴비,못난이굴비,,,,미분류,,식품,1,2231,102402900,,,validated_paid_insert,paid_schedule_api,2026-08-24T10:09:06.090626+09:00,,,1,2026-08-24T10:09:05.600570+09:00,2026-08-24T10:09:06.090626+09:00
46948f1cdced7ab53c9578980b2e9788,2026-08-14,2026-08-14T17:15:00+09:00,2026-08-14T17:45:00+09:00,hs_cjonstyleplus,CJ온스타일 플러스,특 소곱창전골 800g 8+3팩 (방송에서만 3팩더),특 소곱창전골 800g 8+3팩,특 소곱창전골 800g 8+3팩,,,,미분류,,식품,1,465,23203500,,,validated_paid_insert,paid_schedule_api,2026-08-24T10:09:06.090626+09:00,,,1,2026-08-24T10:09:05.600570+09:00,2026-08-24T10:09:06.090626+09:00
202fd43e4b7ef41e7fa91aebd31646a2,2026-08-14,2026-08-14T17:32:00+09:00,2026-08-14T18:32:00+09:00,hs_shopntmall,쇼핑엔티,(방송에서만 3팩 더) 사조 숙성 훈제오리 180g x 10팩+3팩 / 총13팩,사조 숙성 훈제오리 180g x 10팩+3팩 / 총13팩,사조 숙성 훈제오리 180g x 10팩+3팩 / 총13팩,,,,확인필요,사조 숙성 훈제오리 180g x 10팩+3팩 / 총13팩,식품,1,934,46606600,,,validated_paid_insert,paid_schedule_api,2026-08-24T10:09:06.090626+09:00,,,1,2026-08-24T10:09:05.600570+09:00,2026-08-24T10:09:06.090626+09:00
433788954f89f09fdb16269da9c31e17,2026-08-14,2026-08-14T17:34:00+09:00,2026-08-14T18:35:00+09:00,hs_shinsegae,신세계쇼핑,조선호텔 붉은대게 포기김치 8kg,조선호텔 붉은대게 포기김치 8kg,조선호텔 붉은대게 포기김치 8kg,,,,미분류,,식품,27,1947,102428300,,,validated_paid_insert,paid_schedule_api,2026-08-24T10:09:06.090626+09:00,,,1,2026-08-24T10:09:05.600570+09:00,2026-08-24T10:09:06.090626+09:00
341d1f958a633a4818a1d6f8fb7e9481,2026-08-14,2026-08-14T17:35:00+09:00,2026-08-14T18:35:00+09:00,hs_lotteimall,롯데홈쇼핑,[주문1] 올리블 트리플 올리브캡슐 8박스(192포)+전고객 쇼핑백,올리블 트리플 올리브캡슐 8박스 +전고객 쇼핑백,올리블 트리플 올리브캡슐 8박스 +전고객 쇼핑백,,,,미분류,,식품,2,366,50874000,,,validated_paid_insert,paid_schedule_api,2026-08-24T10:09:06.090626+09:00,,,1,2026-08-24T10:09:05.600570+09:00,2026-08-24T10:09:06.090626+09:00
c1f402b378de2d0312ba5d1e664ab87e,2026-08-14,2026-08-14T17:37:00+09:00,2026-08-14T18:38:00+09:00,hs_kshop,KT알파쇼핑,오늘제주_은갈치,오늘제주_은갈치,오늘제주_은갈치,,,,확인필요,오늘제주_은갈치,식품,3,1542,92365800,,,validated_paid_insert,paid_schedule_api,2026-08-24T10:09:06.090626+09:00,,,1,2026-08-24T10:09:05.600570+09:00,2026-08-24T10:09:06.090626+09:00
143c9dd4cf29a9cafa24cda24a1d4bbd,2026-08-14,2026-08-14T17:40:00+09:00,2026-08-14T18:31:00+09:00,hs_nsmall,NS홈쇼핑,지극진성갈비탕,지극진성갈비탕,지극진성갈비탕,,,,미분류,,식품,3,1676,100312300,,,validated_paid_insert,paid_schedule_api,2026-08-24T10:09:06.090626+09:00,,,1,2026-08-24T10:09:05.600570+09:00,2026-08-24T10:09:06.090626+09:00
240df252b30a2225ff7f7454d98789cd,2026-08-14,2026-08-14T17:40:00+09:00,2026-08-14T18:40:00+09:00,hs_hnsmall,홈앤쇼핑,[도미솔/3종 12kg] 포기김치9.5kg+총각김치2kg+깻잎김치500g,포기김치9.5kg+총각김치2kg+깻잎김치500g,포기김치9.5kg+총각김치2kg+깻잎김치500g,,,,미분류,,식품,2,1464,87693600,,,validated_paid_insert,paid_schedule_api,2026-08-24T10:09:06.090626+09:00,,,1,2026-08-24T10:09:05.600570+09:00,2026-08-24T10:09:06.090626+09:00
5c93392f7cc9624daa5830839c8cfc63,2026-08-14,2026-08-14T17:40:00+09:00,2026-08-14T18:40:00+09:00,hs_hmallplus,현대홈쇼핑 플러스샵,[2026년산 햇고추] 농협 봉화 고춧가루 3kg 세트 (500g x 6팩),농협 봉화 고춧가루 3kg 세트,농협 봉화 고춧가루 3kg 세트,,,,미분류,,식품,2,365,35570000,,,validated_paid_insert,paid_schedule_api,2026-08-24T10:09:06.090626+09:00,,,1,2026-08-24T10:09:05.600570+09:00,2026-08-24T10:09:06.090626+09:00
38e800347c855bfd29cef486a8b0f81e,2026-08-14,2026-08-14T18:02:00+09:00,2026-08-14T19:23:00+09:00,hs_nsmallshopplus,NS홈쇼핑 샵플러스,친정엄마고춧가루1,친정엄마고춧가루1,친정엄마고춧가루1,,,,미분류,,식품,2,402,43458000,,,validated_paid_insert,paid_schedule_api,2026-08-24T10:09:06.090626+09:00,,,1,2026-08-24T10:09:05.600570+09:00,2026-08-24T10:09:06.090626+09:00
944654d9d84d363f168ae49cd2fcb0d3,2026-08-14,2026-08-14T18:30:00+09:00,2026-08-14T19:31:00+09:00,hs_nsmall,NS홈쇼핑,아보카도꿀,아보카도꿀,아보카도꿀,,,,미분류,,식품,2,808,56479200,,,validated_paid_insert,paid_schedule_api,2026-08-24T10:09:06.090626+09:00,,,1,2026-08-24T10:09:05.600570+09:00,2026-08-24T10:09:06.090626+09:00
79c1747c318775a0b1ced54c622fbffb,2026-08-14,2026-08-14T18:31:00+09:00,2026-08-14T19:31:00+09:00,hs_skstoa,SK스토아,[방송에서만 50프로 세일]홀베리 1일1레몬 유기농 레몬즙 12박스+홀베리 레몬 에너지부스터 1박스 | 원산지 : 상품정보 참조,홀베리 1일1레몬 유기농 레몬즙 12박스+홀베리 레몬 에너지부스터 1박스 | 원산지 : 상품정보 참조,1일 1레몬 유기농 레몬즙,,과채주스,레몬,확정,1일 1레몬 유기농 레몬즙,식품,1,544,54345600,,,validated_paid_insert,paid_schedule_api,2026-08-24T10:09:06.090626+09:00,,,1,2026-08-24T10:09:05.600570+09:00,2026-08-24T10:09:06.090626+09:00
6d41b7dcfc00cc87190fa6638bae1a4e,2026-08-14,2026-08-14T18:38:00+09:00,2026-08-14T19:38:00+09:00,hs_gsshopmyshop,GS홈쇼핑 마이샵,방송에서만 한국인의 두유 유기농 국산  서리태 콩물두유 10팩*5박스에 한박스더 6박스  총 60팩,방송에서만 한국인의 두유 유기농 국산 서리태 콩물두유 10팩*5박스에 한박스더 6박스 총 60팩,방송에서만 한국인의 두유 유기농 국산 서리태 콩물두유 10팩*5박스에 한박스더 6박스 총 60팩,,,,미분류,,식품,1,243,24275700,,,validated_paid_insert,paid_schedule_api,2026-08-24T10:09:06.090626+09:00,,,1,2026-08-24T10:09:05.600570+09:00,2026-08-24T10:09:06.090626+09:00
7fa15ba29a4adafffa32605955935a5a,2026-08-14,2026-08-14T18:38:00+09:00,2026-08-14T19:43:00+09:00,hs_kshop,KT알파쇼핑,종근당건강_알티지오메가3,종근당건강_알티지오메가3,종근당건강_알티지오메가3,,,,확인필요,종근당건강_알티지오메가3,식품,1,223,39694000,,,validated_paid_insert,paid_schedule_api,2026-08-24T10:09:06.090626+09:00,,,1,2026-08-24T10:09:05.600570+09:00,2026-08-24T10:09:06.090626+09:00
69c1d6a2053e9b48b09926804ed3480b,2026-08-14,2026-08-14T18:40:00+09:00,2026-08-14T19:40:00+09:00,hs_gongyoung,공영쇼핑,국내산 병어 300g내외x10팩(팩당2미) 총 20마리,국내산 병어 300g내외x10팩 총 20마리,국내산 병어 300g내외x10팩 총 20마리,,,,미분류,,식품,1,2108,84109200,,,validated_paid_insert,paid_schedule_api,2026-08-24T10:09:06.090626+09:00,,,1,2026-08-24T10:09:05.600570+09:00,2026-08-24T10:09:06.090626+09:00
8d32f37ed65671d26ca0d521cd1b9749,2026-08-14,2026-08-14T18:40:00+09:00,2026-08-14T19:40:00+09:00,hs_lotteimallonetv,롯데원티비,[방송에서만 2팩 더]온작 이영자의 순살 갈비탕 600g x 10팩 (O),온작 이영자의 순살 갈비탕 600g x 10팩,온작 이영자의 순살 갈비탕 600g x 10팩,,,,미분류,,식품,1,215,12878500,,,validated_paid_insert,paid_schedule_api,2026-08-24T10:09:06.090626+09:00,,,1,2026-08-24T10:09:05.600570+09:00,2026-08-24T10:09:06.090626+09:00
b2da8ada27f60afa9e7a633bad9dc028,2026-08-14,2026-08-14T18:40:00+09:00,2026-08-14T19:35:00+09:00,hs_hnsmall,홈앤쇼핑,[NEW]박수홍 뼈없는 특 갈비탕 900g x 10봉(총20인분),박수홍 뼈없는 특 갈비탕 900g x 10봉,박수홍 뼈없는 특 갈비탕 900g x 10봉,,,,미분류,,식품,1,1230,87207000,,,validated_paid_insert,paid_schedule_api,2026-08-24T10:09:06.090626+09:00,,,1,2026-08-24T10:09:05.600570+09:00,2026-08-24T10:09:06.090626+09:00
c8c4f2e0707f51fd2a194248c9c37f93,2026-08-14,2026-08-14T19:22:00+09:00,2026-08-14T20:44:00+09:00,hs_nsmallshopplus,NS홈쇼핑 샵플러스,유정임김치1,유정임김치1,유정임김치1,,,,미분류,,식품,4,2857,85436300,,,validated_paid_insert,paid_schedule_api,2026-08-24T10:09:06.090626+09:00,,,1,2026-08-24T10:09:05.600570+09:00,2026-08-24T10:09:06.090626+09:00
47f36ce35cd391b03b9e99b3f497abbd,2026-08-14,2026-08-14T19:30:00+09:00,2026-08-14T20:46:00+09:00,hs_hmall,현대홈쇼핑,여에스더 다이어트 유산균Pro 6박스(12주분)+ 카무트 효소 1박스,여에스더 다이어트 유산균Pro 6박스 + 카무트 효소 1박스,여에스더 다이어트 유산균Pro 6박스 + 카무트 효소 1박스,,,,미분류,,식품,10,2335,207815000,,,validated_paid_insert,paid_schedule_api,2026-08-24T10:09:06.090626+09:00,,,1,2026-08-24T10:09:05.600570+09:00,2026-08-24T10:09:06.090626+09:00
92625802f8faa0aadcd5627cb517e26a,2026-08-14,2026-08-14T19:35:00+09:00,2026-08-14T20:40:00+09:00,hs_hnsmall,홈앤쇼핑,[프로틴증정][9개월분] 비에날씬프로 9병 (9개월분) +   비에날씬프로틴 14일분+텀블러 + 보랄 스팀에어프라이어,비에날씬프로 9병 + 비에날씬프로틴 14일분+텀블러 + 보랄 스팀에어프라이어,비에날씬 프로,비에날씬,다이어트 유산균,BNR17 유산균,확정,비에날씬프로,식품,3,209,100402000,,,validated_paid_insert,paid_schedule_api,2026-08-24T10:09:06.090626+09:00,,,1,2026-08-24T10:09:05.600570+09:00,2026-08-24T10:09:06.090626+09:00
555abe4ed14ab3c388415b99b7735425,2026-08-14,2026-08-14T19:40:00+09:00,2026-08-14T20:40:00+09:00,hs_gongyoung,공영쇼핑,[최초 최다구성]청년감자탕 푸짐한 뼈해장국 700g 10팩,청년감자탕 푸짐한 뼈해장국 700g 10팩,청년감자탕 푸짐한 뼈해장국 700g 10팩,,,,미분류,,식품,7,3882,154892800,,,validated_paid_insert,paid_schedule_api,2026-08-24T10:09:06.090626+09:00,,,1,2026-08-24T10:09:05.600570+09:00,2026-08-24T10:09:06.090626+09:00
58693d8ca1eabd47ec8c9e2e4f145750,2026-08-14,2026-08-14T19:40:00+09:00,2026-08-14T20:40:00+09:00,hs_hmallplus,현대홈쇼핑 플러스샵,-[에이스바이옴] 패밀리세트 비에날씬 (BNR17)12박스+비에날프로틴 3박스,- 패밀리세트 비에날씬 12박스+비에날프로틴 3박스,- 패밀리세트 비에날씬 12박스+비에날프로틴 3박스,,,,미분류,,식품,3,252,160281000,,,validated_paid_insert,paid_schedule_api,2026-08-24T10:09:06.090626+09:00,,,1,2026-08-24T10:09:05.600570+09:00,2026-08-24T10:09:06.090626+09:00
0e59a3d34642951b73dc0d5f35165b78,2026-08-14,2026-08-14T19:45:00+09:00,2026-08-14T20:45:00+09:00,hs_cjonstyleplus,CJ온스타일 플러스,[특집구성]다이어트 유산균 10개월분+ 프로틴14포+날개없는선풍기,다이어트 유산균 10개월분+ 프로틴14포+날개없는선풍기,다이어트 유산균 10개월분+ 프로틴14포+날개없는선풍기,,,,미분류,,식품,3,111,59938000,,,validated_paid_insert,paid_schedule_api,2026-08-24T10:09:06.090626+09:00,,,1,2026-08-24T10:09:05.600570+09:00,2026-08-24T10:09:06.090626+09:00
53172fbc9678f10c09762ec1e0d5f14f,2026-08-14,2026-08-14T20:35:00+09:00,2026-08-14T21:41:00+09:00,hs_nsmall,NS홈쇼핑,이경제흑염소진액,이경제흑염소진액,이경제흑염소진액,,,,미분류,,식품,2,417,115092000,,,validated_paid_insert,paid_schedule_api,2026-08-24T10:09:06.090626+09:00,,,1,2026-08-24T10:09:05.600570+09:00,2026-08-24T10:09:06.090626+09:00
246cfae7f00493ed98c3ffd7f9bdeaa5,2026-08-14,2026-08-14T20:40:00+09:00,2026-08-14T21:40:00+09:00,hs_hmallplus,현대홈쇼핑 플러스샵,요리연구가 이종임의 아삭한 포기김치 10kg,요리연구가 이종임의 아삭한 포기김치 10kg,요리연구가 이종임의 아삭한 포기김치 10kg,,,,미분류,,식품,1,2501,99789900,,,validated_paid_insert,paid_schedule_api,2026-08-24T10:09:06.090626+09:00,,,1,2026-08-24T10:09:05.600570+09:00,2026-08-24T10:09:06.090626+09:00
657b6338c10245011d277e2f24547d55,2026-08-14,2026-08-14T20:40:00+09:00,2026-08-14T21:45:00+09:00,hs_gongyoung,공영쇼핑,강병원한우투뿔구이 130gx10팩,강병원한우투뿔구이 130gx10팩,강병원한우투뿔구이 130gx10팩,,,,미분류,,식품,9,2508,160825700,,,validated_paid_insert,paid_schedule_api,2026-08-24T10:09:06.090626+09:00,,,1,2026-08-24T10:09:05.600570+09:00,2026-08-24T10:09:06.090626+09:00
348f52d46021d8635017fccf27dd2396,2026-08-14,2026-08-14T20:43:00+09:00,2026-08-14T22:05:00+09:00,hs_nsmallshopplus,NS홈쇼핑 샵플러스,백명란1,백명란1,백명란1,,,,미분류,,식품,2,1704,83679600,,,validated_paid_insert,paid_schedule_api,2026-08-24T10:09:06.090626+09:00,,,1,2026-08-24T10:09:05.600570+09:00,2026-08-24T10:09:06.090626+09:00
3f4450424be1ba3ba6df16aa3abf5b32,2026-08-14,2026-08-14T21:36:00+09:00,2026-08-14T22:36:00+09:00,hs_shinsegae,신세계쇼핑,(50%세일) 리즐온 아보카도 엑스트라버진 오일 6병,리즐온 아보카도 엑스트라버진 오일 6병,리즐온 아보카도 엑스트라버진 오일 6병,,,,미분류,,식품,1,1366,73764000,,,validated_paid_insert,paid_schedule_api,2026-08-24T10:09:06.090626+09:00,,,1,2026-08-24T10:09:05.600570+09:00,2026-08-24T10:09:06.090626+09:00
90cada501c4957a75a34ddb28571027c,2026-08-14,2026-08-14T21:36:00+09:00,2026-08-14T22:36:00+09:00,hs_shinsegae,신세계쇼핑,[유지인pick♥] 미녀의석류콜라겐 200포 (25g x 25포 x 8Box),미녀의석류콜라겐 200포,미녀의석류콜라겐 200포,,,,확인필요,미녀의석류콜라겐 200포,식품,1,324,35964000,,,validated_paid_insert,paid_schedule_api,2026-08-24T10:09:06.090626+09:00,,,1,2026-08-24T10:09:05.600570+09:00,2026-08-24T10:09:06.090626+09:00
ae6cf7309e6eab7bafcf89159f13e23a,2026-08-14,2026-08-14T21:40:00+09:00,2026-08-14T22:42:00+09:00,hs_nsmall,NS홈쇼핑,국내산촉촉오징어,국내산촉촉오징어,국내산촉촉오징어,,,,미분류,,식품,4,1583,125303200,,,validated_paid_insert,paid_schedule_api,2026-08-24T10:09:06.090626+09:00,,,1,2026-08-24T10:09:05.600570+09:00,2026-08-24T10:09:06.090626+09:00
0282b7dee0dd9837b619f1a4e4b8349a,2026-08-14,2026-08-14T21:45:00+09:00,2026-08-14T22:50:00+09:00,hs_gongyoung,공영쇼핑,[좋은씨푸드] 자연산 손질 통오징어 대사이즈 130g×20마리(2미/1팩),자연산 손질 통오징어 대사이즈 130g×20마리,자연산 손질 통오징어 대사이즈 130g×20마리,,,,미분류,,식품,1,2760,132204000,,,validated_paid_insert,paid_schedule_api,2026-08-24T10:09:06.090626+09:00,,,1,2026-08-24T10:09:05.600570+09:00,2026-08-24T10:09:06.090626+09:00
881d21a1154a7bbecd52e801879e6919,2026-08-14,2026-08-14T22:03:00+09:00,2026-08-14T23:04:00+09:00,hs_nsmallshopplus,NS홈쇼핑 샵플러스,임성근소곱창전골1,임성근소곱창전골1,임성근소곱창전골1,,,,미분류,,식품,3,791,39470900,,,validated_paid_insert,paid_schedule_api,2026-08-24T10:09:06.090626+09:00,,,1,2026-08-24T10:09:05.600570+09:00,2026-08-24T10:09:06.090626+09:00
e689b53442e834931e43f2c68e3e1d1b,2026-08-14,2026-08-14T22:40:00+09:00,2026-08-14T23:40:00+09:00,hs_hmallplus,현대홈쇼핑 플러스샵,베스트넛츠 프리미엄 견과 100봉 (20g x 20봉 x 5박스),베스트넛츠 프리미엄 견과 100봉,베스트넛츠 프리미엄 견과 100봉,,,,미분류,,식품,1,877,78842300,,,validated_paid_insert,paid_schedule_api,2026-08-24T10:09:06.090626+09:00,,,1,2026-08-24T10:09:05.600570+09:00,2026-08-24T10:09:06.090626+09:00
551714a3df84d18ced9ef6aed6a9a68d,2026-08-14,2026-08-14T22:50:00+09:00,2026-08-14T23:50:00+09:00,hs_gongyoung,공영쇼핑,완도 해조쌀국수 김치말이12개+사골맛 12개+멸치맛 12개 / 총 36개,완도 해조쌀국수 김치말이12개+사골맛 12개+멸치맛 12개 / 총 36개,완도 해조쌀국수 김치말이12개+사골맛 12개+멸치맛 12개 / 총 36개,,,,미분류,,식품,2,1843,91965700,,,validated_paid_insert,paid_schedule_api,2026-08-24T10:09:06.090626+09:00,,,1,2026-08-24T10:09:05.600570+09:00,2026-08-24T10:09:06.090626+09:00
bc8f46e218dd7efff762705a5e033993,2026-08-14,2026-08-14T23:50:00+09:00,2026-08-15T01:00:00+09:00,hs_gongyoung,공영쇼핑,저세상 직화 무뼈닭발5팩+귀한 특수부위 닭목살1팩(맛책임제 닭발1팩),저세상 직화 무뼈닭발5팩+귀한 특수부위 닭목살1팩,저세상 직화 무뼈닭발5팩+귀한 특수부위 닭목살1팩,,,,미분류,,식품,2,1848,67667200,,,validated_paid_insert,paid_schedule_api,2026-08-24T10:09:06.090626+09:00,,,1,2026-08-24T10:09:05.600570+09:00,2026-08-24T10:09:06.090626+09:00
e7efb71b7a1dbe4182844e0eaada9049,2026-08-15,2026-08-15T00:03:00+09:00,2026-08-15T00:44:00+09:00,hs_nsmallshopplus,NS홈쇼핑 샵플러스,흑미1,흑미1,흑미1,,,,미분류,,식품,1,340,12886000,,,validated_paid_insert,paid_schedule_api,2026-08-24T10:08:17.627301+09:00,,,1,2026-08-24T10:08:17.104854+09:00,2026-08-24T10:08:17.627301+09:00
07d310f88d96da62c9563950021d31e3,2026-08-15,2026-08-15T00:32:00+09:00,2026-08-15T01:31:00+09:00,hs_shopntmall,쇼핑엔티,[50％세일] 닥터린 콘드로이친1200 콘레이티+MBP 12개월분 + 비타민K2 2박스,닥터린 콘드로이친1200 콘레이티+MBP 12개월분 + 비타민K2 2박스,닥터린 콘드로이친1200 콘레이티+MBP 12개월분 + 비타민K2 2박스,,,,미분류,,식품,2,73,11358500,,,validated_paid_insert,paid_schedule_api,2026-08-24T10:08:17.627301+09:00,,,1,2026-08-24T10:08:17.104854+09:00,2026-08-24T10:08:17.627301+09:00
efc5eb4ced9ee9eaa4158ec61ecbb093,2026-08-15,2026-08-15T00:44:00+09:00,2026-08-15T01:45:00+09:00,hs_nsmallshopplus,NS홈쇼핑 샵플러스,어묵바1,어묵바1,어묵바1,,,,미분류,,식품,2,457,17777300,,,validated_paid_insert,paid_schedule_api,2026-08-24T10:08:17.627301+09:00,,,1,2026-08-24T10:08:17.104854+09:00,2026-08-24T10:08:17.627301+09:00
272e99e8df16ebbe31b9b7fbbd0a987f,2026-08-15,2026-08-15T01:00:00+09:00,2026-08-15T01:50:00+09:00,hs_gongyoung,공영쇼핑,[26년 햇] 진도 유기농 찰보리 800gx6봉,진도 유기농 찰보리 800gx6봉,진도 유기농 찰보리 800gx6봉,,,,미분류,,식품,1,984,27453600,,,validated_paid_insert,paid_schedule_api,2026-08-24T10:08:17.627301+09:00,,,1,2026-08-24T10:08:17.104854+09:00,2026-08-24T10:08:17.627301+09:00
b3364aac36c2a26246b2586639c317a6,2026-08-15,2026-08-15T01:00:00+09:00,2026-08-15T02:01:00+09:00,hs_nsmall,NS홈쇼핑,히트상품 앵콜방송1부,히트상품 앵콜방송1부,히트상품 앵콜방송1부,,,,미분류,,식품,2,50,29553000,,,validated_paid_insert,paid_schedule_api,2026-08-24T10:08:17.627301+09:00,,,1,2026-08-24T10:08:17.104854+09:00,2026-08-24T10:08:17.627301+09:00
d2ad0217550b69620f47ec72fc8d2ee3,2026-08-15,2026-08-15T01:00:00+09:00,2026-08-15T02:00:00+09:00,hs_hnsmall,홈앤쇼핑,[방송에서만] 위엔 매스틱 24주분(6박스),위엔 매스틱 24주분,위엔 매스틱 24주분,,,,미분류,,식품,2,72,42028000,,,validated_paid_insert,paid_schedule_api,2026-08-24T10:08:17.627301+09:00,,,1,2026-08-24T10:08:17.104854+09:00,2026-08-24T10:08:17.627301+09:00
dfdef5bf65e319b79c67b5f84a988173,2026-08-15,2026-08-15T01:05:00+09:00,2026-08-15T02:00:00+09:00,hs_gsshop,GS홈쇼핑,라이필 더마콜라겐 시그니처RN 초저분자 어린콜라겐 5병,라이필 더마콜라겐 시그니처RN 초저분자 어린콜라겐 5병,라이필 더마콜라겐 시그니처RN 초저분자 어린콜라겐 5병,,,,확인필요,라이필 더마콜라겐 시그니처RN 초저분자 어린콜라겐 5병,식품,2,135,55722000,,,validated_paid_insert,paid_schedule_api,2026-08-24T10:08:17.627301+09:00,,,1,2026-08-24T10:08:17.104854+09:00,2026-08-24T10:08:17.627301+09:00
8da1d291df3c57fbd7022df9d5431845,2026-08-15,2026-08-15T01:31:00+09:00,2026-08-15T02:11:00+09:00,hs_skstoa,SK스토아,[방송에서만세일] 뉴밋 유기농 엑스트라버진 올리브오일 피쿠알 10박스 | 원산지 : 상품정보 참조,뉴밋 유기농 엑스트라버진 올리브오일 피쿠알 10박스 | 원산지 : 상품정보 참조,뉴밋 유기농 엑스트라버진 올리브오일,뉴밋,오일,올리브,확정,뉴밋 유기농 엑스트라버진 올리브오일 피쿠알,식품,1,167,16533000,,,validated_paid_insert,paid_schedule_api,2026-08-24T10:08:17.627301+09:00,,,1,2026-08-24T10:08:17.104854+09:00,2026-08-24T10:08:17.627301+09:00
717f966e3c507d3e10f7bb4a6177f332,2026-08-15,2026-08-15T01:44:00+09:00,2026-08-15T02:00:00+09:00,hs_nsmallshopplus,NS홈쇼핑 샵플러스,자반고등어1,자반고등어1,자반고등어1,,,,미분류,,식품,1,84,2511600,,,validated_paid_insert,paid_schedule_api,2026-08-24T10:08:17.627301+09:00,,,1,2026-08-24T10:08:17.104854+09:00,2026-08-24T10:08:17.627301+09:00
d7494b883091c72864f0fc9cd11d29d0,2026-08-15,2026-08-15T01:50:00+09:00,2026-08-15T03:00:00+09:00,hs_gongyoung,공영쇼핑,완도산 햇 미역귀 200g* 4봉,완도산 햇 미역귀 200g* 4봉,완도산 햇 미역귀 200g* 4봉,,,,미분류,,식품,1,789,23591100,,,validated_paid_insert,paid_schedule_api,2026-08-24T10:08:17.627301+09:00,,,1,2026-08-24T10:08:17.104854+09:00,2026-08-24T10:08:17.627301+09:00
0333e453810b9f2b6c8e6d09b3d061b1,2026-08-15,2026-08-15T02:00:00+09:00,2026-08-15T03:01:00+09:00,hs_nsmall,NS홈쇼핑,히트상품 앵콜방송 2부,히트상품 앵콜방송 2부,히트상품 앵콜방송 2부,,,,미분류,,식품,4,274,11629600,,,validated_paid_insert,paid_schedule_api,2026-08-24T10:08:17.627301+09:00,,,1,2026-08-24T10:08:17.104854+09:00,2026-08-24T10:08:17.627301+09:00
d66b4b2bdde25ee10df4ea8f755ae3ed,2026-08-15,2026-08-15T02:00:00+09:00,2026-08-15T02:42:00+09:00,hs_nsmallshopplus,NS홈쇼핑 샵플러스,자반고등어2,자반고등어2,자반고등어2,,,,미분류,,식품,1,246,7355400,,,validated_paid_insert,paid_schedule_api,2026-08-24T10:08:17.627301+09:00,,,1,2026-08-24T10:08:17.104854+09:00,2026-08-24T10:08:17.627301+09:00
0cc3a040d4de90f783097dbcd09266ca,2026-08-15,2026-08-15T02:20:00+09:00,2026-08-15T02:40:00+09:00,hs_lotteimallonetv,롯데원티비,[골드카무트]  ○KAMUT 효소 30포*12박스,○KAMUT 효소 30포*12박스,○KAMUT 효소 30포*12박스,,,,미분류,,식품,1,0,0,,,validated_paid_insert,paid_schedule_api,2026-08-24T10:08:17.627301+09:00,,,1,2026-08-24T10:08:17.104854+09:00,2026-08-24T10:08:17.627301+09:00
508815849857db0b09df41f5be84a396,2026-08-15,2026-08-15T03:00:00+09:00,2026-08-15T03:40:00+09:00,hs_hmallplus,현대홈쇼핑 플러스샵,[방송에서만][총18인분] 47년 강릉 노포맛집 동해막국수 비빔 9팩+물 9팩,47년 강릉 노포맛집 동해막국수 비빔 9팩+물 9팩,47년 강릉 노포맛집 동해막국수 비빔 9팩+물 9팩,,,,확인필요,47년 강릉 노포맛집 동해막국수 비빔 9팩+물 9팩,식품,1,115,4128500,,,validated_paid_insert,paid_schedule_api,2026-08-24T10:08:17.627301+09:00,,,1,2026-08-24T10:08:17.104854+09:00,2026-08-24T10:08:17.627301+09:00
116d9e315f341db7e46db4b1b8f05145,2026-08-15,2026-08-15T03:39:00+09:00,2026-08-15T04:21:00+09:00,hs_lotteimallonetv,롯데원티비,[순수식품] ☆오가닉 퓨어 블루베리즙 5박스(20g*14포*5박스),☆오가닉 퓨어 블루베리즙 5박스,☆오가닉 퓨어 블루베리즙 5박스,,,,미분류,,식품,1,1,139800,,,validated_paid_insert,paid_schedule_api,2026-08-24T10:08:17.627301+09:00,,,1,2026-08-24T10:08:17.104854+09:00,2026-08-24T10:08:17.627301+09:00
e39244a789cd6ff737e14327a27144e6,2026-08-15,2026-08-15T03:39:00+09:00,2026-08-15T03:59:00+09:00,hs_shinsegae,신세계쇼핑,[유지인pick!] 미녀의 콜라겐 양태반 360포 (2.5g x 30포 x 12Box)(직),미녀의 콜라겐 양태반 360포,미녀의 콜라겐 양태반 360포,,,,미분류,,식품,1,8,1584000,,,validated_paid_insert,paid_schedule_api,2026-08-24T10:08:17.627301+09:00,,,1,2026-08-24T10:08:17.104854+09:00,2026-08-24T10:08:17.627301+09:00
6517cda24502c2506a020900eac7e786,2026-08-15,2026-08-15T03:40:00+09:00,2026-08-15T04:20:00+09:00,hs_hmallplus,현대홈쇼핑 플러스샵,[신선설한우] NO.8 1++ 한우 등심200g 갈비살200g 업진살200g 설도200g 국거리200g 1kg,NO.8 1++ 한우 등심200g 갈비살200g 업진살200g 설도200g 국거리200g 1kg,NO.8 1++ 한우 등심200g 갈비살200g 업진살200g 설도200g 국거리200g 1kg,,,,미분류,,식품,1,19,2337000,,,validated_paid_insert,paid_schedule_api,2026-08-24T10:08:17.627301+09:00,,,1,2026-08-24T10:08:17.104854+09:00,2026-08-24T10:08:17.627301+09:00
e1c729dfe98d3d7cf6bad79e6a181738,2026-08-15,2026-08-15T04:00:00+09:00,2026-08-15T05:01:00+09:00,hs_nsmall,NS홈쇼핑,히트상품 앵콜방송4부,히트상품 앵콜방송4부,히트상품 앵콜방송4부,,,,미분류,,식품,2,772,21984800,,,validated_paid_insert,paid_schedule_api,2026-08-24T10:08:17.627301+09:00,,,1,2026-08-24T10:08:17.104854+09:00,2026-08-24T10:08:17.627301+09:00
44969596ffd53e5a04c88d2bc74e4a81,2026-08-15,2026-08-15T04:10:00+09:00,2026-08-15T04:40:00+09:00,hs_lotteimall,롯데홈쇼핑,"[설아래] 설아래 문경 오미자차 90mlx14포x4박스, 총56포","설아래 문경 오미자차 90mlx14포x4박스, 총56포",설아래 문경 오미자차 90mlx14포x4박스,설아래,차/음료,오미자,확정,설아래 문경 오미자차 90mlx14포x4박스,식품,1,8,639200,,,validated_paid_insert,paid_schedule_api,2026-08-24T10:08:17.627301+09:00,,,1,2026-08-24T10:08:17.104854+09:00,2026-08-24T10:08:17.627301+09:00
6f018d5548f08c35b260b733089a3b83,2026-08-15,2026-08-15T04:21:00+09:00,2026-08-15T05:01:00+09:00,hs_lotteimallonetv,롯데원티비,[켄자임] 켄자임 발효 무화과 플러스 (3g x 20포 x 7박스),켄자임 발효 무화과 플러스,켄자임 발효 무화과 플러스,,,,미분류,,식품,1,6,570000,,,validated_paid_insert,paid_schedule_api,2026-08-24T10:08:17.627301+09:00,,,1,2026-08-24T10:08:17.104854+09:00,2026-08-24T10:08:17.627301+09:00
1df561743bace50fe61bf1248696d5b2,2026-08-15,2026-08-15T04:30:00+09:00,2026-08-15T05:21:00+09:00,hs_hmall,현대홈쇼핑,[여름한정]홍쌍리 장아찌세트(매실원4+매실절임2+고추장장아찌1+감로매1+청매실고추비빔장1),홍쌍리 장아찌세트,홍쌍리 장아찌세트,,,,미분류,,식품,2,695,48580500,,,validated_paid_insert,paid_schedule_api,2026-08-24T10:08:17.627301+09:00,,,1,2026-08-24T10:08:17.104854+09:00,2026-08-24T10:08:17.627301+09:00
80e698606ae4df65f6640afcd5e36511,2026-08-15,2026-08-15T04:30:00+09:00,2026-08-15T05:30:00+09:00,hs_hnsmall,홈앤쇼핑,"[NEW] 디마떼오 피자 4종/20팩(알마이스,양송이,디아볼라,바질콤비네이션)",디마떼오 피자 4종/20팩,디마떼오 피자 4종/20팩,,,,확인필요,디마떼오 피자 4종/20팩,식품,1,601,36600900,,,validated_paid_insert,paid_schedule_api,2026-08-24T10:08:17.627301+09:00,,,1,2026-08-24T10:08:17.104854+09:00,2026-08-24T10:08:17.627301+09:00
599478f544fd476cf9f9a2a9ba72f14f,2026-08-15,2026-08-15T04:36:00+09:00,2026-08-15T05:36:00+09:00,hs_shopntmall,쇼핑엔티,제주산 당찬여주 발효효소 10박스(10개월분),제주산 당찬여주 발효효소 10박스,제주산 당찬여주 발효효소,,건강식품/혈당관리,,확정,제주산 당찬여주 발효효소,식품,2,32,5916000,,,validated_paid_insert,paid_schedule_api,2026-08-24T10:08:17.627301+09:00,,,1,2026-08-24T10:08:17.104854+09:00,2026-08-24T10:08:17.627301+09:00
3dfb407ba22cb4a4a79b6c889bea98a1,2026-08-15,2026-08-15T04:45:00+09:00,2026-08-15T05:15:00+09:00,hs_cjonstyle,CJ온스타일,지유네추어탕,지유네추어탕,지유네추어탕,,,,미분류,,식품,1,95,4360500,,,validated_paid_insert,paid_schedule_api,2026-08-24T10:08:17.627301+09:00,,,1,2026-08-24T10:08:17.104854+09:00,2026-08-24T10:08:17.627301+09:00
2868228fbbcf7f343a03e5fd27ca7e45,2026-08-15,2026-08-15T05:00:00+09:00,2026-08-15T06:00:00+09:00,hs_gongyoung,공영쇼핑,강병원 한우투뿔 스테이크 130gx10팩,강병원 한우투뿔 스테이크 130gx10팩,강병원 한우투뿔 스테이크 130gx10팩,,,,미분류,,식품,1,374,26142600,,,validated_paid_insert,paid_schedule_api,2026-08-24T10:08:17.627301+09:00,,,1,2026-08-24T10:08:17.104854+09:00,2026-08-24T10:08:17.627301+09:00
76b16a7468936ab8e11becd9e0ebde1e,2026-08-15,2026-08-15T05:00:00+09:00,2026-08-15T05:41:00+09:00,hs_nsmall,NS홈쇼핑,이롬국산콩두유,이롬국산콩두유,이롬국산콩두유,,,,미분류,,식품,7,409,22032540,,,validated_paid_insert,paid_schedule_api,2026-08-24T10:08:17.627301+09:00,,,1,2026-08-24T10:08:17.104854+09:00,2026-08-24T10:08:17.627301+09:00
26925ed9ab38a8d4066682260ea7791e,2026-08-15,2026-08-15T05:01:00+09:00,2026-08-15T05:41:00+09:00,hs_lotteimallonetv,롯데원티비,"[설아래] 설아래 문경 오미자차 90mlx14포x4박스, 총56포","설아래 문경 오미자차 90mlx14포x4박스, 총56포",설아래 문경 오미자차 90mlx14포x4박스,설아래,차/음료,오미자,확정,설아래 문경 오미자차 90mlx14포x4박스,식품,1,6,437400,,,validated_paid_insert,paid_schedule_api,2026-08-24T10:08:17.627301+09:00,,,1,2026-08-24T10:08:17.104854+09:00,2026-08-24T10:08:17.627301+09:00
0cf4ce17c30a2660909b832b3b27bac6,2026-08-15,2026-08-15T05:15:00+09:00,2026-08-15T05:45:00+09:00,hs_cjonstyleplus,CJ온스타일 플러스,우엉차,우엉차,우엉차,,,,미분류,,식품,1,194,5024600,,,validated_paid_insert,paid_schedule_api,2026-08-24T10:08:17.627301+09:00,,,1,2026-08-24T10:08:17.104854+09:00,2026-08-24T10:08:17.627301+09:00
1571440724c30fd592e6b4e1aebc5b23,2026-08-15,2026-08-15T05:15:00+09:00,2026-08-15T06:15:00+09:00,hs_lotteimall,롯데홈쇼핑,[닥터린] ☆방송에서만![12+6박스] 닥터린 파비플로라X알파CD 18박스(1박스:20gX14포),☆방송에서만! 닥터린 파비플로라X알파CD 18박스,☆방송에서만! 닥터린 파비플로라X알파CD 18박스,,,,미분류,,식품,2,80,20320000,,,validated_paid_insert,paid_schedule_api,2026-08-24T10:08:17.627301+09:00,,,1,2026-08-24T10:08:17.104854+09:00,2026-08-24T10:08:17.627301+09:00
3f71e643d704d80cf6a85c6431e3de5b,2026-08-15,2026-08-15T05:15:00+09:00,2026-08-15T06:00:00+09:00,hs_cjonstyle,CJ온스타일,잇몸유산균CMU 오라틱스  (1000mg x 30정) 12개월분,잇몸유산균CMU 오라틱스 12개월분,잇몸유산균CMU 오라틱스,,유산균,유산균,확정,잇몸유산균CMU 오라틱스,식품,2,57,19803000,,,validated_paid_insert,paid_schedule_api,2026-08-24T10:08:17.627301+09:00,,,1,2026-08-24T10:08:17.104854+09:00,2026-08-24T10:08:17.627301+09:00
26853c2854706f5086b07ed3b79bc480,2026-08-15,2026-08-15T05:30:00+09:00,2026-08-15T06:15:00+09:00,hs_hnsmall,홈앤쇼핑,폴리코사놀5 18박스(18개월분),폴리코사놀5 18박스,폴리코사놀5,,건강식품/혈행,폴리코사놀,확정,폴리코사놀5,식품,2,108,46332000,,,validated_paid_insert,paid_schedule_api,2026-08-24T10:08:17.627301+09:00,,,1,2026-08-24T10:08:17.104854+09:00,2026-08-24T10:08:17.627301+09:00
a2b1998c7e6837f34ea53664bcd5e219,2026-08-15,2026-08-15T05:30:00+09:00,2026-08-15T06:01:00+09:00,hs_gsshop,GS홈쇼핑,하루약콩 두유 190ml 총 72팩 (24팩 x 3박스),하루약콩 두유 190ml 총 72팩,하루약콩 두유,,두유,콩,확정,하루약콩 두유,식품,1,292,12526800,,,validated_paid_insert,paid_schedule_api,2026-08-24T10:08:17.627301+09:00,,,1,2026-08-24T10:08:17.104854+09:00,2026-08-24T10:08:17.627301+09:00
8848d3941b0d494dcb3d30bbc98ad04b,2026-08-15,2026-08-15T05:40:00+09:00,2026-08-15T06:31:00+09:00,hs_nsmall,NS홈쇼핑,닥터파이토구강유산균,닥터파이토구강유산균,닥터파이토구강유산균,,,,미분류,,식품,5,125,35250000,,,validated_paid_insert,paid_schedule_api,2026-08-24T10:08:17.627301+09:00,,,1,2026-08-24T10:08:17.104854+09:00,2026-08-24T10:08:17.627301+09:00
34baf6e51bedf4be0e82df10c4320e19,2026-08-15,2026-08-15T05:41:00+09:00,2026-08-15T06:42:00+09:00,hs_nsmallshopplus,NS홈쇼핑 샵플러스,종근당 루테인 1,종근당 루테인 1,종근당 루테인 1,,,,미분류,,식품,1,85,10030000,,,validated_paid_insert,paid_schedule_api,2026-08-24T10:08:17.627301+09:00,,,1,2026-08-24T10:08:17.104854+09:00,2026-08-24T10:08:17.627301+09:00
cda601485bfe63d9b70c141d40295f84,2026-08-15,2026-08-15T05:55:00+09:00,2026-08-15T06:36:00+09:00,hs_gsshopmyshop,GS홈쇼핑 마이샵,레이델 폴리코사놀5 18박스 (총540정),레이델 폴리코사놀5 18박스,폴리코사놀5,,건강식품/혈행,폴리코사놀,확정,폴리코사놀5,식품,3,62,28544000,,,validated_paid_insert,paid_schedule_api,2026-08-24T10:08:17.627301+09:00,,,1,2026-08-24T10:08:17.104854+09:00,2026-08-24T10:08:17.627301+09:00
3a0fe1eb6c9c6939d4b4cbf036f182de,2026-08-15,2026-08-15T06:00:00+09:00,2026-08-15T06:40:00+09:00,hs_hmallplus,현대홈쇼핑 플러스샵,[방송에서만5+5] 팔레오 두뇌엔 포스파티딜세린 PS 10박스,팔레오 두뇌엔 포스파티딜세린 PS 10박스,팔레오 두뇌엔 포스파티딜세린 PS 10박스,,,,확인필요,팔레오 두뇌엔 포스파티딜세린 PS 10박스,식품,1,82,10578000,,,validated_paid_insert,paid_schedule_api,2026-08-24T10:08:17.627301+09:00,,,1,2026-08-24T10:08:17.104854+09:00,2026-08-24T10:08:17.627301+09:00
619546420b56cd5a712ae5eb71d7e93c,2026-08-15,2026-08-15T06:00:00+09:00,2026-08-15T06:15:00+09:00,hs_cjonstyle,CJ온스타일,잇몸유산균CMU 오라틱스  (1000mg x 30정) 12개월분,잇몸유산균CMU 오라틱스 12개월분,잇몸유산균CMU 오라틱스,,유산균,유산균,확정,잇몸유산균CMU 오라틱스,식품,2,35,12265000,,,validated_paid_insert,paid_schedule_api,2026-08-24T10:08:17.627301+09:00,,,1,2026-08-24T10:08:17.104854+09:00,2026-08-24T10:08:17.627301+09:00
6d810f184bcf5e6d873e4ed919bcd846,2026-08-15,2026-08-15T06:00:00+09:00,2026-08-15T07:15:00+09:00,hs_gsshop,GS홈쇼핑,비에날씬 프로 다이어트 유산균(6박스),비에날씬 프로 다이어트 유산균,비에날씬 프로,비에날씬,다이어트 유산균,BNR17 유산균,확정,비에날씬프로,식품,3,321,146776000,,,validated_paid_insert,paid_schedule_api,2026-08-24T10:08:17.627301+09:00,,,1,2026-08-24T10:08:17.104854+09:00,2026-08-24T10:08:17.627301+09:00
d4f8f918f254269aada72a0c9c6c8239,2026-08-15,2026-08-15T06:00:00+09:00,2026-08-15T07:15:00+09:00,hs_gongyoung,공영쇼핑,[풍기인삼농협](자가소비)홍삼정 원데이스틱(10ml*10포*18박스),홍삼정 원데이스틱,홍삼정 원데이스틱,,,,미분류,,식품,2,882,88318000,,,validated_paid_insert,paid_schedule_api,2026-08-24T10:08:17.627301+09:00,,,1,2026-08-24T10:08:17.104854+09:00,2026-08-24T10:08:17.627301+09:00
1cdb1275762783a067f26fbcb053665d,2026-08-15,2026-08-15T06:15:00+09:00,2026-08-15T07:20:00+09:00,hs_lotteimall,롯데홈쇼핑,[종근당건강] ■ [16개월] 락토핏 코어맥스 + 4in1 바디 디바이스,■ 락토핏 코어맥스 + 4in1 바디 디바이스,■ 락토핏 코어맥스 + 4in1 바디 디바이스,,,,미분류,,식품,6,648,64152000,,,validated_paid_insert,paid_schedule_api,2026-08-24T10:08:17.627301+09:00,,,1,2026-08-24T10:08:17.104854+09:00,2026-08-24T10:08:17.627301+09:00
5084c9e7e076f548c75a6dc4dbaeb7ef,2026-08-15,2026-08-15T06:15:00+09:00,2026-08-15T07:20:00+09:00,hs_cjonstyle,CJ온스타일,[방송에서만] 하이퍼셀 식물성 멜라토닌 함유 멜라바인 18박스,하이퍼셀 식물성 멜라토닌 함유 멜라바인 18박스,하이퍼셀 식물성 멜라토닌 함유 멜라바인 18박스,,,,미분류,,식품,2,451,129049000,,,validated_paid_insert,paid_schedule_api,2026-08-24T10:08:17.627301+09:00,,,1,2026-08-24T10:08:17.104854+09:00,2026-08-24T10:08:17.627301+09:00
a27127d238d73ae3e9546f670c118711,2026-08-15,2026-08-15T06:21:00+09:00,2026-08-15T07:20:00+09:00,hs_lotteimallonetv,롯데원티비,[이롬] ♥[방송에서만 10+2박스]황성주 박사의 닥터샐러드  10박스+푸룬 식이섬유 젤리 2박스,♥ 황성주 박사의 닥터샐러드 10박스+푸룬 식이섬유 젤리 2박스,♥ 황성주 박사의 닥터샐러드 10박스+푸룬 식이섬유 젤리 2박스,,,,미분류,,식품,1,25,4950000,,,validated_paid_insert,paid_schedule_api,2026-08-24T10:08:17.627301+09:00,,,1,2026-08-24T10:08:17.104854+09:00,2026-08-24T10:08:17.627301+09:00
ef2b1bf6693415ebefc9750619b49b04,2026-08-15,2026-08-15T06:30:00+09:00,2026-08-15T07:21:00+09:00,hs_nsmall,NS홈쇼핑,두뇌엔닥터PS,두뇌엔닥터PS,두뇌엔 닥터PS,두뇌엔,건강식품/두뇌·인지,포스파티딜세린,확정,두뇌엔닥터PS,식품,3,208,86780000,,,validated_paid_insert,paid_schedule_api,2026-08-24T10:08:17.627301+09:00,,,1,2026-08-24T10:08:17.104854+09:00,2026-08-24T10:08:17.627301+09:00
bbe339d26208d459ef281c5984fdc733,2026-08-15,2026-08-15T06:36:00+09:00,2026-08-15T07:36:00+09:00,hs_shopntmall,쇼핑엔티,[50％세일] 대원제약 철갑상어 콘드로이친 with MBP 15개월분 + 저압냄비,대원제약 철갑상어 콘드로이친 with MBP 15개월분 + 저압냄비,대원제약 철갑상어 콘드로이친 with MBP 15개월분 + 저압냄비,,,,확인필요,대원제약 철갑상어 콘드로이친 with MBP 15개월분 + 저압냄비,식품,1,628,62172000,,,validated_paid_insert,paid_schedule_api,2026-08-24T10:08:17.627301+09:00,,,1,2026-08-24T10:08:17.104854+09:00,2026-08-24T10:08:17.627301+09:00
18890ada6ebbe0f9bff21649918f4d04,2026-08-15,2026-08-15T07:15:00+09:00,2026-08-15T08:15:00+09:00,hs_gsshop,GS홈쇼핑,뉴트리코어 헤어그릭스 케라넷 3박스(12주),뉴트리코어 헤어그릭스 케라넷 3박스,뉴트리코어 헤어그릭스 케라넷 3박스,,,,확인필요,뉴트리코어 헤어그릭스 케라넷 3박스,식품,2,1244,320092000,,,validated_paid_insert,paid_schedule_api,2026-08-24T10:08:17.627301+09:00,,,1,2026-08-24T10:08:17.104854+09:00,2026-08-24T10:08:17.627301+09:00
3a5d462e9dc3c18cb11ca953dd5b9e5f,2026-08-15,2026-08-15T07:15:00+09:00,2026-08-15T08:25:00+09:00,hs_gongyoung,공영쇼핑,제주산 당찬여주 발효효소(10+1개월),제주산 당찬여주 발효효소,제주산 당찬여주 발효효소,,건강식품/혈당관리,,확정,제주산 당찬여주 발효효소,식품,2,949,182902000,,,validated_paid_insert,paid_schedule_api,2026-08-24T10:08:17.627301+09:00,,,1,2026-08-24T10:08:17.104854+09:00,2026-08-24T10:08:17.627301+09:00
6992f416f5593393d8a2527f0976bcff,2026-08-15,2026-08-15T07:15:00+09:00,2026-08-15T08:20:00+09:00,hs_hnsmall,홈앤쇼핑,[홀베리]유기농 올리브유 9박스 + 1박스 (140포),유기농 올리브유 9박스 + 1박스,유기농 올리브유 9박스 + 1박스,,,,미분류,,식품,1,949,93951000,,,validated_paid_insert,paid_schedule_api,2026-08-24T10:08:17.627301+09:00,,,1,2026-08-24T10:08:17.104854+09:00,2026-08-24T10:08:17.627301+09:00
1497441690f71c160d372928522c2c2e,2026-08-15,2026-08-15T07:20:00+09:00,2026-08-15T08:22:00+09:00,hs_nsmall,NS홈쇼핑,에버콜라겐타임레티놀A,에버콜라겐타임레티놀A,에버콜라겐타임레티놀A,,,,미분류,,식품,17,299,143121000,,,validated_paid_insert,paid_schedule_api,2026-08-24T10:08:17.627301+09:00,,,1,2026-08-24T10:08:17.104854+09:00,2026-08-24T10:08:17.627301+09:00
273f7ae3207ffe0034e31ae6cd31d333,2026-08-15,2026-08-15T07:20:00+09:00,2026-08-15T08:20:00+09:00,hs_cjonstyle,CJ온스타일,[최다 11개월] 프로 다이어트 유산균 10개월분+슬림플러스 1개월분,프로 다이어트 유산균 10개월분+슬림플러스 1개월분,프로 다이어트 유산균 10개월분+슬림플러스 1개월분,,,,미분류,,식품,3,433,231782000,,,validated_paid_insert,paid_schedule_api,2026-08-24T10:08:17.627301+09:00,,,1,2026-08-24T10:08:17.104854+09:00,2026-08-24T10:08:17.627301+09:00
45fc3015adc760211b7bb0cffb018733,2026-08-15,2026-08-15T07:20:00+09:00,2026-08-15T08:21:00+09:00,hs_shinsegae,신세계쇼핑,(50％세일)★방송최다구성★[12박스+2박스]닥터린 콘드로이친 1200 콘레이티 MBP 12개월분+초임계 비타민K2 2박스,★방송최다구성★ 닥터린 콘드로이친 1200 콘레이티 MBP 12개월분+초임계 비타민K2 2박스,★방송최다구성★ 닥터린 콘드로이친 1200 콘레이티 MBP 12개월분+초임계 비타민K2 2박스,,,,미분류,,식품,2,792,126514000,,,validated_paid_insert,paid_schedule_api,2026-08-24T10:08:17.627301+09:00,,,1,2026-08-24T10:08:17.104854+09:00,2026-08-24T10:08:17.627301+09:00
95adbc4dbfd1a4f6eb98f21e21b1f3d3,2026-08-15,2026-08-15T07:20:00+09:00,2026-08-15T08:20:00+09:00,hs_lotteimallonetv,롯데원티비,[김오곤] ☆방송에서만 반값세일☆[5박스] 김오곤 원장의 한방 다이어트 환 (5 g x 28포 x 5박스),☆방송에서만 반값세일☆ 김오곤 원장의 한방 다이어트 환,김오곤 원장의 한방 다이어트 환,김오곤,다이어트,한방 환,확정,반값세일 김오곤 원장의 한방 다이어트 환,식품,1,179,17542000,,,validated_paid_insert,paid_schedule_api,2026-08-24T10:08:17.627301+09:00,,,1,2026-08-24T10:08:17.104854+09:00,2026-08-24T10:08:17.627301+09:00
ef0dad65850562a9b33dd2d986d24f9b,2026-08-15,2026-08-15T07:20:00+09:00,2026-08-15T08:20:00+09:00,hs_lotteimall,롯데홈쇼핑,[뉴케어] ★홈쇼핑 최초공개★ 뉴케어 당플랜코어 144팩(24팩x6박스) + 당플랜 안심차 9팩,★홈쇼핑 ★ 뉴케어 당플랜코어 144팩 + 당플랜 안심차 9팩,★홈쇼핑 ★ 뉴케어 당플랜코어 144팩 + 당플랜 안심차 9팩,,,,미분류,,식품,2,282,72247000,,,validated_paid_insert,paid_schedule_api,2026-08-24T10:08:17.627301+09:00,,,1,2026-08-24T10:08:17.104854+09:00,2026-08-24T10:08:17.627301+09:00
6d69d7b7c2fb97577f6a51cb972d593f,2026-08-15,2026-08-15T07:28:00+09:00,2026-08-15T08:30:00+09:00,hs_kshop,KT알파쇼핑,비에날씬_다이어트유산균,비에날씬_다이어트유산균,비에날씬 프로,비에날씬,다이어트 유산균,BNR17 유산균,확정,비에날씬 다이어트유산균,식품,3,164,79408000,,,validated_paid_insert,paid_schedule_api,2026-08-24T10:08:17.627301+09:00,,,1,2026-08-24T10:08:17.104854+09:00,2026-08-24T10:08:17.627301+09:00
50f17553e741597d8fec8cdb8146c64c,2026-08-15,2026-08-15T07:36:00+09:00,2026-08-15T08:36:00+09:00,hs_gsshopmyshop,GS홈쇼핑 마이샵,닥터린 콘드로이친 1200 콘레이티+MBP+K2 12개월분 + 비타민K2 2박스 더,닥터린 콘드로이친 1200 콘레이티+MBP+K2 12개월분 + 비타민K2 2박스 더,닥터린 콘드로이친 1200 콘레이티+MBP+K2 12개월분 + 비타민K2 2박스 더,,,,확인필요,닥터린 콘드로이친 1200 콘레이티+MBP+K2 12개월분 + 비타민K2 2박스 더,식품,2,455,71077500,,,validated_paid_insert,paid_schedule_api,2026-08-24T10:08:17.627301+09:00,,,1,2026-08-24T10:08:17.104854+09:00,2026-08-24T10:08:17.627301+09:00
1b3acc9e7c68523a5b86efc564d985b8,2026-08-15,2026-08-15T07:45:00+09:00,2026-08-15T08:45:00+09:00,hs_cjonstyleplus,CJ온스타일 플러스,[방송에서만] 164 루테인지아잔틴GR 15개월분,164 루테인지아잔틴GR 15개월분,164 루테인지아잔틴GR 15개월분,,,,확인필요,164 루테인지아잔틴GR 15개월분,식품,3,272,54248000,,,validated_paid_insert,paid_schedule_api,2026-08-24T10:08:17.627301+09:00,,,1,2026-08-24T10:08:17.104854+09:00,2026-08-24T10:08:17.627301+09:00
0fdb67ba10d8c089fbe31e3a6ceb6c32,2026-08-15,2026-08-15T08:20:00+09:00,2026-08-15T11:21:00+09:00,hs_hmall,현대홈쇼핑,어반트라이브 하이드레이트 리브 인 폼 왕톡 구성,어반트라이브 하이드레이트 리브 인 폼 왕톡 구성,어반트라이브 하이드레이트 리브 인 폼 왕톡 구성,,,,미분류,,식품,4,30599,3641121300,,,validated_paid_insert,paid_schedule_api,2026-08-24T10:08:17.627301+09:00,,,1,2026-08-24T10:08:17.104854+09:00,2026-08-24T10:08:17.627301+09:00
e7ff872380780c618d297bd43bd8608e,2026-08-15,2026-08-15T08:20:00+09:00,2026-08-15T09:20:00+09:00,hs_hnsmall,홈앤쇼핑,[방송에서만 11개월분][9개월분] 비에날씬프로 9병 (9개월분) +   비에날씬플러스 6박스 + 보랄 스팀에어프라이어,비에날씬프로 9병 + 비에날씬플러스 6박스 + 보랄 스팀에어프라이어,비에날씬 프로,비에날씬,다이어트 유산균,BNR17 유산균,확정,비에날씬프로,식품,3,336,165988000,,,validated_paid_insert,paid_schedule_api,2026-08-24T10:08:17.627301+09:00,,,1,2026-08-24T10:08:17.104854+09:00,2026-08-24T10:08:17.627301+09:00
2962e716c2fee5ad4605b59c5381a3bc,2026-08-15,2026-08-15T08:25:00+09:00,2026-08-15T09:25:00+09:00,hs_gongyoung,공영쇼핑,[2026 햇육젓 1+1] 김정배명인새우젓(육젓)500g×6통,김정배명인새우젓 500g×6통,김정배명인새우젓 500g×6통,,,,미분류,,식품,4,2126,188320500,,,validated_paid_insert,paid_schedule_api,2026-08-24T10:08:17.627301+09:00,,,1,2026-08-24T10:08:17.104854+09:00,2026-08-24T10:08:17.627301+09:00
0ed89e6809ab953dcbbb8e36fb5509cf,2026-08-15,2026-08-15T08:35:00+09:00,2026-08-15T09:35:00+09:00,hs_shopntmall,쇼핑엔티,[50％세일] 골드 카무트 효소 12박스 +  파로 5봉 + 복부마사지기,골드 카무트 효소 12박스 + 파로 5봉 + 복부마사지기,골드 카무트 효소 12박스 + 파로 5봉 + 복부마사지기,,,,미분류,,식품,1,529,104742000,,,validated_paid_insert,paid_schedule_api,2026-08-24T10:08:17.627301+09:00,,,1,2026-08-24T10:08:17.104854+09:00,2026-08-24T10:08:17.627301+09:00
2464aacc9870a582b8519a1da7652131,2026-08-15,2026-08-15T09:20:00+09:00,2026-08-15T10:21:00+09:00,hs_nsmall,NS홈쇼핑,골드파로효소,골드파로효소,골드 파로효소,,건강식품/효소,효소,확정,골드파로효소,식품,11,1319,275631000,,,validated_paid_insert,paid_schedule_api,2026-08-24T10:08:17.627301+09:00,,,1,2026-08-24T10:08:17.104854+09:00,2026-08-24T10:08:17.627301+09:00
e4e868f5f0b9c0cb990ec115605d385f,2026-08-15,2026-08-15T09:25:00+09:00,2026-08-15T10:25:00+09:00,hs_gongyoung,공영쇼핑,"[이경제] 이경제 흑염소 진액 眞 (70ml×30포)×8박스+1박스, 총 270포","이경제 흑염소 진액 眞 ×8박스+1박스, 총 270포",이경제 흑염소 진액 진,이경제,동물성 진액,흑염소,확정,이경제 흑염소 진액 眞 ×,식품,3,479,125634000,,,validated_paid_insert,paid_schedule_api,2026-08-24T10:08:17.627301+09:00,,,1,2026-08-24T10:08:17.104854+09:00,2026-08-24T10:08:17.627301+09:00
74f0e7b03b778be9935e5166f8b64ba1,2026-08-15,2026-08-15T09:36:00+09:00,2026-08-15T10:36:00+09:00,hs_gsshopmyshop,GS홈쇼핑 마이샵,에버콜라겐 레티놀A GPH콜라겐 19병 (76주분),에버콜라겐 레티놀A GPH콜라겐 19병,에버콜라겐 레티놀A GPH콜라겐,,건강식품/콜라겐,콜라겐,확정,에버콜라겐 레티놀A GPH콜라겐,식품,4,133,55057000,,,validated_paid_insert,paid_schedule_api,2026-08-24T10:08:17.627301+09:00,,,1,2026-08-24T10:08:17.104854+09:00,2026-08-24T10:08:17.627301+09:00
42f9f0722da8ff2e7973c20cc5936c2d,2026-08-15,2026-08-15T10:20:00+09:00,2026-08-15T11:25:00+09:00,hs_hnsmall,홈앤쇼핑,[국민영양] 여에스더 PS 포스파티딜세린 10박스(20주분) + 카무트효소1박스,여에스더 PS 포스파티딜세린 10박스 + 카무트효소1박스,여에스더 PS 포스파티딜세린 10박스 + 카무트효소1박스,,,,미분류,,식품,10,1968,175152000,,,validated_paid_insert,paid_schedule_api,2026-08-24T10:08:17.627301+09:00,,,1,2026-08-24T10:08:17.104854+09:00,2026-08-24T10:08:17.627301+09:00
1312b71ec3bbdcf2ff1e68b242e77644,2026-08-15,2026-08-15T10:25:00+09:00,2026-08-15T11:35:00+09:00,hs_gongyoung,공영쇼핑,2026 영월농협 태양초 햇 고춧가루 500g*4봉(2kg),2026 영월농협 태양초 햇 고춧가루 500g*4봉,2026 영월농협 태양초 햇 고춧가루 500g*4봉,,,,미분류,,식품,2,2546,330171100,,,validated_paid_insert,paid_schedule_api,2026-08-24T10:08:17.627301+09:00,,,1,2026-08-24T10:08:17.104854+09:00,2026-08-24T10:08:17.627301+09:00
6f7012c03edd49cff068777e520b8a66,2026-08-15,2026-08-15T10:35:00+09:00,2026-08-15T11:34:00+09:00,hs_shopntmall,쇼핑엔티,[단하루 초특가] 김오곤 흑염소진액 골드 8박스(240포) ,김오곤 흑염소진액 골드 8박스,김오곤 흑염소진액 골드 8박스,,,,미분류,,식품,2,274,47372000,,,validated_paid_insert,paid_schedule_api,2026-08-24T10:08:17.627301+09:00,,,1,2026-08-24T10:08:17.104854+09:00,2026-08-24T10:08:17.627301+09:00
3f2a5e0f8fb5528064456681efd8120c,2026-08-15,2026-08-15T11:21:00+09:00,2026-08-15T12:21:00+09:00,hs_skstoa,SK스토아,(방송중에만)▲카사베르디 유기농 레드와인 비니거 6+2병+디스펜서▲+무선 텀블러 블렌더 | 원산지 : 상품정보 참조,▲카사베르디 유기농 레드와인 비니거 6+2병+디스펜서▲+무선 텀블러 블렌더 | 원산지 : 상품정보 참조,▲카사베르디 유기농 레드와인 비니거 6+2병+디스펜서▲+무선 텀블러 블렌더 | 원산지 : 상품정보 참조,,,,미분류,,식품,2,768,98032000,,,validated_paid_insert,paid_schedule_api,2026-08-24T10:08:17.627301+09:00,,,1,2026-08-24T10:08:17.104854+09:00,2026-08-24T10:08:17.627301+09:00
58b4e6eeb8604ceec3cf646f155e1fa9,2026-08-15,2026-08-15T11:35:00+09:00,2026-08-15T12:50:00+09:00,hs_gongyoung,공영쇼핑,제주 은갈치 특대사이즈 300g*6마리분량(총 24토막),제주 은갈치 특대사이즈 300g*6마리분량,제주 은갈치 특대사이즈 300g*6마리분량,,,,미분류,,식품,2,2795,139470500,,,validated_paid_insert,paid_schedule_api,2026-08-24T10:08:17.627301+09:00,,,1,2026-08-24T10:08:17.104854+09:00,2026-08-24T10:08:17.627301+09:00
3d19a1f2f5e5ce8503aaaf3097d1817b,2026-08-15,2026-08-15T12:21:00+09:00,2026-08-15T13:44:00+09:00,hs_nsmallshopplus,NS홈쇼핑 샵플러스,유정임김치1,유정임김치1,유정임김치1,,,,미분류,,식품,4,2819,84304100,,,validated_paid_insert,paid_schedule_api,2026-08-24T10:08:17.627301+09:00,,,1,2026-08-24T10:08:17.104854+09:00,2026-08-24T10:08:17.627301+09:00
00fb19d84ce4f1123553b1f3194f6bbe,2026-08-15,2026-08-15T12:45:00+09:00,2026-08-15T13:45:00+09:00,hs_cjonstyleplus,CJ온스타일 플러스,프리메로 블루베리 리얼 100% 10박스+2박스 (30mlx10포),프리메로 블루베리 리얼 100% 10박스+2박스,프리메로 블루베리 리얼,프리메로,과채주스/베리,블루베리,확정,프리메로 블루베리 리얼,식품,2,302,38418000,,,validated_paid_insert,paid_schedule_api,2026-08-24T10:08:17.627301+09:00,,,1,2026-08-24T10:08:17.104854+09:00,2026-08-24T10:08:17.627301+09:00
65ef532434f82fd22408f17fbdc4617c,2026-08-15,2026-08-15T12:50:00+09:00,2026-08-15T14:00:00+09:00,hs_gongyoung,공영쇼핑,순천농협 새청무쌀 20kg*1포,순천농협 새청무쌀 20kg*1포,순천농협 새청무쌀 20kg*1포,,,,미분류,,식품,1,1705,119179500,,,validated_paid_insert,paid_schedule_api,2026-08-24T10:08:17.627301+09:00,,,1,2026-08-24T10:08:17.104854+09:00,2026-08-24T10:08:17.627301+09:00
5a176ce77e19a3e985e8f4a01cbf98bd,2026-08-15,2026-08-15T13:20:00+09:00,2026-08-15T14:21:00+09:00,hs_nsmall,NS홈쇼핑,골드파로효소 2부,골드파로효소 2부,골드 파로효소,,건강식품/효소,효소,확정,골드파로효소,식품,11,500,104500000,,,validated_paid_insert,paid_schedule_api,2026-08-24T10:08:17.627301+09:00,,,1,2026-08-24T10:08:17.104854+09:00,2026-08-24T10:08:17.627301+09:00
7baee332ffd19773903360c0f318a09c,2026-08-15,2026-08-15T14:20:00+09:00,2026-08-15T15:21:00+09:00,hs_nsmall,NS홈쇼핑,완도활전복,완도활전복,완도활전복,,수산물,수산물,확정,완도활전복,식품,9,1591,95274910,,,validated_paid_insert,paid_schedule_api,2026-08-24T10:08:17.627301+09:00,,,1,2026-08-24T10:08:17.104854+09:00,2026-08-24T10:08:17.627301+09:00
09c1da7be5b993fde57be1e4d4b92d49,2026-08-15,2026-08-15T15:05:00+09:00,2026-08-15T16:10:00+09:00,hs_gongyoung,공영쇼핑,제주흑돼지 양념+고추장불고기 세트 300g*8팩 (총2.4㎏),제주흑돼지 양념+고추장불고기 세트 300g*8팩,제주흑돼지 양념+고추장불고기 세트 300g*8팩,,,,미분류,,식품,1,4668,139573200,,,validated_paid_insert,paid_schedule_api,2026-08-24T10:08:17.627301+09:00,,,1,2026-08-24T10:08:17.104854+09:00,2026-08-24T10:08:17.627301+09:00
0bf02f299f5dc37946924b8dfa360730,2026-08-15,2026-08-15T15:20:00+09:00,2026-08-15T16:22:00+09:00,hs_nsmall,NS홈쇼핑,임성근키로갈비탕,임성근키로갈비탕,임성근키로갈비탕,,,,미분류,,식품,2,4014,240438600,,,validated_paid_insert,paid_schedule_api,2026-08-24T10:08:17.627301+09:00,,,1,2026-08-24T10:08:17.104854+09:00,2026-08-24T10:08:17.627301+09:00
e15971b033d4020fe281b7ed2cd5fcb5,2026-08-15,2026-08-15T15:20:00+09:00,2026-08-15T16:20:00+09:00,hs_lotteimallonetv,롯데원티비,"[대천김] ★방송에서만★ 대천김 곱창캔김 12캔, 김자반볶음 1봉","★방송에서만★ 대천김 곱창캔김 12캔, 김자반볶음 1봉","★방송에서만★ 대천김 곱창캔김 12캔, 김자반볶음 1봉",,,,미분류,,식품,1,1181,58931900,,,validated_paid_insert,paid_schedule_api,2026-08-24T10:08:17.627301+09:00,,,1,2026-08-24T10:08:17.104854+09:00,2026-08-24T10:08:17.627301+09:00
a1cf0a73492e484f8e41f3111622db31,2026-08-15,2026-08-15T15:33:00+09:00,2026-08-15T16:33:00+09:00,hs_shopntmall,쇼핑엔티,[단하루 초특가] 김오곤 흑염소진액 골드 8박스(240포) ,김오곤 흑염소진액 골드 8박스,김오곤 흑염소진액 골드 8박스,,,,미분류,,식품,2,199,34422000,,,validated_paid_insert,paid_schedule_api,2026-08-24T10:08:17.627301+09:00,,,1,2026-08-24T10:08:17.104854+09:00,2026-08-24T10:08:17.627301+09:00
83031006d3521185ec06313226941add,2026-08-15,2026-08-15T16:02:00+09:00,2026-08-15T17:24:00+09:00,hs_nsmallshopplus,NS홈쇼핑 샵플러스,고춧가루1,고춧가루1,고춧가루1,,조미식품,고추,확인필요,고춧가루1,식품,2,801,96681600,,,validated_paid_insert,paid_schedule_api,2026-08-24T10:08:17.627301+09:00,,,1,2026-08-24T10:08:17.104854+09:00,2026-08-24T10:08:17.627301+09:00
7f1168fa65f888a7cb614b202548671a,2026-08-15,2026-08-15T16:10:00+09:00,2026-08-15T17:20:00+09:00,hs_gongyoung,공영쇼핑,[완도천재진전복] 완도 활전복 대왕특대 110g×15마리,완도 활전복 대왕특대 110g×15마리,완도활전복,,수산물,수산물,확정,완도활전복,식품,4,4777,190691300,,,validated_paid_insert,paid_schedule_api,2026-08-24T10:08:17.627301+09:00,,,1,2026-08-24T10:08:17.104854+09:00,2026-08-24T10:08:17.627301+09:00
b58b1e21abf5e429e651c277be3e1db0,2026-08-15,2026-08-15T16:20:00+09:00,2026-08-15T17:16:00+09:00,hs_nsmall,NS홈쇼핑,임성근포기김치,임성근포기김치,임성근포기김치,,,,미분류,,식품,5,5021,200401350,,,validated_paid_insert,paid_schedule_api,2026-08-24T10:08:17.627301+09:00,,,1,2026-08-24T10:08:17.104854+09:00,2026-08-24T10:08:17.627301+09:00
09ed033c2b2c085e2e7570d141990cd7,2026-08-15,2026-08-15T16:24:00+09:00,2026-08-15T17:24:00+09:00,hs_shinsegae,신세계쇼핑,[방송중 총 110팩] 하이뮨 케어메이트 검은깨맛/6박스(108팩)+체험판 2팩,하이뮨 케어메이트 검은깨맛/6박스 +체험판 2팩,하이뮨 케어메이트 검은깨맛/6박스 +체험판 2팩,,,,미분류,,식품,2,179,35241000,,,validated_paid_insert,paid_schedule_api,2026-08-24T10:08:17.627301+09:00,,,1,2026-08-24T10:08:17.104854+09:00,2026-08-24T10:08:17.627301+09:00
d1e23de7d41daa166e2209465dca7b7b,2026-08-15,2026-08-15T16:32:00+09:00,2026-08-15T17:33:00+09:00,hs_kshop,KT알파쇼핑,임성근_감자탕,임성근_감자탕,임성근_감자탕,,,,미분류,,식품,11,2737,109273300,,,validated_paid_insert,paid_schedule_api,2026-08-24T10:08:17.627301+09:00,,,1,2026-08-24T10:08:17.104854+09:00,2026-08-24T10:08:17.627301+09:00
210bf1b8ceae4763832d818b048cb668,2026-08-15,2026-08-15T16:33:00+09:00,2026-08-15T17:33:00+09:00,hs_shopntmall,쇼핑엔티,(수산대전) 제주 특대은갈치 20토막 [300g(4토막)×5줄 / 총 20토막 (1.5kg)],제주 특대은갈치 20토막,제주 특대은갈치 20토막,,,,미분류,,식품,1,1052,63014800,,,validated_paid_insert,paid_schedule_api,2026-08-24T10:08:17.627301+09:00,,,1,2026-08-24T10:08:17.104854+09:00,2026-08-24T10:08:17.627301+09:00
65c45c5bf0c8bf1bf828f4dad36ebac0,2026-08-15,2026-08-15T17:15:00+09:00,2026-08-15T18:21:00+09:00,hs_nsmall,NS홈쇼핑,보넬드당근주스,보넬드당근주스,보넬드 아이엠 당근주스,보넬드,과채주스,당근,확정,보넬드당근주스,식품,1,1178,143716000,,,validated_paid_insert,paid_schedule_api,2026-08-24T10:08:17.627301+09:00,,,1,2026-08-24T10:08:17.104854+09:00,2026-08-24T10:08:17.627301+09:00
5d053b6ad51a7e77181cd89f03277e4d,2026-08-15,2026-08-15T17:20:00+09:00,2026-08-15T18:00:00+09:00,hs_lotteimallonetv,롯데원티비,[제스프리] ★방송에서만 장바구니 포함★ 제스프리 유기농 골드키위 자이언트 사이즈 총 3.5kg (23입 / 개당 155g 내외),★방송에서만 장바구니 포함★ 제스프리 유기농 골드키위 자이언트 사이즈 총 3.5kg,★방송에서만 장바구니 포함★ 제스프리 유기농 골드키위 자이언트 사이즈 총 3.5kg,,,,미분류,,식품,1,378,15082200,,,validated_paid_insert,paid_schedule_api,2026-08-24T10:08:17.627301+09:00,,,1,2026-08-24T10:08:17.104854+09:00,2026-08-24T10:08:17.627301+09:00
cf5c0c964a37802e7a9ae98107274ce8,2026-08-15,2026-08-15T17:20:00+09:00,2026-08-15T18:30:00+09:00,hs_gongyoung,공영쇼핑,[4종] 정성곳간 김치 포기6.5kg+총각2kg+열무2kg+유자백김치1kg(총11.5kg),정성곳간 김치 포기6.5kg+총각2kg+열무2kg+유자백김치1kg,정성곳간 김치 포기6.5kg+총각2kg+열무2kg+유자백김치1kg,,,,미분류,,식품,2,2642,131835800,,,validated_paid_insert,paid_schedule_api,2026-08-24T10:08:17.627301+09:00,,,1,2026-08-24T10:08:17.104854+09:00,2026-08-24T10:08:17.627301+09:00
7126259339d53a786e7b92a0d402abad,2026-08-15,2026-08-15T17:22:00+09:00,2026-08-15T18:23:00+09:00,hs_nsmallshopplus,NS홈쇼핑 샵플러스,밤로쉐생율1,밤로쉐생율1,밤로쉐생율1,,,,확인필요,밤로쉐생율1,식품,2,1239,49436100,,,validated_paid_insert,paid_schedule_api,2026-08-24T10:08:17.627301+09:00,,,1,2026-08-24T10:08:17.104854+09:00,2026-08-24T10:08:17.627301+09:00
c2b97972dd5125130c99627053eb2b0b,2026-08-15,2026-08-15T17:24:00+09:00,2026-08-15T18:25:00+09:00,hs_shinsegae,신세계쇼핑,26) 조선호텔 양념 LA갈비 400g X 8팩,26) 조선호텔 양념 LA갈비 400g X 8팩,26) 조선호텔 양념 LA갈비 400g X 8팩,,,,미분류,,식품,1,743,96515700,,,validated_paid_insert,paid_schedule_api,2026-08-24T10:08:17.627301+09:00,,,1,2026-08-24T10:08:17.104854+09:00,2026-08-24T10:08:17.627301+09:00
c61a62143db14c521a73aaa5be1a99f7,2026-08-15,2026-08-15T17:30:00+09:00,2026-08-15T18:40:00+09:00,hs_cjonstyle,CJ온스타일,캐나다 야생블루베리 100% 5+5+2박스,캐나다 야생블루베리 100% 5+5+2박스,캐나다 야생블루베리 100% 5+5+2박스,,,,미분류,,식품,2,1061,167376000,,,validated_paid_insert,paid_schedule_api,2026-08-24T10:08:17.627301+09:00,,,1,2026-08-24T10:08:17.104854+09:00,2026-08-24T10:08:17.627301+09:00
f3e67c0c9c00cd62ee59a3173ecd8c90,2026-08-15,2026-08-15T17:32:00+09:00,2026-08-15T18:32:00+09:00,hs_shopntmall,쇼핑엔티,(TV)온작이영자의 파김치3kg,온작이영자의 파김치3kg,온작이영자의 파김치3kg,,,,미분류,,식품,2,2141,82591900,,,validated_paid_insert,paid_schedule_api,2026-08-24T10:08:17.627301+09:00,,,1,2026-08-24T10:08:17.104854+09:00,2026-08-24T10:08:17.627301+09:00
a76ed9bc3ec09b973c846e08c086f9e3,2026-08-15,2026-08-15T17:45:00+09:00,2026-08-15T18:45:00+09:00,hs_cjonstyleplus,CJ온스타일 플러스,특뼈없는 키로갈비탕 1kg x 12팩,특뼈없는 키로갈비탕 1kg x 12팩,특뼈없는 키로갈비탕 1kg x 12팩,,,,미분류,,식품,1,1596,95600400,,,validated_paid_insert,paid_schedule_api,2026-08-24T10:08:17.627301+09:00,,,1,2026-08-24T10:08:17.104854+09:00,2026-08-24T10:08:17.627301+09:00
856ca1aed05d1eb136b05e6b7027e80a,2026-08-15,2026-08-15T18:21:00+09:00,2026-08-15T19:21:00+09:00,hs_skstoa,SK스토아,[방송에서만] 김수경 박사의 프리미엄 유기농생식 6박스+2박스+흔들컵 2개 | 원산지 : 상품정보 참조,김수경 박사의 프리미엄 유기농생식 6박스+2박스+흔들컵 2개 | 원산지 : 상품정보 참조,김수경 박사의 프리미엄 유기농생식 6박스+2박스+흔들컵 2개 | 원산지 : 상품정보 참조,,,,미분류,,식품,2,22,6886000,,,validated_paid_insert,paid_schedule_api,2026-08-24T10:08:17.627301+09:00,,,1,2026-08-24T10:08:17.104854+09:00,2026-08-24T10:08:17.627301+09:00
fa7d4bdfad31d68aa2ad0648fa16a69a,2026-08-15,2026-08-15T18:24:00+09:00,2026-08-15T19:25:00+09:00,hs_shinsegae,신세계쇼핑,조선호텔 포기김치 5kg+열무얼갈이김치 2kg,조선호텔 포기김치 5kg+열무얼갈이김치 2kg,조선호텔 포기김치 5kg+열무얼갈이김치 2kg,,,,미분류,,식품,3,1656,103156800,,,validated_paid_insert,paid_schedule_api,2026-08-24T10:08:17.627301+09:00,,,1,2026-08-24T10:08:17.104854+09:00,2026-08-24T10:08:17.627301+09:00
c18d91f474bf8c6cdc2d3c0c028351ee,2026-08-15,2026-08-15T18:30:00+09:00,2026-08-15T19:40:00+09:00,hs_gongyoung,공영쇼핑,"[가공수산 1등, 재구매율 1등]남가네 설악 추어탕 450g×12팩",남가네 설악 추어탕 450g×12팩,남가네 설악 추어탕 450g×12팩,,,,미분류,,식품,3,2879,114786100,,,validated_paid_insert,paid_schedule_api,2026-08-24T10:08:17.627301+09:00,,,1,2026-08-24T10:08:17.104854+09:00,2026-08-24T10:08:17.627301+09:00
54aee9543cb403934491dd82fddda412,2026-08-15,2026-08-15T18:32:00+09:00,2026-08-15T19:32:00+09:00,hs_shopntmall,쇼핑엔티,[50％세일]보넬드 아이엠 당근 주스 15병,보넬드 아이엠 당근 주스 15병,보넬드 아이엠 당근주스,보넬드,과채주스,당근,확정,보넬드 아이엠 당근 주스,식품,1,319,38918000,,,validated_paid_insert,paid_schedule_api,2026-08-24T10:08:17.627301+09:00,,,1,2026-08-24T10:08:17.104854+09:00,2026-08-24T10:08:17.627301+09:00
3636d5d1ea12cdcf3e1f766678cfe560,2026-08-15,2026-08-15T18:38:00+09:00,2026-08-15T19:38:00+09:00,hs_gsshopmyshop,GS홈쇼핑 마이샵,[GS단독] 가시제거연구소 고등어밥상 노르웨이 순살고등어 550g 3봉,가시제거연구소 고등어밥상 노르웨이 순살고등어 550g 3봉,가시제거연구소 고등어밥상 노르웨이 순살고등어 550g 3봉,,,,확인필요,가시제거연구소 고등어밥상 노르웨이 순살고등어 550g 3봉,식품,1,855,51214500,,,validated_paid_insert,paid_schedule_api,2026-08-24T10:08:17.627301+09:00,,,1,2026-08-24T10:08:17.104854+09:00,2026-08-24T10:08:17.627301+09:00
e521413c2b8e6522fa4bf9463a11bacf,2026-08-15,2026-08-15T18:45:00+09:00,2026-08-15T19:45:00+09:00,hs_cjonstyleplus,CJ온스타일 플러스,에브리데이 견과 4박스(100봉),에브리데이 견과 4박스,에브리데이 견과 4박스,,,,미분류,,식품,2,1352,147237700,,,validated_paid_insert,paid_schedule_api,2026-08-24T10:08:17.627301+09:00,,,1,2026-08-24T10:08:17.104854+09:00,2026-08-24T10:08:17.627301+09:00
64cd84ec22c37696804dfe0c4c850ba5,2026-08-15,2026-08-15T19:25:00+09:00,2026-08-15T20:30:00+09:00,hs_gsshop,GS홈쇼핑,종가 중부식 포기김치 10.4kg (5.2kg X 2),종가 중부식 포기김치 10.4kg,종가 중부식 포기김치 10.4kg,,,,확인필요,종가 중부식 포기김치 10.4kg,식품,3,3768,301063200,,,validated_paid_insert,paid_schedule_api,2026-08-24T10:08:17.627301+09:00,,,1,2026-08-24T10:08:17.104854+09:00,2026-08-24T10:08:17.627301+09:00
2d6f1491a49167304b5e5cf9f16b8936,2026-08-15,2026-08-15T19:30:00+09:00,2026-08-15T20:30:00+09:00,hs_cjonstyle,CJ온스타일,[50%Sale] 골드카무트 효소18박스+파로8봉+저압냄비,골드카무트 효소18박스+파로8봉+저압냄비,골드카무트 효소18박스+파로8봉+저압냄비,,,,미분류,,식품,1,754,223938000,,,validated_paid_insert,paid_schedule_api,2026-08-24T10:08:17.627301+09:00,,,1,2026-08-24T10:08:17.104854+09:00,2026-08-24T10:08:17.627301+09:00
99182fd0dd20b38fd899081663915ec0,2026-08-15,2026-08-15T19:30:00+09:00,2026-08-15T20:30:00+09:00,hs_hnsmall,홈앤쇼핑,[1++ 한우] 이재훈셰프 스테이크 7+1팩(팩당 150g),이재훈셰프 스테이크 7+1팩,이재훈셰프 스테이크 7+1팩,,,,미분류,,식품,1,3860,273674000,,,validated_paid_insert,paid_schedule_api,2026-08-24T10:08:17.627301+09:00,,,1,2026-08-24T10:08:17.104854+09:00,2026-08-24T10:08:17.627301+09:00
a618eab7b03cadb1950458709121acad,2026-08-15,2026-08-15T19:33:00+09:00,2026-08-15T20:36:00+09:00,hs_kshop,KT알파쇼핑,카무트_견과바,카무트_견과바,카무트_견과바,,,,확인필요,카무트_견과바,식품,5,1951,112794900,,,validated_paid_insert,paid_schedule_api,2026-08-24T10:08:17.627301+09:00,,,1,2026-08-24T10:08:17.104854+09:00,2026-08-24T10:08:17.627301+09:00
8b49ce141e7e6cc7af791f0476aba88a,2026-08-15,2026-08-15T19:35:00+09:00,2026-08-15T20:42:00+09:00,hs_nsmall,NS홈쇼핑,꽃게장,꽃게장,꽃게장,,,,확인필요,꽃게장,식품,1,6043,301545700,,,validated_paid_insert,paid_schedule_api,2026-08-24T10:08:17.627301+09:00,,,1,2026-08-24T10:08:17.104854+09:00,2026-08-24T10:08:17.627301+09:00
88d41fcdc4f03010599720a3a8c5ce86,2026-08-15,2026-08-15T19:40:00+09:00,2026-08-15T20:40:00+09:00,hs_gongyoung,공영쇼핑,안동간고등어 대사이즈 100g×28팩,안동간고등어 대사이즈 100g×28팩,안동간고등어 대사이즈 100g×28팩,,,,미분류,,식품,5,3296,131510400,,,validated_paid_insert,paid_schedule_api,2026-08-24T10:08:17.627301+09:00,,,1,2026-08-24T10:08:17.104854+09:00,2026-08-24T10:08:17.627301+09:00
f7e3d0c00620923ec03fea8e4d2b7a92,2026-08-15,2026-08-15T19:40:00+09:00,2026-08-15T20:40:00+09:00,hs_lotteimallonetv,롯데원티비,[방송에서만] 임성근의 정담식 특 소곱창전골 800g X 11팩,임성근의 정담식 특 소곱창전골 800g X 11팩,임성근의 정담식 특 소곱창전골 800g X 11팩,,,,미분류,,식품,1,373,18612700,,,validated_paid_insert,paid_schedule_api,2026-08-24T10:08:17.627301+09:00,,,1,2026-08-24T10:08:17.104854+09:00,2026-08-24T10:08:17.627301+09:00
e028d352b72da8bb07436eefdd687846,2026-08-15,2026-08-15T20:25:00+09:00,2026-08-15T21:26:00+09:00,hs_shinsegae,신세계쇼핑,[유지인pick♥] 미녀의석류콜라겐 200포 (25g x 25포 x 8Box),미녀의석류콜라겐 200포,미녀의석류콜라겐 200포,,,,확인필요,미녀의석류콜라겐 200포,식품,1,951,105561000,,,validated_paid_insert,paid_schedule_api,2026-08-24T10:08:17.627301+09:00,,,1,2026-08-24T10:08:17.104854+09:00,2026-08-24T10:08:17.627301+09:00
181b7322ec029163977c372a2b44f83b,2026-08-15,2026-08-15T20:40:00+09:00,2026-08-15T21:40:00+09:00,hs_gongyoung,공영쇼핑,강병원 한우투뿔 스테이크 130gx10팩,강병원 한우투뿔 스테이크 130gx10팩,강병원 한우투뿔 스테이크 130gx10팩,,,,미분류,,식품,1,2142,149725800,,,validated_paid_insert,paid_schedule_api,2026-08-24T10:08:17.627301+09:00,,,1,2026-08-24T10:08:17.104854+09:00,2026-08-24T10:08:17.627301+09:00
74af01719ea53cb1645812de408fd840,2026-08-15,2026-08-15T20:40:00+09:00,2026-08-15T21:40:00+09:00,hs_lotteimallonetv,롯데원티비,[순수식품] ★방송에서만 반값세일★[5박스] 오가닉 퓨어 블루베리즙 5박스(20g*14포*5박스),★방송에서만 반값세일★ 오가닉 퓨어 블루베리즙 5박스,반값세일 오가닉 퓨어 블루베리즙,,과채주스/베리,블루베리,확정,반값세일 오가닉 퓨어 블루베리즙,식품,1,178,12442200,,,validated_paid_insert,paid_schedule_api,2026-08-24T10:08:17.627301+09:00,,,1,2026-08-24T10:08:17.104854+09:00,2026-08-24T10:08:17.627301+09:00
88ed183ac1c76e5913f0ac1f195a02e5,2026-08-15,2026-08-15T20:40:00+09:00,2026-08-15T21:46:00+09:00,hs_nsmall,NS홈쇼핑,홀베리올리브오일,홀베리올리브오일,홀베리올리브오일,,,,미분류,,식품,2,1153,114345000,,,validated_paid_insert,paid_schedule_api,2026-08-24T10:08:17.627301+09:00,,,1,2026-08-24T10:08:17.104854+09:00,2026-08-24T10:08:17.627301+09:00
4fb63e4c2ee8bbc4cf8ac69837437825,2026-08-15,2026-08-15T20:43:00+09:00,2026-08-15T21:44:00+09:00,hs_nsmallshopplus,NS홈쇼핑 샵플러스,고춧가루5,고춧가루5,고춧가루5,,,,미분류,,식품,2,389,38939100,,,validated_paid_insert,paid_schedule_api,2026-08-24T10:08:17.627301+09:00,,,1,2026-08-24T10:08:17.104854+09:00,2026-08-24T10:08:17.627301+09:00
7dcf1c25bdb8616c6e8bb159b5b8dba7,2026-08-15,2026-08-15T21:35:00+09:00,2026-08-15T22:50:00+09:00,hs_hnsmall,홈앤쇼핑,대한항공/NO옵션/NO팁 뉴질랜드 남북섬 9일  /  호주+뉴질랜드 10일  /  호주+뉴질랜드 12일,대한항공/NO옵션/NO팁 뉴질랜드 남북섬 9일 / 호주+뉴질랜드 10일 / 호주+뉴질랜드 12일,대한항공/NO옵션/NO팁 뉴질랜드 남북섬 9일 / 호주+뉴질랜드 10일 / 호주+뉴질랜드 12일,,,,미분류,,식품,1,853,0,,,validated_paid_insert,paid_schedule_api,2026-08-24T10:08:17.627301+09:00,,,1,2026-08-24T10:08:17.104854+09:00,2026-08-24T10:08:17.627301+09:00
31d2ce9134fa901cb9f9f49caf587fb5,2026-08-15,2026-08-15T21:38:00+09:00,2026-08-15T22:38:00+09:00,hs_gsshopmyshop,GS홈쇼핑 마이샵,"최현석 닭다리살스테이크 14팩(매콤바베큐 8팩, 오리엔탈갈릭 6팩)",최현석 닭다리살스테이크 14팩,최현석 닭다리살스테이크,최현석,육류,소고기/육류,확정,최현석 닭다리살스테이크,식품,1,920,55108000,,,validated_paid_insert,paid_schedule_api,2026-08-24T10:08:17.627301+09:00,,,1,2026-08-24T10:08:17.104854+09:00,2026-08-24T10:08:17.627301+09:00
e8df6b083c890db7db11997d65b68d94,2026-08-15,2026-08-15T21:43:00+09:00,2026-08-15T22:44:00+09:00,hs_nsmallshopplus,NS홈쇼핑 샵플러스,해남땅끝마을김치1,해남땅끝마을김치1,해남땅끝마을김치,,김치,배추,확정,해남땅끝마을김치,식품,2,1153,42545700,,,validated_paid_insert,paid_schedule_api,2026-08-24T10:08:17.627301+09:00,,,1,2026-08-24T10:08:17.104854+09:00,2026-08-24T10:08:17.627301+09:00
3c9e3afc36cc5b9077d1ed45fae77655,2026-08-15,2026-08-15T21:45:00+09:00,2026-08-15T22:51:00+09:00,hs_nsmall,NS홈쇼핑,손질문어,손질문어,손질문어,,,,미분류,,식품,1,3777,188472300,,,validated_paid_insert,paid_schedule_api,2026-08-24T10:08:17.627301+09:00,,,1,2026-08-24T10:08:17.104854+09:00,2026-08-24T10:08:17.627301+09:00
656f951dc2494a60d07cbd7ba65bf077,2026-08-15,2026-08-15T21:45:00+09:00,2026-08-15T22:45:00+09:00,hs_cjonstyleplus,CJ온스타일 플러스,[국민영양프로젝트] 여에스더 포스파티딜세린 10박스(5개월분)+블루베리 퓨레,여에스더 포스파티딜세린 10박스 +블루베리 퓨레,여에스더 포스파티딜세린 10박스 +블루베리 퓨레,,,,미분류,,식품,8,507,45123000,,,validated_paid_insert,paid_schedule_api,2026-08-24T10:08:17.627301+09:00,,,1,2026-08-24T10:08:17.104854+09:00,2026-08-24T10:08:17.627301+09:00
d690953150b1156b96ba3f8ed588bf68,2026-08-15,2026-08-15T22:45:00+09:00,2026-08-15T23:45:00+09:00,hs_gongyoung,공영쇼핑,[상주농협] 말랑한 황도 복숭아 총 4kg/ 개당중량 215g - 300g,말랑한 황도 복숭아 총 4kg/ 개당중량 215g - 300g,말랑한 황도 복숭아 총 4kg/ 개당중량 215g - 300g,,,,미분류,,식품,1,3573,133630200,,,validated_paid_insert,paid_schedule_api,2026-08-24T10:08:17.627301+09:00,,,1,2026-08-24T10:08:17.104854+09:00,2026-08-24T10:08:17.627301+09:00
840bb9f6d5959513f51058714ece0449,2026-08-15,2026-08-15T23:38:00+09:00,2026-08-16T00:38:00+09:00,hs_gsshopmyshop,GS홈쇼핑 마이샵,여수돌산갓김치 6kg (2kg+2kg+2kg),여수돌산갓김치 6kg,여수돌산갓김치 6kg,,,,미분류,,식품,1,1548,61765200,,,validated_paid_insert,paid_schedule_api,2026-08-24T10:08:17.627301+09:00,,,1,2026-08-24T10:08:17.104854+09:00,2026-08-24T10:08:17.627301+09:00
8348c3e7af07a6fc0d47a67b7e4a590b,2026-08-15,2026-08-15T23:43:00+09:00,2026-08-16T00:44:00+09:00,hs_nsmallshopplus,NS홈쇼핑 샵플러스,왕족발세트1,왕족발세트1,왕족발세트1,,,,미분류,,식품,1,374,19036600,,,validated_paid_insert,paid_schedule_api,2026-08-24T10:08:17.627301+09:00,,,1,2026-08-24T10:08:17.104854+09:00,2026-08-24T10:08:17.627301+09:00
92536a2f9e63718a36b77f3586f4257c,2026-08-15,2026-08-15T23:45:00+09:00,2026-08-16T00:45:00+09:00,hs_cjonstyleplus,CJ온스타일 플러스,통살닭다리구이 소금10팩 + 매콤양념10팩,통살닭다리구이 소금10팩 + 매콤양념10팩,통살닭다리구이 소금10팩 + 매콤양념10팩,,,,미분류,,식품,2,793,55430700,,,validated_paid_insert,paid_schedule_api,2026-08-24T10:08:17.627301+09:00,,,1,2026-08-24T10:08:17.104854+09:00,2026-08-24T10:08:17.627301+09:00
fc75d2417cc376ea24d7865490832e17,2026-08-16,2026-08-16T00:21:00+09:00,2026-08-16T01:21:00+09:00,hs_skstoa,SK스토아,[방송에서만] 닥터슈퍼칸 장민욱의 활력파워 알부민 3+3+2박스(240일분) | 원산지 : 상품정보 참조,닥터슈퍼칸 장민욱의 활력파워 알부민 3+3+2박스 | 원산지 : 상품정보 참조,닥터슈퍼칸 장민욱의 활력파워 알부민 3+3+2박스 | 원산지 : 상품정보 참조,,,,미분류,,식품,1,97,19206000,,,validated_paid_insert,paid_schedule_api,2026-08-24T10:03:37.355230+09:00,,,1,2026-08-24T10:03:36.612902+09:00,2026-08-24T10:03:37.355230+09:00
801a1dc2f05784cfca2486dcbcdf150c,2026-08-16,2026-08-16T00:27:00+09:00,2026-08-16T01:27:00+09:00,hs_shinsegae,신세계쇼핑,(방송에서만 50％세일) 데이즈온 원데이올인원 프리바이오틱스 유산균 12개월분 + 10일 무료체험,데이즈온 원데이올인원 프리바이오틱스 유산균 12개월분 + 10일,데이즈온 원데이올인원 프리바이오틱스 유산균 12개월분 + 10일,,,,미분류,,식품,1,81,15309000,,,validated_paid_insert,paid_schedule_api,2026-08-24T10:03:37.355230+09:00,,,1,2026-08-24T10:03:36.612902+09:00,2026-08-24T10:03:37.355230+09:00
8917ce3b9ffbcbe7ba50942c33330fc1,2026-08-16,2026-08-16T00:32:00+09:00,2026-08-16T01:32:00+09:00,hs_shopntmall,쇼핑엔티,[이번달 중 단하루 99천원] 종근당건강 락토핏 코어맥스 12+4개월+셰퍼청소기,종근당건강 락토핏 코어맥스 12+4개월+셰퍼청소기,종근당건강 락토핏 코어맥스 12+4개월+셰퍼청소기,,,,미분류,,식품,2,121,11979000,,,validated_paid_insert,paid_schedule_api,2026-08-24T10:03:37.355230+09:00,,,1,2026-08-24T10:03:36.612902+09:00,2026-08-24T10:03:37.355230+09:00
08996d6433494a66e3c5b920a9422a02,2026-08-16,2026-08-16T00:40:00+09:00,2026-08-16T01:20:00+09:00,hs_lotteimallonetv,롯데원티비,[원앙에프앤비] 원앙 참신한 마늘불닭발 150g X 8팩,원앙 참신한 마늘불닭발 150g X 8팩,원앙 참신한 마늘불닭발 150g X 8팩,,,,미분류,,식품,1,202,8059800,,,validated_paid_insert,paid_schedule_api,2026-08-24T10:03:37.355230+09:00,,,1,2026-08-24T10:03:36.612902+09:00,2026-08-24T10:03:37.355230+09:00
275294cfd5116fe4a1d1b41429567ffe,2026-08-16,2026-08-16T01:00:00+09:00,2026-08-16T02:20:00+09:00,hs_hmallplus,현대홈쇼핑 플러스샵,뼈엔 엠비피 MBP 1개월분(130mgX30정X1박스),뼈엔 엠비피 MBP 1개월분,뼈엔 MBP,뼈엔,건강식품/뼈건강,MBP,확정,뼈엔 엠비피 MBP,식품,3,68,27766000,,,validated_paid_insert,paid_schedule_api,2026-08-24T10:03:37.355230+09:00,,,1,2026-08-24T10:03:36.612902+09:00,2026-08-24T10:03:37.355230+09:00
4d0f1c95e887ae1fe6d6ce8abd4aa4b2,2026-08-16,2026-08-16T01:00:00+09:00,2026-08-16T01:50:00+09:00,hs_gongyoung,공영쇼핑,매실고추장굴비 7팩 + 매실고추장황금대멸치 1팩,매실고추장굴비 7팩 + 매실고추장황금대멸치 1팩,매실고추장굴비 7팩 + 매실고추장황금대멸치 1팩,,,,미분류,,식품,1,1018,40618200,,,validated_paid_insert,paid_schedule_api,2026-08-24T10:03:37.355230+09:00,,,1,2026-08-24T10:03:36.612902+09:00,2026-08-24T10:03:37.355230+09:00
ff469f456710e830c4442a7867650339,2026-08-16,2026-08-16T01:00:00+09:00,2026-08-16T02:01:00+09:00,hs_nsmall,NS홈쇼핑,히트상품 앵콜방송1부,히트상품 앵콜방송1부,히트상품 앵콜방송1부,,,,미분류,,식품,1,150,25515000,,,validated_paid_insert,paid_schedule_api,2026-08-24T10:03:37.355230+09:00,,,1,2026-08-24T10:03:36.612902+09:00,2026-08-24T10:03:37.355230+09:00
dfb9c3e91703e4cb589963893ebed06d,2026-08-16,2026-08-16T01:20:00+09:00,2026-08-16T02:00:00+09:00,hs_lotteimallonetv,롯데원티비,"[방송에서만] 착한 곡물로 만든 통팥앙금 저당 쑥찰떡 40g*10개*5팩, 총 50개","착한 곡물로 만든 통팥앙금 저당 쑥찰떡 40g*10개*5팩, 총 50개","착한 곡물로 만든 통팥앙금 저당 쑥찰떡 40g*10개*5팩, 총 50개",,,,미분류,,식품,1,92,3670800,,,validated_paid_insert,paid_schedule_api,2026-08-24T10:03:37.355230+09:00,,,1,2026-08-24T10:03:36.612902+09:00,2026-08-24T10:03:37.355230+09:00
72694a38fabf08110123f236360b236e,2026-08-16,2026-08-16T01:21:00+09:00,2026-08-16T02:01:00+09:00,hs_skstoa,SK스토아,[방송에서만 4박스 더]통째로 갈아만든 유기농 블루베리 8+4박스(20g*14포*12박스) | 원산지 : 상품정보 참조,통째로 갈아만든 유기농 블루베리 8+4박스 | 원산지 : 상품정보 참조,통째로 갈아만든 유기농 블루베리 8+4박스 | 원산지 : 상품정보 참조,,,,미분류,,식품,1,102,20196000,,,validated_paid_insert,paid_schedule_api,2026-08-24T10:03:37.355230+09:00,,,1,2026-08-24T10:03:36.612902+09:00,2026-08-24T10:03:37.355230+09:00
922b54007b6181f0bd9c23feb89ae395,2026-08-16,2026-08-16T01:27:00+09:00,2026-08-16T01:38:00+09:00,hs_shinsegae,신세계쇼핑,제주 탐나 감자(10kg/개당 140g 이상),제주 탐나 감자,제주 탐나 감자,,,,미분류,,식품,2,92,2410800,,,validated_paid_insert,paid_schedule_api,2026-08-24T10:03:37.355230+09:00,,,1,2026-08-24T10:03:36.612902+09:00,2026-08-24T10:03:37.355230+09:00
b4c21af9947398d17c2227945fb49553,2026-08-16,2026-08-16T01:38:00+09:00,2026-08-16T02:38:00+09:00,hs_shinsegae,신세계쇼핑,"(방송에서만 4박스 더!)[홀베리]유기농 블루베리 8+4박스 (총 12박스, 168포)",유기농 블루베리 8+4박스,유기농 블루베리 8+4박스,,,,미분류,,식품,3,73,14354000,,,validated_paid_insert,paid_schedule_api,2026-08-24T10:03:37.355230+09:00,,,1,2026-08-24T10:03:36.612902+09:00,2026-08-24T10:03:37.355230+09:00
768ff39acf0e5f4387b633e051436c87,2026-08-16,2026-08-16T01:50:00+09:00,2026-08-16T02:50:00+09:00,hs_gongyoung,공영쇼핑,[이재수명장] 곤지암식 한우소머리곰탕 10팩(6kg),곤지암식 한우소머리곰탕 10팩,곤지암식 한우소머리곰탕 10팩,,,,확인필요,곤지암식 한우소머리곰탕 10팩,식품,1,456,18194400,,,validated_paid_insert,paid_schedule_api,2026-08-24T10:03:37.355230+09:00,,,1,2026-08-24T10:03:36.612902+09:00,2026-08-24T10:03:37.355230+09:00
18aa20fd439920842926c7ce956bc333,2026-08-16,2026-08-16T02:00:00+09:00,2026-08-16T03:02:00+09:00,hs_nsmall,NS홈쇼핑,히트상품 앵콜방송 2부,히트상품 앵콜방송 2부,히트상품 앵콜방송 2부,,,,미분류,,식품,3,258,14536200,,,validated_paid_insert,paid_schedule_api,2026-08-24T10:03:37.355230+09:00,,,1,2026-08-24T10:03:36.612902+09:00,2026-08-24T10:03:37.355230+09:00
61154b1220271132b0465a10445697bc,2026-08-16,2026-08-16T02:00:00+09:00,2026-08-16T03:00:00+09:00,hs_gsshop,GS홈쇼핑,닥터린 식물성 멜라토닌 함유 하이퍼셀 멜라바인 12박스+6박스(방송에서만) 총 18박스,닥터린 식물성 멜라토닌 함유 하이퍼셀 멜라바인 12박스+6박스 총 18박스,닥터린 식물성 멜라토닌 함유 하이퍼셀 멜라바인 12박스+6박스 총 18박스,,,,미분류,,식품,2,114,33086000,,,validated_paid_insert,paid_schedule_api,2026-08-24T10:03:37.355230+09:00,,,1,2026-08-24T10:03:36.612902+09:00,2026-08-24T10:03:37.355230+09:00
a57226bcd96f6a63f386d0f737b5e98e,2026-08-16,2026-08-16T02:00:00+09:00,2026-08-16T02:40:00+09:00,hs_lotteimallonetv,롯데원티비,"[12개월] 닥터린 콘드로이친 1200 콘레이티+MBP 12박스 (1박스:1,200mgX30정)",닥터린 콘드로이친 1200 콘레이티+MBP 12박스,닥터린 콘드로이친 1200 콘레이티+MBP 12박스,,,,미분류,,식품,2,0,0,,,validated_paid_insert,paid_schedule_api,2026-08-24T10:03:37.355230+09:00,,,1,2026-08-24T10:03:36.612902+09:00,2026-08-24T10:03:37.355230+09:00
ebde4db65e0a1c906e27d03e5e9dde76,2026-08-16,2026-08-16T02:00:00+09:00,2026-08-16T02:30:00+09:00,hs_lotteimall,롯데홈쇼핑,[3배 패키지]뉴트리코어 하이퍼셀 NMN 앰플 42병(3박스),뉴트리코어 하이퍼셀 NMN 앰플 42병,뉴트리코어 하이퍼셀 NMN 앰플 42병,,,,미분류,,식품,2,17,5083000,,,validated_paid_insert,paid_schedule_api,2026-08-24T10:03:37.355230+09:00,,,1,2026-08-24T10:03:36.612902+09:00,2026-08-24T10:03:37.355230+09:00
5f1decb5623aad3a38fddd6787817aab,2026-08-16,2026-08-16T02:05:00+09:00,2026-08-16T02:15:00+09:00,hs_cjonstyleplus,CJ온스타일 플러스,[종근당균일가]락토핏 코어맥스 (16개월분),락토핏 코어맥스,락토핏 코어맥스,,,,미분류,,식품,8,4,396000,,,validated_paid_insert,paid_schedule_api,2026-08-24T10:03:37.355230+09:00,,,1,2026-08-24T10:03:36.612902+09:00,2026-08-24T10:03:37.355230+09:00
6b1979cf003612d356040f3c59e2c50e,2026-08-16,2026-08-16T02:31:00+09:00,2026-08-16T02:51:00+09:00,hs_gsshopmyshop,GS홈쇼핑 마이샵,"밥스누 칼마디 약콩100 (고칼슘) 190ml (190mlx72팩) (칼슘,마그네슘,비타민D)",밥스누 칼마디 약콩100 190ml,밥스누 칼마디 약콩100 190ml,,,,미분류,,식품,1,30,1947000,,,validated_paid_insert,paid_schedule_api,2026-08-24T10:03:37.355230+09:00,,,1,2026-08-24T10:03:36.612902+09:00,2026-08-24T10:03:37.355230+09:00
86521dcdd2e86f765309ebdb262e3740,2026-08-16,2026-08-16T02:31:00+09:00,2026-08-16T03:31:00+09:00,hs_shopntmall,쇼핑엔티,신토불이 국내산 자연산 손질문어130g*8팩,신토불이 국내산 자연산 손질문어130g*8팩,신토불이 국내산 자연산 손질문어130g*8팩,,,,미분류,,식품,1,168,8383200,,,validated_paid_insert,paid_schedule_api,2026-08-24T10:03:37.355230+09:00,,,1,2026-08-24T10:03:36.612902+09:00,2026-08-24T10:03:37.355230+09:00
e3c9df4ecb7261fdd1ec268d2c06f75a,2026-08-16,2026-08-16T02:40:00+09:00,2026-08-16T02:45:00+09:00,hs_lotteimallonetv,롯데원티비,[닥터루템] △[6박스]이시형 박사의 인생 마그네슘 영양제 6박스(1박스:31.8gX14병),△ 이시형 박사의 인생 마그네슘 영양제 6박스,이시형 박사의 인생 마그네슘,이시형,영양제/미네랄,마그네슘,확정,이시형 박사의 인생 마그네슘 영양제,식품,1,0,0,,,validated_paid_insert,paid_schedule_api,2026-08-24T10:03:37.355230+09:00,,,1,2026-08-24T10:03:36.612902+09:00,2026-08-24T10:03:37.355230+09:00
cf944f6c162890c7629883cd30b75c3c,2026-08-16,2026-08-16T02:45:00+09:00,2026-08-16T02:55:00+09:00,hs_cjonstyleplus,CJ온스타일 플러스,[종근당균일가]락토핏 코어맥스 (16개월분),락토핏 코어맥스,락토핏 코어맥스,,,,미분류,,식품,8,3,297000,,,validated_paid_insert,paid_schedule_api,2026-08-24T10:03:37.355230+09:00,,,1,2026-08-24T10:03:36.612902+09:00,2026-08-24T10:03:37.355230+09:00
41f84947200d3184603d14bb63ca31d4,2026-08-16,2026-08-16T02:50:00+09:00,2026-08-16T03:55:00+09:00,hs_hnsmall,홈앤쇼핑,[방송에서만][마이토스] 레몬버베나 다이어트&애사비 8박스,레몬버베나 다이어트&애사비 8박스,레몬버베나 다이어트&애사비 8박스,,,,미분류,,식품,3,44,8555600,,,validated_paid_insert,paid_schedule_api,2026-08-24T10:03:37.355230+09:00,,,1,2026-08-24T10:03:36.612902+09:00,2026-08-24T10:03:37.355230+09:00
77409f3e983db84515808960cef9841b,2026-08-16,2026-08-16T02:50:00+09:00,2026-08-16T03:21:00+09:00,hs_hmall,현대홈쇼핑,[방송에서만 구매가능] 위바이옴 두뇌엔 닥터 PS 맥스 9+1박스(10개월분),위바이옴 두뇌엔 닥터 PS 맥스 9+1박스,두뇌엔 닥터PS,두뇌엔,건강식품/두뇌·인지,포스파티딜세린,확정,위바이옴 두뇌엔 닥터 PS 맥스,식품,3,16,6486000,,,validated_paid_insert,paid_schedule_api,2026-08-24T10:03:37.355230+09:00,,,1,2026-08-24T10:03:36.612902+09:00,2026-08-24T10:03:37.355230+09:00
ad3f33204070e5696e77fcc1e3b396a7,2026-08-16,2026-08-16T02:50:00+09:00,2026-08-16T03:51:00+09:00,hs_gongyoung,공영쇼핑,[아포농협] 2026 김천 거봉 2kg(3~4송이/개당500~750g),2026 김천 거봉 2kg,2026 김천 거봉 2kg,,,,미분류,,식품,1,453,13091700,,,validated_paid_insert,paid_schedule_api,2026-08-24T10:03:37.355230+09:00,,,1,2026-08-24T10:03:36.612902+09:00,2026-08-24T10:03:37.355230+09:00
4e5db9ad457cfdc18517945124ac3b89,2026-08-16,2026-08-16T03:05:00+09:00,2026-08-16T03:10:00+09:00,hs_lotteimallonetv,롯데원티비,[닥터루템] ▽[6박스]이시형 박사의 인생 마그네슘 영양제 6박스(1박스:31.8gX14병),▽ 이시형 박사의 인생 마그네슘 영양제 6박스,이시형 박사의 인생 마그네슘,이시형,영양제/미네랄,마그네슘,확정,이시형 박사의 인생 마그네슘 영양제,식품,1,0,0,,,validated_paid_insert,paid_schedule_api,2026-08-24T10:03:37.355230+09:00,,,1,2026-08-24T10:03:36.612902+09:00,2026-08-24T10:03:37.355230+09:00
21c544dcb93319b3b3997abee9a1d27f,2026-08-16,2026-08-16T03:25:00+09:00,2026-08-16T03:35:00+09:00,hs_cjonstyleplus,CJ온스타일 플러스,[종근당균일가]락토핏 코어맥스 (16개월분),락토핏 코어맥스,락토핏 코어맥스,,,,미분류,,식품,8,4,396000,,,validated_paid_insert,paid_schedule_api,2026-08-24T10:03:37.355230+09:00,,,1,2026-08-24T10:03:36.612902+09:00,2026-08-24T10:03:37.355230+09:00
2089afdc051f283acd6a975e090ceb5c,2026-08-16,2026-08-16T03:30:00+09:00,2026-08-16T04:00:00+09:00,hs_gsshop,GS홈쇼핑,[TV특가]심플바이오 마그네슘 60정x6병(12개월),심플바이오 마그네슘 60정x6병,심플바이오 마그네슘 60정x6병,,,,확인필요,심플바이오 마그네슘 60정x6병,식품,4,72,4188800,,,validated_paid_insert,paid_schedule_api,2026-08-24T10:03:37.355230+09:00,,,1,2026-08-24T10:03:36.612902+09:00,2026-08-24T10:03:37.355230+09:00
f42e5ac4c15326f66353581341a14201,2026-08-16,2026-08-16T03:30:00+09:00,2026-08-16T03:35:00+09:00,hs_lotteimallonetv,롯데원티비,[닥터루템] ▷[6박스]이시형 박사의 인생 마그네슘 영양제 6박스(1박스:31.8gX14병),▷ 이시형 박사의 인생 마그네슘 영양제 6박스,이시형 박사의 인생 마그네슘,이시형,영양제/미네랄,마그네슘,확정,이시형 박사의 인생 마그네슘 영양제,식품,1,0,0,,,validated_paid_insert,paid_schedule_api,2026-08-24T10:03:37.355230+09:00,,,1,2026-08-24T10:03:36.612902+09:00,2026-08-24T10:03:37.355230+09:00
9ccb563a4b50f676d45369c820a51cbc,2026-08-16,2026-08-16T03:39:00+09:00,2026-08-16T03:59:00+09:00,hs_shinsegae,신세계쇼핑,[8박스]박경호의 원용 녹용 활력 총 240포(30포X8박스),박경호의 원용 녹용 활력 총 240포,박경호의 원용 녹용 활력 총 240포,,,,미분류,,식품,1,2,596000,,,validated_paid_insert,paid_schedule_api,2026-08-24T10:03:37.355230+09:00,,,1,2026-08-24T10:03:36.612902+09:00,2026-08-24T10:03:37.355230+09:00
0142db753144bdcbacd823ed2ac1e7a2,2026-08-16,2026-08-16T03:40:00+09:00,2026-08-16T04:42:00+09:00,hs_nsmallshopplus,NS홈쇼핑 샵플러스,명가꽈배기1,명가꽈배기1,명가꽈배기1,,,,미분류,,식품,1,392,11720800,,,validated_paid_insert,paid_schedule_api,2026-08-24T10:03:37.355230+09:00,,,1,2026-08-24T10:03:36.612902+09:00,2026-08-24T10:03:37.355230+09:00
e14318cf674ec836834b0624d4092a6f,2026-08-16,2026-08-16T03:41:00+09:00,2026-08-16T04:01:00+09:00,hs_skstoa,SK스토아,비너지 대마종자유 12개월분 | 원산지 : 상품정보 참조,비너지 대마종자유 12개월분 | 원산지 : 상품정보 참조,비너지대마종자유,,건강식품/오일,대마종자유,확정,비너지대마종자유,식품,1,1,214400,,,validated_paid_insert,paid_schedule_api,2026-08-24T10:03:37.355230+09:00,,,1,2026-08-24T10:03:36.612902+09:00,2026-08-24T10:03:37.355230+09:00
9ff3d93ae79692be86858e6971edb04e,2026-08-16,2026-08-16T03:55:00+09:00,2026-08-16T04:00:00+09:00,hs_lotteimallonetv,롯데원티비,[닥터루템] ▽[6박스]이시형 박사의 인생 마그네슘 영양제 6박스(1박스:31.8gX14병),▽ 이시형 박사의 인생 마그네슘 영양제 6박스,이시형 박사의 인생 마그네슘,이시형,영양제/미네랄,마그네슘,확정,이시형 박사의 인생 마그네슘 영양제,식품,1,0,0,,,validated_paid_insert,paid_schedule_api,2026-08-24T10:03:37.355230+09:00,,,1,2026-08-24T10:03:36.612902+09:00,2026-08-24T10:03:37.355230+09:00
7ff1947bdc9a796e7bcffd938b1203e2,2026-08-16,2026-08-16T04:00:00+09:00,2026-08-16T04:20:00+09:00,hs_hmallplus,현대홈쇼핑 플러스샵,알파CD 원데이핏 알파시클로덱스트린 난소화성말토덱스트린 14포 6+6박스 총 168포,알파CD 원데이핏 알파시클로덱스트린 난소화성말토덱스트린 14포 6+6박스 총 168포,알파CD 원데이핏 알파시클로덱스트린 난소화성말토덱스트린 14포 6+6박스 총 168포,,,,미분류,,식품,2,57,2854300,,,validated_paid_insert,paid_schedule_api,2026-08-24T10:03:37.355230+09:00,,,1,2026-08-24T10:03:36.612902+09:00,2026-08-24T10:03:37.355230+09:00
d549a2e131bb045c59eb79841bba6aff,2026-08-16,2026-08-16T04:00:00+09:00,2026-08-16T05:02:00+09:00,hs_nsmall,NS홈쇼핑,히트상품 앵콜방송4부,히트상품 앵콜방송4부,히트상품 앵콜방송4부,,,,미분류,,식품,2,534,25126600,,,validated_paid_insert,paid_schedule_api,2026-08-24T10:03:37.355230+09:00,,,1,2026-08-24T10:03:36.612902+09:00,2026-08-24T10:03:37.355230+09:00
853bff2c3fac5453ad079ff925939f3f,2026-08-16,2026-08-16T04:05:00+09:00,2026-08-16T04:15:00+09:00,hs_cjonstyleplus,CJ온스타일 플러스,[종근당균일가]락토핏 코어맥스 (16개월분),락토핏 코어맥스,락토핏 코어맥스,,,,미분류,,식품,8,3,297000,,,validated_paid_insert,paid_schedule_api,2026-08-24T10:03:37.355230+09:00,,,1,2026-08-24T10:03:36.612902+09:00,2026-08-24T10:03:37.355230+09:00
f536f45a99e4706bcd5bdcd9e04abc88,2026-08-16,2026-08-16T04:10:00+09:00,2026-08-16T05:10:00+09:00,hs_gongyoung,공영쇼핑,"★유기농 100%★ 동결건조 만능 야채톡 (2g×10포)×10박스+1박스, 총 110포","★유기농 100%★ 동결건조 만능 야채톡 ×10박스+1박스, 총 110포","★유기농 100%★ 동결건조 만능 야채톡 ×10박스+1박스, 총 110포",,,,확인필요,"★유기농 100%★ 동결건조 만능 야채톡 ×10박스+1박스, 총 110포",식품,2,449,26255100,,,validated_paid_insert,paid_schedule_api,2026-08-24T10:03:37.355230+09:00,,,1,2026-08-24T10:03:36.612902+09:00,2026-08-24T10:03:37.355230+09:00
9c689c070cf7bcd2a7bb9f69bfb957bb,2026-08-16,2026-08-16T04:19:00+09:00,2026-08-16T05:20:00+09:00,hs_shinsegae,신세계쇼핑,[유지인pick♥] 미녀의석류콜라겐 200포 (25g x 25포 x 8Box),미녀의석류콜라겐 200포,미녀의석류콜라겐 200포,,,,확인필요,미녀의석류콜라겐 200포,식품,1,144,15984000,,,validated_paid_insert,paid_schedule_api,2026-08-24T10:03:37.355230+09:00,,,1,2026-08-24T10:03:36.612902+09:00,2026-08-24T10:03:37.355230+09:00
707e15dd0dd9c15522cfcf7fd533ab41,2026-08-16,2026-08-16T04:30:00+09:00,2026-08-16T05:00:00+09:00,hs_cjonstyle,CJ온스타일,아빠랑 저칼로리 잼 3종 세트.,아빠랑 저칼로리 잼 3종 세트.,아빠랑 저칼로리 잼 3종 세트.,,,,미분류,,식품,1,240,9576000,,,validated_paid_insert,paid_schedule_api,2026-08-24T10:03:37.355230+09:00,,,1,2026-08-24T10:03:36.612902+09:00,2026-08-24T10:03:37.355230+09:00
ec118a523e239181afe8e42db7af8477,2026-08-16,2026-08-16T04:45:00+09:00,2026-08-16T04:55:00+09:00,hs_cjonstyleplus,CJ온스타일 플러스,[종근당균일가]락토핏 코어맥스 (16개월분),락토핏 코어맥스,락토핏 코어맥스,,,,미분류,,식품,8,4,396000,,,validated_paid_insert,paid_schedule_api,2026-08-24T10:03:37.355230+09:00,,,1,2026-08-24T10:03:36.612902+09:00,2026-08-24T10:03:37.355230+09:00
17aedd4e7dd1fb8e093bbb63ab3b41c2,2026-08-16,2026-08-16T04:51:00+09:00,2026-08-16T04:56:00+09:00,hs_lotteimallonetv,롯데원티비,[닥터루템] ▷[6박스]이시형 박사의 인생 마그네슘 영양제 6박스(1박스:31.8gX14병),▷ 이시형 박사의 인생 마그네슘 영양제 6박스,이시형 박사의 인생 마그네슘,이시형,영양제/미네랄,마그네슘,확정,이시형 박사의 인생 마그네슘 영양제,식품,1,0,0,,,validated_paid_insert,paid_schedule_api,2026-08-24T10:03:37.355230+09:00,,,1,2026-08-24T10:03:36.612902+09:00,2026-08-24T10:03:37.355230+09:00
5190bd714f7ed92d4b3c7e74489ee12a,2026-08-16,2026-08-16T05:00:00+09:00,2026-08-16T05:41:00+09:00,hs_nsmall,NS홈쇼핑,정성가득ABC주스,정성가득ABC주스,정성가득ABC주스,,,,미분류,,식품,1,374,25993000,,,validated_paid_insert,paid_schedule_api,2026-08-24T10:03:37.355230+09:00,,,1,2026-08-24T10:03:36.612902+09:00,2026-08-24T10:03:37.355230+09:00
840af5fa415229e960080de54ee6f32c,2026-08-16,2026-08-16T05:16:00+09:00,2026-08-16T05:21:00+09:00,hs_lotteimallonetv,롯데원티비,[핫딜] 베지밀 검은콩 고칼슘 두유 190ml x 48팩,베지밀 검은콩 고칼슘 두유 190ml x 48팩,베지밀 검은콩 고칼슘 두유 190ml x 48팩,,,,미분류,,식품,1,2,59000,,,validated_paid_insert,paid_schedule_api,2026-08-24T10:03:37.355230+09:00,,,1,2026-08-24T10:03:36.612902+09:00,2026-08-24T10:03:37.355230+09:00
0c224e8f5fbb92697e9be44855253a85,2026-08-16,2026-08-16T05:30:00+09:00,2026-08-16T06:01:00+09:00,hs_gsshop,GS홈쇼핑,전통남원추어탕 300g 10팩,전통남원추어탕 300g 10팩,전통남원추어탕 300g 10팩,,,,미분류,,식품,1,230,9177000,,,validated_paid_insert,paid_schedule_api,2026-08-24T10:03:37.355230+09:00,,,1,2026-08-24T10:03:36.612902+09:00,2026-08-24T10:03:37.355230+09:00
bc0c1947e2edcbe06fecd66e13fdea26,2026-08-16,2026-08-16T05:35:00+09:00,2026-08-16T07:36:00+09:00,hs_gsshopmyshop,GS홈쇼핑 마이샵,닥터린 콘드로이친 1200 콘레이티+MBP+K2 12개월분 + 비타민K2 2박스 더,닥터린 콘드로이친 1200 콘레이티+MBP+K2 12개월분 + 비타민K2 2박스 더,닥터린 콘드로이친 1200 콘레이티+MBP+K2 12개월분 + 비타민K2 2박스 더,,,,확인필요,닥터린 콘드로이친 1200 콘레이티+MBP+K2 12개월분 + 비타민K2 2박스 더,식품,2,520,81705000,,,validated_paid_insert,paid_schedule_api,2026-08-24T10:03:37.355230+09:00,,,1,2026-08-24T10:03:36.612902+09:00,2026-08-24T10:03:37.355230+09:00
3a8d3fa46aae7b70cb3b77bd3f3aba87,2026-08-16,2026-08-16T05:39:00+09:00,2026-08-16T06:43:00+09:00,hs_kshop,KT알파쇼핑,참진한_서리태콩물,참진한_서리태콩물,참진한_서리태콩물,,,,미분류,,식품,1,704,50617600,,,validated_paid_insert,paid_schedule_api,2026-08-24T10:03:37.355230+09:00,,,1,2026-08-24T10:03:36.612902+09:00,2026-08-24T10:03:37.355230+09:00
0b3c7d8b8a014ffcb3b6cb685d05e0ca,2026-08-16,2026-08-16T05:40:00+09:00,2026-08-16T06:42:00+09:00,hs_nsmall,NS홈쇼핑,참진한서리태콩물,참진한서리태콩물,참진한서리태콩물,,,,미분류,,식품,10,936,65428400,,,validated_paid_insert,paid_schedule_api,2026-08-24T10:03:37.355230+09:00,,,1,2026-08-24T10:03:36.612902+09:00,2026-08-24T10:03:37.355230+09:00
6b93e50780fda6f4561fce499c75f647,2026-08-16,2026-08-16T05:40:00+09:00,2026-08-16T06:51:00+09:00,hs_hmall,현대홈쇼핑,[닥터파이토] 덴티백 PRO 구강유산균 M18 7박스,덴티백 PRO 구강유산균 M18 7박스,덴티백 PRO 구강유산균 M18 7박스,,,,미분류,,식품,1,31,6758000,,,validated_paid_insert,paid_schedule_api,2026-08-24T10:03:37.355230+09:00,,,1,2026-08-24T10:03:36.612902+09:00,2026-08-24T10:03:37.355230+09:00
660362c01fa4b3684b879aba1cead463,2026-08-16,2026-08-16T05:41:00+09:00,2026-08-16T06:41:00+09:00,hs_lotteimallonetv,롯데원티비,[정관장] ○[방송에서만][6+4박스] 홍삼진고 데일리스틱 (10g*30포*10박스),○ 홍삼진고 데일리스틱,○ 홍삼진고 데일리스틱,,,,확인필요,○ 홍삼진고 데일리스틱,식품,1,29,10901680,,,validated_paid_insert,paid_schedule_api,2026-08-24T10:03:37.355230+09:00,,,1,2026-08-24T10:03:36.612902+09:00,2026-08-24T10:03:37.355230+09:00
a5ce630337d0c963508f0bc7f8c1e7ea,2026-08-16,2026-08-16T05:41:00+09:00,2026-08-16T06:43:00+09:00,hs_nsmallshopplus,NS홈쇼핑 샵플러스,메이준두뇌엔PS1,메이준두뇌엔PS1,메이준두뇌엔PS1,,,,미분류,,식품,3,96,18064000,,,validated_paid_insert,paid_schedule_api,2026-08-24T10:03:37.355230+09:00,,,1,2026-08-24T10:03:36.612902+09:00,2026-08-24T10:03:37.355230+09:00
68396a334227bb303a5bf26b8820d39b,2026-08-16,2026-08-16T05:45:00+09:00,2026-08-16T06:45:00+09:00,hs_cjonstyleplus,CJ온스타일 플러스,[50% SALE] 콘드로이친 1200 콘레이티 MBP 12개월분+비타민K2 2박스,콘드로이친 1200 콘레이티 MBP 12개월분+비타민K2 2박스,콘드로이친 1200 콘레이티 MBP 12개월분+비타민K2 2박스,,,,미분류,,식품,2,159,25180500,,,validated_paid_insert,paid_schedule_api,2026-08-24T10:03:37.355230+09:00,,,1,2026-08-24T10:03:36.612902+09:00,2026-08-24T10:03:37.355230+09:00
7339b755f6f89aa9d03d14dc00e10a28,2026-08-16,2026-08-16T06:00:00+09:00,2026-08-16T06:45:00+09:00,hs_gsshop,GS홈쇼핑,[한지민 PICK] 에버콜라겐 레티놀A GPH콜라겐 3병 (12주분),에버콜라겐 레티놀A GPH콜라겐 3병,에버콜라겐 레티놀A GPH콜라겐,,건강식품/콜라겐,콜라겐,확정,에버콜라겐 레티놀A GPH콜라겐,식품,4,82,35658000,,,validated_paid_insert,paid_schedule_api,2026-08-24T10:03:37.355230+09:00,,,1,2026-08-24T10:03:36.612902+09:00,2026-08-24T10:03:37.355230+09:00
98f24e42ddc54e8c7d31ea6f1807849b,2026-08-16,2026-08-16T06:00:00+09:00,2026-08-16T07:50:00+09:00,hs_cjonstyle,CJ온스타일,[국민영양프로젝트] 여에스더 포스파티딜세린 10박스(5개월분)+블루베리퓨레,여에스더 포스파티딜세린 10박스 +블루베리퓨레,여에스더 포스파티딜세린 10박스 +블루베리퓨레,,,,미분류,,식품,8,3256,289784000,,,validated_paid_insert,paid_schedule_api,2026-08-24T10:03:37.355230+09:00,,,1,2026-08-24T10:03:36.612902+09:00,2026-08-24T10:03:37.355230+09:00
c6f25ef253adc7a91e2139f84539e19e,2026-08-16,2026-08-16T06:21:00+09:00,2026-08-16T07:21:00+09:00,hs_skstoa,SK스토아,[방송에서만] 이시형 박사의 인생 마그네슘 영양제 6박스+3박스 / 9박스 | 원산지 : 상품정보 참조,이시형 박사의 인생 마그네슘 영양제 6박스+3박스 / 9박스 | 원산지 : 상품정보 참조,이시형 박사의 인생 마그네슘,이시형,영양제/미네랄,마그네슘,확정,이시형 박사의 인생 마그네슘 영양제,식품,1,300,83700000,,,validated_paid_insert,paid_schedule_api,2026-08-24T10:03:37.355230+09:00,,,1,2026-08-24T10:03:36.612902+09:00,2026-08-24T10:03:37.355230+09:00
e10ec078e36dabca01c1b8ba3fa89111,2026-08-16,2026-08-16T06:30:00+09:00,2026-08-16T07:35:00+09:00,hs_lotteimall,롯데홈쇼핑,[닥터린] ◎[12+6개월] 하이퍼셀 식물성 멜라토닌 함유 멜라바인 18박스,◎ 하이퍼셀 식물성 멜라토닌 함유 멜라바인 18박스,◎ 하이퍼셀 식물성 멜라토닌 함유 멜라바인 18박스,,,,미분류,,식품,2,120,35180000,,,validated_paid_insert,paid_schedule_api,2026-08-24T10:03:37.355230+09:00,,,1,2026-08-24T10:03:36.612902+09:00,2026-08-24T10:03:37.355230+09:00
f86191bf2f9c256f0c445cd6deecc13b,2026-08-16,2026-08-16T06:36:00+09:00,2026-08-16T07:36:00+09:00,hs_shopntmall,쇼핑엔티,[방송에서만 10주분] 김오곤 원장의 한방(One Punch) 다이어트 환,김오곤 원장의 한방 다이어트 환,김오곤 원장의 한방 다이어트 환,김오곤,다이어트,한방 환,확정,김오곤 원장의 한방 다이어트 환,식품,1,406,40194000,,,validated_paid_insert,paid_schedule_api,2026-08-24T10:03:37.355230+09:00,,,1,2026-08-24T10:03:36.612902+09:00,2026-08-24T10:03:37.355230+09:00
cee04812bb493db2b431a78f5b8b515e,2026-08-16,2026-08-16T06:39:00+09:00,2026-08-16T07:43:00+09:00,hs_kshop,KT알파쇼핑,여에스더_글루타치온,여에스더_글루타치온,여에스더_글루타치온,,,,미분류,,식품,2,192,71868000,,,validated_paid_insert,paid_schedule_api,2026-08-24T10:03:37.355230+09:00,,,1,2026-08-24T10:03:36.612902+09:00,2026-08-24T10:03:37.355230+09:00
9efd6c16dce4844ee0f893f729d0b2c9,2026-08-16,2026-08-16T06:40:00+09:00,2026-08-16T08:00:00+09:00,hs_shinsegae,신세계쇼핑,(2026 최신리뉴얼) 여에스더 리포좀 글루타치온 12X 12박스 + 3X 1박스 ,여에스더 리포좀 글루타치온 12X 12박스 + 3X 1박스,여에스더 리포좀 글루타치온 12X 12박스 + 3X 1박스,,,,미분류,,식품,2,249,93921000,,,validated_paid_insert,paid_schedule_api,2026-08-24T10:03:37.355230+09:00,,,1,2026-08-24T10:03:36.612902+09:00,2026-08-24T10:03:37.355230+09:00
ba44eab470b69e0dc54aeb27f4ba8a45,2026-08-16,2026-08-16T06:40:00+09:00,2026-08-16T07:51:00+09:00,hs_nsmall,NS홈쇼핑,골드카무트효소,골드카무트효소,골드카무트효소,,,,확인필요,골드카무트효소,식품,16,911,158924500,,,validated_paid_insert,paid_schedule_api,2026-08-24T10:03:37.355230+09:00,,,1,2026-08-24T10:03:36.612902+09:00,2026-08-24T10:03:37.355230+09:00
3a3c5f0bc9dcf425a925ca6b5307f626,2026-08-16,2026-08-16T06:41:00+09:00,2026-08-16T07:41:00+09:00,hs_lotteimallonetv,롯데원티비,[닥터린] ☆반값세일특별구성[12개월+비타민K2]닥터린 콘드로이친 1200 콘레이티+MBP+K2 12박스+닥터린 초임계 비타민K2 2박스,☆반값세일특별구성 닥터린 콘드로이친 1200 콘레이티+MBP+K2 12박스+닥터린 초임계 비타민K2 2박스,☆반값세일특별구성 닥터린 콘드로이친 1200 콘레이티+MBP+K2 12박스+닥터린 초임계 비타민K2 2박스,,,,확인필요,★반값세일특별구성 닥터린 콘드로이친 1200 콘레이티+MBP+K2 12박스+닥터린 초임계 비타민K2 2박스,식품,2,84,9672600,,,validated_paid_insert,paid_schedule_api,2026-08-24T10:03:37.355230+09:00,,,1,2026-08-24T10:03:36.612902+09:00,2026-08-24T10:03:37.355230+09:00
42790a55bbaf8ae7cdacb615b0232911,2026-08-16,2026-08-16T06:45:00+09:00,2026-08-16T07:50:00+09:00,hs_gsshop,GS홈쇼핑,비에날씬 프로 다이어트 유산균(6박스),비에날씬 프로 다이어트 유산균,비에날씬 프로,비에날씬,다이어트 유산균,BNR17 유산균,확정,비에날씬프로,식품,3,525,250204000,,,validated_paid_insert,paid_schedule_api,2026-08-24T10:03:37.355230+09:00,,,1,2026-08-24T10:03:36.612902+09:00,2026-08-24T10:03:37.355230+09:00
82ec8025c7d385b25bbdb1e05d02260a,2026-08-16,2026-08-16T06:45:00+09:00,2026-08-16T07:45:00+09:00,hs_cjonstyleplus,CJ온스타일 플러스,(직) [50%sale] 골드카무트 효소 12박스+파로5봉+저당밥솥,골드카무트 효소 12박스+파로5봉+저당밥솥,골드카무트 효소 12박스+파로5봉+저당밥솥,,,,미분류,,식품,1,431,85338000,,,validated_paid_insert,paid_schedule_api,2026-08-24T10:03:37.355230+09:00,,,1,2026-08-24T10:03:36.612902+09:00,2026-08-24T10:03:37.355230+09:00
70916aa19eb3598779e0c7018919d4e4,2026-08-16,2026-08-16T06:50:00+09:00,2026-08-16T07:50:00+09:00,hs_hnsmall,홈앤쇼핑,[50% 세일] NFC 착즙 보넬드 아이엠 당근 15병 (1L X 15병),NFC 착즙 보넬드 아이엠 당근 15병,보넬드 아이엠 당근주스,보넬드,과채주스,당근,확정,NFC 착즙 보넬드 아이엠 당근,식품,1,1279,156038000,,,validated_paid_insert,paid_schedule_api,2026-08-24T10:03:37.355230+09:00,,,1,2026-08-24T10:03:36.612902+09:00,2026-08-24T10:03:37.355230+09:00
61a8daef0a710778d9b4f3197bbf6914,2026-08-16,2026-08-16T07:05:00+09:00,2026-08-16T08:05:00+09:00,hs_gongyoung,공영쇼핑,"[원산지: 국내산 맥문동] 왕의 맥문동 진액 골드 (70ml×30포)×8박스, 총 240포","왕의 맥문동 진액 골드 ×8박스, 총 240포","왕의 맥문동 진액 골드 ×8박스, 총 240포",,,,미분류,,식품,2,403,122313000,,,validated_paid_insert,paid_schedule_api,2026-08-24T10:03:37.355230+09:00,,,1,2026-08-24T10:03:36.612902+09:00,2026-08-24T10:03:37.355230+09:00
8430b1bef835ae0cb02aff4b4e86b71e,2026-08-16,2026-08-16T07:35:00+09:00,2026-08-16T08:50:00+09:00,hs_lotteimall,롯데홈쇼핑,[에버콜라겐] ♥전고객 냉온장고♥ [76주] 에버콜라겐 레티놀 A 19병 + 미니 2병  + 휴라이프 냉온장고,♥전고객 냉온장고♥ 에버콜라겐 레티놀 A 19병 + 미니 2병 + 휴라이프 냉온장고,♥전고객 냉온장고♥ 에버콜라겐 레티놀 A 19병 + 미니 2병 + 휴라이프 냉온장고,,,,미분류,,식품,4,180,97760000,,,validated_paid_insert,paid_schedule_api,2026-08-24T10:03:37.355230+09:00,,,1,2026-08-24T10:03:36.612902+09:00,2026-08-24T10:03:37.355230+09:00
3867442e8023ba4d11254bdbdaf395d9,2026-08-16,2026-08-16T07:36:00+09:00,2026-08-16T08:36:00+09:00,hs_gsshopmyshop,GS홈쇼핑 마이샵,프로메가 알티지오메가3 비타민D 10박스,프로메가 알티지오메가3 비타민D 10박스,프로메가 알티지오메가3 비타민D 10박스,,,,미분류,,식품,1,405,44145000,,,validated_paid_insert,paid_schedule_api,2026-08-24T10:03:37.355230+09:00,,,1,2026-08-24T10:03:36.612902+09:00,2026-08-24T10:03:37.355230+09:00
2fd68e8bb23934d57d352a1b976cbc29,2026-08-16,2026-08-16T07:40:00+09:00,2026-08-16T08:40:00+09:00,hs_hmallplus,현대홈쇼핑 플러스샵,[추가구성 : 오메가3 2박스]관절엔 콘드로이친 1200 12개월분(900mgX60정X12박스),관절엔 콘드로이친 1200 12개월분,관절엔 콘드로이친,관절엔,건강식품/관절,콘드로이친,확정,관절엔 콘드로이친,식품,4,242,148086000,,,validated_paid_insert,paid_schedule_api,2026-08-24T10:03:37.355230+09:00,,,1,2026-08-24T10:03:36.612902+09:00,2026-08-24T10:03:37.355230+09:00
1431f73bf43859d9e52ce0086b13f9de,2026-08-16,2026-08-16T07:50:00+09:00,2026-08-16T08:51:00+09:00,hs_hmall,현대홈쇼핑,[더현대적인] 비에날씬 프로 12박스+비에날퀸 1박스+플러스 1박스(10포)+사은품 파워몬 에어 스텝퍼,비에날씬 프로 12박스+비에날퀸 1박스+플러스 1박스 + 파워몬 에어 스텝퍼,비에날씬 프로,비에날씬,다이어트 유산균,BNR17 유산균,확정,비에날씬프로,식품,4,358,207796000,,,validated_paid_insert,paid_schedule_api,2026-08-24T10:03:37.355230+09:00,,,1,2026-08-24T10:03:36.612902+09:00,2026-08-24T10:03:37.355230+09:00
a5339283b59f33cf7627d2016dd9c1aa,2026-08-16,2026-08-16T07:50:00+09:00,2026-08-16T08:51:00+09:00,hs_nsmall,NS홈쇼핑,데이즈온아세로라,데이즈온아세로라,데이즈온아세로라,,,,확인필요,데이즈온아세로라,식품,4,536,122079000,,,validated_paid_insert,paid_schedule_api,2026-08-24T10:03:37.355230+09:00,,,1,2026-08-24T10:03:36.612902+09:00,2026-08-24T10:03:37.355230+09:00
b9f3276820f4968f9a56cbade7efe5a1,2026-08-16,2026-08-16T07:50:00+09:00,2026-08-16T08:50:00+09:00,hs_cjonstyle,CJ온스타일,카사베르디 유기농 와인비니거 레드6+2병+디스펜서+텀블러믹서기,카사베르디 유기농 와인비니거 레드6+2병+디스펜서+텀블러믹서기,카사베르디 유기농 와인비니거 레드6+2병+디스펜서+텀블러믹서기,,,,확인필요,카사베르디 유기농 와인비니거 레드6+2병+디스펜서+텀블러믹서기,식품,2,1830,233350000,,,validated_paid_insert,paid_schedule_api,2026-08-24T10:03:37.355230+09:00,,,1,2026-08-24T10:03:36.612902+09:00,2026-08-24T10:03:37.355230+09:00
dba9bf3fb9abe78f415a8e2d2ee56d53,2026-08-16,2026-08-16T07:50:00+09:00,2026-08-16T08:50:00+09:00,hs_gsshop,GS홈쇼핑,관절엔 콘드로이친1200 4개월분 (900mg x 60정 x 4박스),관절엔 콘드로이친1200 4개월분,관절엔 콘드로이친,관절엔,건강식품/관절,콘드로이친,확정,관절엔 콘드로이친,식품,3,1089,612350000,,,validated_paid_insert,paid_schedule_api,2026-08-24T10:03:37.355230+09:00,,,1,2026-08-24T10:03:36.612902+09:00,2026-08-24T10:03:37.355230+09:00
314c34d421c7d105314be2b17d163a00,2026-08-16,2026-08-16T08:00:00+09:00,2026-08-16T09:01:00+09:00,hs_shinsegae,신세계쇼핑,[방송에서만/최다구성] 이롬 황성주 1일1생식 라이프밀 8박스(30g x 112포) + 대양귀리 32팩 + 흔들컵 2개 (A),이롬 황성주 1일1생식 라이프밀 8박스 + 대양귀리 32팩 + 흔들컵 2개,이롬 황성주 1일1생식 라이프밀 8박스 + 대양귀리 32팩 + 흔들컵 2개,,,,미분류,,식품,5,341,101128000,,,validated_paid_insert,paid_schedule_api,2026-08-24T10:03:37.355230+09:00,,,1,2026-08-24T10:03:36.612902+09:00,2026-08-24T10:03:37.355230+09:00
12d0eb0d809d06dd6102ed976701f3e4,2026-08-16,2026-08-16T08:05:00+09:00,2026-08-16T09:10:00+09:00,hs_gongyoung,공영쇼핑,[26년 햇복분자] 고창 복분자 발효농축분말 12통+스푼5개,고창 복분자 발효농축분말 12통+스푼5개,고창 복분자 발효농축분말 12통+스푼5개,,,,미분류,,식품,2,3125,231180000,,,validated_paid_insert,paid_schedule_api,2026-08-24T10:03:37.355230+09:00,,,1,2026-08-24T10:03:36.612902+09:00,2026-08-24T10:03:37.355230+09:00
1200549fed0ce3fe167097ac183f7643,2026-08-16,2026-08-16T08:21:00+09:00,2026-08-16T09:21:00+09:00,hs_skstoa,SK스토아,[방송에서만] 프리미엄 오한진의 백세알부민 4박스(120병)+백세알부민 활력 365 8박스(240포) | 원산지 : 상품정보 참조,프리미엄 오한진의 백세알부민 4박스 +백세알부민 활력 365 8박스 | 원산지 : 상품정보 참조,프리미엄 오한진의 백세알부민 4박스 +백세알부민 활력 365 8박스 | 원산지 : 상품정보 참조,,,,확인필요,프리미엄 오한진의 백세알부민 4박스 +백세알부민 활력 365 8박스 | 원산지 : 상품정보 참조,식품,2,363,93492750,,,validated_paid_insert,paid_schedule_api,2026-08-24T10:03:37.355230+09:00,,,1,2026-08-24T10:03:36.612902+09:00,2026-08-24T10:03:37.355230+09:00
6bd8e7b4b72dfde20f9a4e9bab860770,2026-08-16,2026-08-16T08:36:00+09:00,2026-08-16T09:35:00+09:00,hs_shopntmall,쇼핑엔티,[이번달 중 단하루 99천원] 종근당건강 락토핏 코어맥스 12+4개월+셰퍼청소기,종근당건강 락토핏 코어맥스 12+4개월+셰퍼청소기,종근당건강 락토핏 코어맥스 12+4개월+셰퍼청소기,,,,미분류,,식품,2,557,55143000,,,validated_paid_insert,paid_schedule_api,2026-08-24T10:03:37.355230+09:00,,,1,2026-08-24T10:03:36.612902+09:00,2026-08-24T10:03:37.355230+09:00
f8a06d805aac7afa24eed3e52ba1e98c,2026-08-16,2026-08-16T08:36:00+09:00,2026-08-16T09:36:00+09:00,hs_gsshopmyshop,GS홈쇼핑 마이샵,다이어트 유산균 비에날씬 9박스+슬림3박스,다이어트 유산균 비에날씬 9박스+슬림3박스,다이어트 유산균 비에날씬 9박스+슬림3박스,,,,확인필요,다이어트 유산균 비에날씬 9박스+슬림3박스,식품,3,156,74140000,,,validated_paid_insert,paid_schedule_api,2026-08-24T10:03:37.355230+09:00,,,1,2026-08-24T10:03:36.612902+09:00,2026-08-24T10:03:37.355230+09:00
09151af0a7c703eddfbbeaad5d4f1a61,2026-08-16,2026-08-16T08:50:00+09:00,2026-08-16T10:00:00+09:00,hs_cjonstyle,CJ온스타일,[최다 11개월] 프로 다이어트 유산균 10개월분+슬림플러스 1개월분,프로 다이어트 유산균 10개월분+슬림플러스 1개월분,프로 다이어트 유산균 10개월분+슬림플러스 1개월분,,,,미분류,,식품,3,574,328361000,,,validated_paid_insert,paid_schedule_api,2026-08-24T10:03:37.355230+09:00,,,1,2026-08-24T10:03:36.612902+09:00,2026-08-24T10:03:37.355230+09:00
7dfb433eb4acb955e99b45a514eac9b7,2026-08-16,2026-08-16T08:50:00+09:00,2026-08-16T09:56:00+09:00,hs_nsmall,NS홈쇼핑,골드파로효소,골드파로효소,골드 파로효소,,건강식품/효소,효소,확정,골드파로효소,식품,11,1604,334641470,,,validated_paid_insert,paid_schedule_api,2026-08-24T10:03:37.355230+09:00,,,1,2026-08-24T10:03:36.612902+09:00,2026-08-24T10:03:37.355230+09:00
99ac255703f479e806e45868341bd412,2026-08-16,2026-08-16T08:50:00+09:00,2026-08-16T10:00:00+09:00,hs_gsshop,GS홈쇼핑,[총48주분]갱년기엔 이알하나(ERr731) 28정x10박스 + 2박스 더,갱년기엔 이알하나 28정x10박스 + 2박스 더,갱년기엔 이알하나 28정x10박스 + 2박스 더,,,,확인필요,갱년기엔 이알하나 28정x10박스 + 2박스 더,식품,2,747,240760000,,,validated_paid_insert,paid_schedule_api,2026-08-24T10:03:37.355230+09:00,,,1,2026-08-24T10:03:36.612902+09:00,2026-08-24T10:03:37.355230+09:00
b94339194936767150be10bfcf413830,2026-08-16,2026-08-16T08:50:00+09:00,2026-08-16T10:01:00+09:00,hs_hmall,현대홈쇼핑,뼈엔 엠비피 MBP 1개월분(130mgX30캡슐X1박스),뼈엔 엠비피 MBP 1개월분,뼈엔 MBP,뼈엔,건강식품/뼈건강,MBP,확정,뼈엔 엠비피 MBP,식품,3,977,414978000,,,validated_paid_insert,paid_schedule_api,2026-08-24T10:03:37.355230+09:00,,,1,2026-08-24T10:03:36.612902+09:00,2026-08-24T10:03:37.355230+09:00
c23878e520bd2c69cd9c4e349d48aaa6,2026-08-16,2026-08-16T08:50:00+09:00,2026-08-16T10:00:00+09:00,hs_lotteimall,롯데홈쇼핑,[위바이옴] ★[유리네 특집][9+3개월] NEW 두뇌엔 닥터 PS 맥스 9+3개월 (2g*30포*12박스),★ NEW 두뇌엔 닥터 PS 맥스 9+3개월,두뇌엔 닥터PS,두뇌엔,건강식품/두뇌·인지,포스파티딜세린,확정,두뇌엔닥터PS,식품,3,302,143060000,,,validated_paid_insert,paid_schedule_api,2026-08-24T10:03:37.355230+09:00,,,1,2026-08-24T10:03:36.612902+09:00,2026-08-24T10:03:37.355230+09:00
efe9fcda8fc7a0a20b965652993ac304,2026-08-16,2026-08-16T08:50:00+09:00,2026-08-16T10:00:00+09:00,hs_hnsmall,홈앤쇼핑,[방송에서만] 위엔 매스틱 24주분(6박스),위엔 매스틱 24주분,위엔 매스틱 24주분,,,,미분류,,식품,2,299,175601000,,,validated_paid_insert,paid_schedule_api,2026-08-24T10:03:37.355230+09:00,,,1,2026-08-24T10:03:36.612902+09:00,2026-08-24T10:03:37.355230+09:00
e4ad986db2798751d550f74d319cf7de,2026-08-16,2026-08-16T09:01:00+09:00,2026-08-16T10:21:00+09:00,hs_shinsegae,신세계쇼핑,[세일] 그레인온 파로 캡슐레이션 효소 12박스 + 무선 텀블러 블렌더,그레인온 파로 캡슐레이션 효소 12박스 + 무선 텀블러 블렌더,그레인온 파로 캡슐레이션 효소 12박스 + 무선 텀블러 블렌더,,,,미분류,,식품,1,982,205238000,,,validated_paid_insert,paid_schedule_api,2026-08-24T10:03:37.355230+09:00,,,1,2026-08-24T10:03:36.612902+09:00,2026-08-24T10:03:37.355230+09:00
6d275d18151cd74ff190cd0cc9a35872,2026-08-16,2026-08-16T09:55:00+09:00,2026-08-16T11:11:00+09:00,hs_nsmall,NS홈쇼핑,경희보감침향달임액,경희보감침향달임액,경희보감침향달임액,,,,확인필요,경희보감침향달임액,식품,3,768,223460000,,,validated_paid_insert,paid_schedule_api,2026-08-24T10:03:37.355230+09:00,,,1,2026-08-24T10:03:36.612902+09:00,2026-08-24T10:03:37.355230+09:00
0a529085176e332279fb884a11f8403a,2026-08-16,2026-08-16T10:00:00+09:00,2026-08-16T11:15:00+09:00,hs_gsshop,GS홈쇼핑,뉴트리코어 관절엔 난각막 DEM 12박스(12개월분),뉴트리코어 관절엔 난각막 DEM 12박스,뉴트리코어 관절엔 난각막 DEM 12박스,,,,확인필요,뉴트리코어 관절엔 난각막 DEM 12박스,식품,2,660,399648000,,,validated_paid_insert,paid_schedule_api,2026-08-24T10:03:37.355230+09:00,,,1,2026-08-24T10:03:36.612902+09:00,2026-08-24T10:03:37.355230+09:00
e76e34762563e006e1e566edcd6c8c46,2026-08-16,2026-08-16T10:00:00+09:00,2026-08-16T11:15:00+09:00,hs_hnsmall,홈앤쇼핑,[방송에서만 11개월분][9개월분] 비에날씬프로 9병 (9개월분) +   비에날씬플러스 6박스+ 보랄 스팀에어프라이어,비에날씬프로 9병 + 비에날씬플러스 6박스+ 보랄 스팀에어프라이어,비에날씬 프로,비에날씬,다이어트 유산균,BNR17 유산균,확정,비에날씬프로,식품,3,390,195046000,,,validated_paid_insert,paid_schedule_api,2026-08-24T10:03:37.355230+09:00,,,1,2026-08-24T10:03:36.612902+09:00,2026-08-24T10:03:37.355230+09:00
95d6162a8cd64400185197fc1c19b9d4,2026-08-16,2026-08-16T10:20:00+09:00,2026-08-16T11:35:00+09:00,hs_gongyoung,공영쇼핑,[한우먹는날] 한우 1++ NO.9스테이크 8팩 (최고등급),한우 1++ NO.9스테이크 8팩,한우 1++ NO.9스테이크 8팩,,,,미분류,,식품,1,3322,232207800,,,validated_paid_insert,paid_schedule_api,2026-08-24T10:03:37.355230+09:00,,,1,2026-08-24T10:03:36.612902+09:00,2026-08-24T10:03:37.355230+09:00
d3aad238956d4345bb475d16440fb557,2026-08-16,2026-08-16T10:21:00+09:00,2026-08-16T11:22:00+09:00,hs_shinsegae,신세계쇼핑,(방송에서만)레이델 폴리코사놀 5 18박스(18개월분)[P],레이델 폴리코사놀 5 18박스,폴리코사놀5,,건강식품/혈행,폴리코사놀,확정,폴리코사놀5,식품,5,252,108414000,,,validated_paid_insert,paid_schedule_api,2026-08-24T10:03:37.355230+09:00,,,1,2026-08-24T10:03:36.612902+09:00,2026-08-24T10:03:37.355230+09:00
dbe455c39be43368934d7e8abeae80be,2026-08-16,2026-08-16T10:21:00+09:00,2026-08-16T11:21:00+09:00,hs_skstoa,SK스토아,(방송에서만) 폴리코사놀5 18박스 (18개월분) | 원산지 : 상품정보 참조,폴리코사놀5 18박스 | 원산지 : 상품정보 참조,폴리코사놀5,,건강식품/혈행,폴리코사놀,확정,폴리코사놀5,식품,2,219,98481000,,,validated_paid_insert,paid_schedule_api,2026-08-24T10:03:37.355230+09:00,,,1,2026-08-24T10:03:36.612902+09:00,2026-08-24T10:03:37.355230+09:00
eb02450a357ac30b738cd1251a90afd7,2026-08-16,2026-08-16T10:35:00+09:00,2026-08-16T11:34:00+09:00,hs_shopntmall,쇼핑엔티,[50％세일] 골드 카무트 효소 12박스 +  파로 5봉 + 복부마사지기,골드 카무트 효소 12박스 + 파로 5봉 + 복부마사지기,골드 카무트 효소 12박스 + 파로 5봉 + 복부마사지기,,,,미분류,,식품,1,369,73062000,,,validated_paid_insert,paid_schedule_api,2026-08-24T10:03:37.355230+09:00,,,1,2026-08-24T10:03:36.612902+09:00,2026-08-24T10:03:37.355230+09:00
8ce52389c8e99ab8f9fb59d7e51036d3,2026-08-16,2026-08-16T11:15:00+09:00,2026-08-16T12:30:00+09:00,hs_gsshop,GS홈쇼핑,덴프스 트루바이타민 올인원 멀티비타민&루테인&밀크씨슬 10개월분,덴프스 트루바이타민 올인원 멀티비타민&루테인&밀크씨슬 10개월분,덴프스 트루바이타민 올인원,덴프스,기타 식품,,확정,덴프스 트루바이타민 올인원,식품,2,622,172516000,,,validated_paid_insert,paid_schedule_api,2026-08-24T10:03:37.355230+09:00,,,1,2026-08-24T10:03:36.612902+09:00,2026-08-24T10:03:37.355230+09:00
815446b92ece18f4d5b5b2eee999de01,2026-08-16,2026-08-16T11:34:00+09:00,2026-08-16T12:34:00+09:00,hs_shopntmall,쇼핑엔티,[이번달 중 단하루 99천원] 종근당건강 락토핏 코어맥스 12+4개월+셰퍼청소기,종근당건강 락토핏 코어맥스 12+4개월+셰퍼청소기,종근당건강 락토핏 코어맥스 12+4개월+셰퍼청소기,,,,미분류,,식품,2,367,36333000,,,validated_paid_insert,paid_schedule_api,2026-08-24T10:03:37.355230+09:00,,,1,2026-08-24T10:03:36.612902+09:00,2026-08-24T10:03:37.355230+09:00
637c568588ba411c30897061c8953b78,2026-08-16,2026-08-16T11:35:00+09:00,2026-08-16T12:45:00+09:00,hs_gongyoung,공영쇼핑,"도미솔김치 포기 8k+총각2k++여름물김치2k+깻잎1k(총4종,13kg) ",도미솔김치 포기 8k+총각2k++여름물김치2k+깻잎1k,도미솔김치 포기 8k+총각2k++여름물김치2k+깻잎1k,,,,미분류,,식품,7,1906,114065400,,,validated_paid_insert,paid_schedule_api,2026-08-24T10:03:37.355230+09:00,,,1,2026-08-24T10:03:36.612902+09:00,2026-08-24T10:03:37.355230+09:00
68076776ceaf86beeafe8ab133c20ca0,2026-08-16,2026-08-16T12:21:00+09:00,2026-08-16T13:21:00+09:00,hs_skstoa,SK스토아,(방송에서만 3팩 더) 사조 숙성 훈제오리 180g x 10팩+3팩 / 총13팩 | 원산지 : 상품정보 참조,사조 숙성 훈제오리 180g x 10팩+3팩 / 총13팩 | 원산지 : 상품정보 참조,사조 숙성 훈제오리 180g x 10팩+3팩 / 총13팩 | 원산지 : 상품정보 참조,,,,미분류,,식품,1,352,17564800,,,validated_paid_insert,paid_schedule_api,2026-08-24T10:03:37.355230+09:00,,,1,2026-08-24T10:03:36.612902+09:00,2026-08-24T10:03:37.355230+09:00
4eba9e11efea7d34c6c3303fcc4a5b45,2026-08-16,2026-08-16T12:40:00+09:00,2026-08-16T13:40:00+09:00,hs_hmallplus,현대홈쇼핑 플러스샵,2026년 햇 경북산 청결 고춧가루 3kg(500g 6팩) + 청양 고춧가루 500g 1팩,2026년 햇 경북산 청결 고춧가루 3kg + 청양 고춧가루 500g 1팩,2026년 햇 경북산 청결 고춧가루 3kg + 청양 고춧가루 500g 1팩,,,,미분류,,식품,3,620,64388100,,,validated_paid_insert,paid_schedule_api,2026-08-24T10:03:37.355230+09:00,,,1,2026-08-24T10:03:36.612902+09:00,2026-08-24T10:03:37.355230+09:00
fb8575c0c72c82178fcd7583a51fc971,2026-08-16,2026-08-16T12:41:00+09:00,2026-08-16T14:03:00+09:00,hs_nsmallshopplus,NS홈쇼핑 샵플러스,고춧가루1,고춧가루1,고춧가루1,,조미식품,고추,확인필요,고춧가루1,식품,2,628,59801000,,,validated_paid_insert,paid_schedule_api,2026-08-24T10:03:37.355230+09:00,,,1,2026-08-24T10:03:36.612902+09:00,2026-08-24T10:03:37.355230+09:00
6bb8f91aff6da87952f6024d822e3caa,2026-08-16,2026-08-16T12:45:00+09:00,2026-08-16T13:45:00+09:00,hs_cjonstyleplus,CJ온스타일 플러스,[50% SALE] 액티브 프로 10박스(100회분)+보틀2개,액티브 프로 10박스 +보틀2개,액티브 프로 10박스 +보틀2개,,,,확인필요,액티브 프로 10박스 +보틀2개,식품,2,163,29953700,,,validated_paid_insert,paid_schedule_api,2026-08-24T10:03:37.355230+09:00,,,1,2026-08-24T10:03:36.612902+09:00,2026-08-24T10:03:37.355230+09:00
aa999a6b7e4dd30a54301a0c4d7ce0dc,2026-08-16,2026-08-16T12:45:00+09:00,2026-08-16T13:55:00+09:00,hs_gongyoung,공영쇼핑,★농협 라이블리 한우 특 꼬리곰탕 800g*8팩★,★농협 라이블리 한우 특 꼬리곰탕 800g*8팩★,★농협 라이블리 한우 특 꼬리곰탕 800g*8팩★,,,,미분류,,식품,4,2393,118918700,,,validated_paid_insert,paid_schedule_api,2026-08-24T10:03:37.355230+09:00,,,1,2026-08-24T10:03:36.612902+09:00,2026-08-24T10:03:37.355230+09:00
a50cc22b403f76ce2a565b5b470b6b5d,2026-08-16,2026-08-16T13:55:00+09:00,2026-08-16T15:05:00+09:00,hs_gongyoung,공영쇼핑,[2025 오징어 매출 1위] 명진 손질통오징어 [특별구성 +2미] 130g × 총 20미,명진 손질통오징어 130g × 총 20미,명진 손질통오징어 130g × 총 20미,,,,미분류,,식품,4,3705,184702500,,,validated_paid_insert,paid_schedule_api,2026-08-24T10:03:37.355230+09:00,,,1,2026-08-24T10:03:36.612902+09:00,2026-08-24T10:03:37.355230+09:00
0fb3c89a7092683a9df805ad90abdf63,2026-08-16,2026-08-16T14:23:00+09:00,2026-08-16T15:23:00+09:00,hs_shinsegae,신세계쇼핑,조선호텔 포기김치 5kg+열무얼갈이김치 2kg,조선호텔 포기김치 5kg+열무얼갈이김치 2kg,조선호텔 포기김치 5kg+열무얼갈이김치 2kg,,,,미분류,,식품,3,1677,102480600,,,validated_paid_insert,paid_schedule_api,2026-08-24T10:03:37.355230+09:00,,,1,2026-08-24T10:03:36.612902+09:00,2026-08-24T10:03:37.355230+09:00
89f87624cdfc83551bc75c6b059e5a6e,2026-08-16,2026-08-16T14:30:00+09:00,2026-08-16T15:30:00+09:00,hs_cjonstyle,CJ온스타일,"26년 영양 빛깔찬 ""햇"" 고춧가루 500gx8팩(총4kg)","26년 영양 빛깔찬 ""햇"" 고춧가루 500gx8팩","26년 영양 빛깔찬 ""햇"" 고춧가루 500gx8팩",,,,미분류,,식품,2,1515,191682600,,,validated_paid_insert,paid_schedule_api,2026-08-24T10:03:37.355230+09:00,,,1,2026-08-24T10:03:36.612902+09:00,2026-08-24T10:03:37.355230+09:00
decabb0edcde75035b95dac77c63e16f,2026-08-16,2026-08-16T14:45:00+09:00,2026-08-16T15:45:00+09:00,hs_cjonstyleplus,CJ온스타일 플러스,조리기능장 의 특 키로갈비탕 1kg x 8+4팩 (방송에서만4팩더),조리기능장 의 특 키로갈비탕 1kg x 8+4팩,조리기능장 의 특 키로갈비탕 1kg x 8+4팩,,,,확인필요,조리기능장 의 특 키로갈비탕 1kg x 8+4팩,식품,1,1266,75833400,,,validated_paid_insert,paid_schedule_api,2026-08-24T10:03:37.355230+09:00,,,1,2026-08-24T10:03:36.612902+09:00,2026-08-24T10:03:37.355230+09:00
8c3e5e3ec85e23ac94e0bfa78ce1612b,2026-08-16,2026-08-16T14:55:00+09:00,2026-08-16T16:05:00+09:00,hs_gsshop,GS홈쇼핑,삼육두유 검은콩 볶은귀리 45팩 + 흑임자 30팩 + 검은콩과칼슘 30팩 총105팩,삼육두유 검은콩 볶은귀리 45팩 + 흑임자 30팩 + 검은콩과칼슘 30팩 총105팩,삼육두유 검은콩 볶은귀리 45팩 + 흑임자 30팩 + 검은콩과칼슘 30팩 총105팩,,,,미분류,,식품,1,3632,206660800,,,validated_paid_insert,paid_schedule_api,2026-08-24T10:03:37.355230+09:00,,,1,2026-08-24T10:03:36.612902+09:00,2026-08-24T10:03:37.355230+09:00
02d8d2b1fedf5646c0dc67d3114dc718,2026-08-16,2026-08-16T15:33:00+09:00,2026-08-16T16:33:00+09:00,hs_shopntmall,쇼핑엔티,안국약품 토비콤 루테인지아잔틴 플러스 6+6,안국약품 토비콤 루테인지아잔틴 플러스 6+6,안국약품 토비콤 루테인지아잔틴 플러스 6+6,,,,미분류,,식품,1,283,36507000,,,validated_paid_insert,paid_schedule_api,2026-08-24T10:03:37.355230+09:00,,,1,2026-08-24T10:03:36.612902+09:00,2026-08-24T10:03:37.355230+09:00
56477a5aefa08b33559a3f5a0ab148f8,2026-08-16,2026-08-16T15:38:00+09:00,2026-08-16T16:38:00+09:00,hs_gsshopmyshop,GS홈쇼핑 마이샵,산지애 아삭아삭 햇복숭아 총 9kg (3kg*3box),산지애 아삭아삭 햇복숭아 총 9kg,산지애 아삭아삭 햇복숭아,산지애,과일,복숭아,확정,산지애 아삭아삭 햇복숭아,식품,2,1843,110125700,,,validated_paid_insert,paid_schedule_api,2026-08-24T10:03:37.355230+09:00,,,1,2026-08-24T10:03:36.612902+09:00,2026-08-24T10:03:37.355230+09:00
cff7818dc631dee4db76579ca23bd805,2026-08-16,2026-08-16T15:40:00+09:00,2026-08-16T16:40:00+09:00,hs_hmallplus,현대홈쇼핑 플러스샵,[방송에서 4팩더] 금산인삼 특 스지도가니탕 800g x 14팩 (10팩 + 4팩) ,금산인삼 특 스지도가니탕 800g x 14팩,금산인삼 특 스지도가니탕 800g x 14팩,,,,확인필요,금산인삼 특 스지도가니탕 800g x 14팩,식품,2,1481,88711900,,,validated_paid_insert,paid_schedule_api,2026-08-24T10:03:37.355230+09:00,,,1,2026-08-24T10:03:36.612902+09:00,2026-08-24T10:03:37.355230+09:00
51c275a8fdc7f9e333ed64c7ee521db0,2026-08-16,2026-08-16T16:10:00+09:00,2026-08-16T17:16:00+09:00,hs_lotteimall,롯데홈쇼핑,[특상등급]26년 안면도 태양초 햇고춧가루 4kg(500g X 8봉),26년 안면도 태양초 햇고춧가루 4kg,26년 안면도 태양초 햇고춧가루 4kg,,,,미분류,,식품,2,979,122747500,,,validated_paid_insert,paid_schedule_api,2026-08-24T10:03:37.355230+09:00,,,1,2026-08-24T10:03:36.612902+09:00,2026-08-24T10:03:37.355230+09:00
7c2c6b55d31c7e4e183ccff34c201468,2026-08-16,2026-08-16T16:15:00+09:00,2026-08-16T17:25:00+09:00,hs_gongyoung,공영쇼핑,햇 가족 의성眞 황도복숭아(말랑이) 4kg,햇 가족 의성眞 황도복숭아 4kg,햇 가족 의성眞 황도복숭아 4kg,,,,미분류,,식품,1,7057,211004300,,,validated_paid_insert,paid_schedule_api,2026-08-24T10:03:37.355230+09:00,,,1,2026-08-24T10:03:36.612902+09:00,2026-08-24T10:03:37.355230+09:00
01452730c8ff96214dca851add01e2ef,2026-08-16,2026-08-16T16:21:00+09:00,2026-08-16T17:21:00+09:00,hs_skstoa,SK스토아,[종가] 아삭한포기김치 4.4kg*2봉 / 총 8.8kg | 원산지 : 상품정보 참조,아삭한포기김치 4.4kg*2봉 / 총 8.8kg | 원산지 : 상품정보 참조,아삭한포기김치 4.4kg*2봉 / 총 8.8kg | 원산지 : 상품정보 참조,,,,미분류,,식품,3,358,22722200,,,validated_paid_insert,paid_schedule_api,2026-08-24T10:03:37.355230+09:00,,,1,2026-08-24T10:03:36.612902+09:00,2026-08-24T10:03:37.355230+09:00
0a728cbe17101f07dc6e7d94fb274f17,2026-08-16,2026-08-16T16:21:00+09:00,2026-08-16T17:21:00+09:00,hs_skstoa,SK스토아,워커힐 고메 전복게우밥 7팩 +곤드레낙지밥 7팩 | 원산지 : 상품정보 참조,워커힐 고메 전복게우밥 7팩 +곤드레낙지밥 7팩 | 원산지 : 상품정보 참조,워커힐 고메 전복게우밥 7팩 +곤드레낙지밥 7팩 | 원산지 : 상품정보 참조,,,,미분류,,식품,1,974,57368600,,,validated_paid_insert,paid_schedule_api,2026-08-24T10:03:37.355230+09:00,,,1,2026-08-24T10:03:36.612902+09:00,2026-08-24T10:03:37.355230+09:00
7a16b9898ab2362a50f461acb168b1de,2026-08-16,2026-08-16T16:22:00+09:00,2026-08-16T17:43:00+09:00,hs_nsmallshopplus,NS홈쇼핑 샵플러스,해남땅끝마을김치1,해남땅끝마을김치1,해남땅끝마을김치,,김치,배추,확정,해남땅끝마을김치,식품,2,2463,90884700,,,validated_paid_insert,paid_schedule_api,2026-08-24T10:03:37.355230+09:00,,,1,2026-08-24T10:03:36.612902+09:00,2026-08-24T10:03:37.355230+09:00
d22107fc0d767b7d766a3c451221c08f,2026-08-16,2026-08-16T16:33:00+09:00,2026-08-16T17:33:00+09:00,hs_shopntmall,쇼핑엔티,(방송에서만 4팩 더!) 임성근의 특 키로갈비탕 1kg x 12팩 (총 12kg),임성근의 특 키로갈비탕 1kg x 12팩,임성근의 특 키로갈비탕 1kg x 12팩,,,,확인필요,임성근의 특키로 갈비탕 1kg x 12팩,식품,1,1550,92845000,,,validated_paid_insert,paid_schedule_api,2026-08-24T10:03:37.355230+09:00,,,1,2026-08-24T10:03:36.612902+09:00,2026-08-24T10:03:37.355230+09:00
f6604f045b28799c23cd11e85ad49f49,2026-08-16,2026-08-16T16:40:00+09:00,2026-08-16T17:43:00+09:00,hs_kshop,KT알파쇼핑,오늘제주_은갈치,오늘제주_은갈치,오늘제주_은갈치,,,,확인필요,오늘제주_은갈치,식품,3,1881,112671900,,,validated_paid_insert,paid_schedule_api,2026-08-24T10:03:37.355230+09:00,,,1,2026-08-24T10:03:36.612902+09:00,2026-08-24T10:03:37.355230+09:00
1de4554a4f44ab89bc205a28b642652f,2026-08-16,2026-08-16T16:41:00+09:00,2026-08-16T17:22:00+09:00,hs_lotteimallonetv,롯데원티비,"[직화구이 닭발] ★방송에서만 1팩 더★ 직화구이 무뼈 닭발 9팩 (팩당 150g, 총 1.35kg)",★방송에서만 1팩 더★ 직화구이 무뼈 닭발 9팩,★방송에서만 1팩 더★ 직화구이 무뼈 닭발 9팩,,,,미분류,,식품,2,671,26772900,,,validated_paid_insert,paid_schedule_api,2026-08-24T10:03:37.355230+09:00,,,1,2026-08-24T10:03:36.612902+09:00,2026-08-24T10:03:37.355230+09:00
ff316b6b7cc853313e63cfa2af8d8862,2026-08-16,2026-08-16T16:45:00+09:00,2026-08-16T17:45:00+09:00,hs_cjonstyleplus,CJ온스타일 플러스,고마워요 하루 견과 프리미엄 4+1박스(100봉) /순수견과,고마워요 하루 견과 프리미엄 4+1박스 /순수견과,고마워요 하루 견과 프리미엄 4+1박스 /순수견과,,,,미분류,,식품,2,1200,102575100,,,validated_paid_insert,paid_schedule_api,2026-08-24T10:03:37.355230+09:00,,,1,2026-08-24T10:03:36.612902+09:00,2026-08-24T10:03:37.355230+09:00
8cab7c325399320391c0d2acbf510abc,2026-08-16,2026-08-16T17:20:00+09:00,2026-08-16T18:21:00+09:00,hs_nsmall,NS홈쇼핑,손질통오징어,손질통오징어,손질통오징어,,,,미분류,,식품,1,3542,176745800,,,validated_paid_insert,paid_schedule_api,2026-08-24T10:03:37.355230+09:00,,,1,2026-08-24T10:03:36.612902+09:00,2026-08-24T10:03:37.355230+09:00
997cee1099f76e998d449692e9d2fbee,2026-08-16,2026-08-16T17:24:00+09:00,2026-08-16T18:24:00+09:00,hs_shinsegae,신세계쇼핑,[방송에서만] 최현석 횡성축협한우 한돈한우 직화스테이크 160g*21팩(총 42장) [직],최현석 횡성축협한우 한돈한우 직화스테이크 160g*21팩,최현석 횡성축협한우 한돈한우 직화스테이크,최현석,육류,소고기/육류,확정,최현석 횡성축협한우 한돈한우 직화스테이크,식품,1,2121,127047900,,,validated_paid_insert,paid_schedule_api,2026-08-24T10:03:37.355230+09:00,,,1,2026-08-24T10:03:36.612902+09:00,2026-08-24T10:03:37.355230+09:00
d54ac2efa4f987013b308bf873d1e720,2026-08-16,2026-08-16T17:25:00+09:00,2026-08-16T18:40:00+09:00,hs_gongyoung,공영쇼핑,★1팩더!★ 예미정 진짜 불맛불고기(간장6+매콤6)180g*12+1팩(간장맛),★1팩더!★ 예미정 진짜 불맛불고기 180g*12+1팩,★1팩더!★ 예미정 진짜 불맛불고기 180g*12+1팩,,,,미분류,,식품,2,3913,156038700,,,validated_paid_insert,paid_schedule_api,2026-08-24T10:03:37.355230+09:00,,,1,2026-08-24T10:03:36.612902+09:00,2026-08-24T10:03:37.355230+09:00
1c75683a64f97d18c1138a9b6c73675d,2026-08-16,2026-08-16T17:32:00+09:00,2026-08-16T18:32:00+09:00,hs_shopntmall,쇼핑엔티,[특등급 건고추] 26년산 농협 영양 햇 고춧가루 500g x 6팩 (총 3kg),26년산 농협 영양 햇 고춧가루 500g x 6팩,26년산 농협 영양 햇 고춧가루 500g x 6팩,,,,미분류,,식품,2,513,50200800,,,validated_paid_insert,paid_schedule_api,2026-08-24T10:03:37.355230+09:00,,,1,2026-08-24T10:03:36.612902+09:00,2026-08-24T10:03:37.355230+09:00
b0d8b7a4ba0d8edc2347be815401c393,2026-08-16,2026-08-16T17:38:00+09:00,2026-08-16T18:38:00+09:00,hs_gsshopmyshop,GS홈쇼핑 마이샵,관절엔 콘드로이친1200 12개월분 + 주영 오메가 2개월분,관절엔 콘드로이친1200 12개월분 + 주영 오메가 2개월분,관절엔 콘드로이친,관절엔,건강식품/관절,콘드로이친,확정,관절엔 콘드로이친,식품,3,289,164526000,,,validated_paid_insert,paid_schedule_api,2026-08-24T10:03:37.355230+09:00,,,1,2026-08-24T10:03:36.612902+09:00,2026-08-24T10:03:37.355230+09:00
d91d1d6e2bc592d0752cdfa040558466,2026-08-16,2026-08-16T17:40:00+09:00,2026-08-16T18:40:00+09:00,hs_hmallplus,현대홈쇼핑 플러스샵,[2026년산 햇고추] 농협 봉화 고춧가루 3kg 세트 (500g x 6팩),농협 봉화 고춧가루 3kg 세트,농협 봉화 고춧가루 3kg 세트,,,,미분류,,식품,2,452,44630000,,,validated_paid_insert,paid_schedule_api,2026-08-24T10:03:37.355230+09:00,,,1,2026-08-24T10:03:36.612902+09:00,2026-08-24T10:03:37.355230+09:00
6584d27f761dd72f783b0cf010711679,2026-08-16,2026-08-16T17:42:00+09:00,2026-08-16T18:44:00+09:00,hs_nsmallshopplus,NS홈쇼핑 샵플러스,파래김1,파래김1,파래김1,,,,미분류,,식품,1,1136,45326400,,,validated_paid_insert,paid_schedule_api,2026-08-24T10:03:37.355230+09:00,,,1,2026-08-24T10:03:36.612902+09:00,2026-08-24T10:03:37.355230+09:00
d84df4ed331d5ada8f5a3f6db4f84781,2026-08-16,2026-08-16T18:40:00+09:00,2026-08-16T19:50:00+09:00,hs_gongyoung,공영쇼핑,[바다성찬] 영광법성포 굴비 특대장대 90g×20미,영광법성포 굴비 특대장대 90g×20미,영광법성포 굴비 특대장대 90g×20미,,,,미분류,,식품,1,2075,165792500,,,validated_paid_insert,paid_schedule_api,2026-08-24T10:03:37.355230+09:00,,,1,2026-08-24T10:03:36.612902+09:00,2026-08-24T10:03:37.355230+09:00
2dd9201b44d54b6affc957026c13e69e,2026-08-16,2026-08-16T18:42:00+09:00,2026-08-16T19:44:00+09:00,hs_nsmallshopplus,NS홈쇼핑 샵플러스,주원산 훈제오리 1,주원산 훈제오리 1,주원산 훈제오리 1,,,,확인필요,주원산 훈제오리 1,식품,3,1194,47600600,,,validated_paid_insert,paid_schedule_api,2026-08-24T10:03:37.355230+09:00,,,1,2026-08-24T10:03:36.612902+09:00,2026-08-24T10:03:37.355230+09:00
d4dfcb8bed1d1a57e7c3dd1994eeaf02,2026-08-16,2026-08-16T19:25:00+09:00,2026-08-16T20:36:00+09:00,hs_nsmall,NS홈쇼핑,정성곳간갈비탕,정성곳간갈비탕,정성곳간갈비탕,,,,미분류,,식품,2,4537,226396300,,,validated_paid_insert,paid_schedule_api,2026-08-24T10:03:37.355230+09:00,,,1,2026-08-24T10:03:36.612902+09:00,2026-08-24T10:03:37.355230+09:00
5a3938408366621a855436775c4cdf5e,2026-08-16,2026-08-16T19:40:00+09:00,2026-08-16T20:41:00+09:00,hs_hmallplus,현대홈쇼핑 플러스샵,베스트넛츠 프리미엄 견과 100봉 (20g x 20봉 x 5박스),베스트넛츠 프리미엄 견과 100봉,베스트넛츠 프리미엄 견과 100봉,,,,미분류,,식품,1,894,80370600,,,validated_paid_insert,paid_schedule_api,2026-08-24T10:03:37.355230+09:00,,,1,2026-08-24T10:03:36.612902+09:00,2026-08-24T10:03:37.355230+09:00
5fa1166f6cdd239a6733782a362fe49f,2026-08-16,2026-08-16T19:41:00+09:00,2026-08-16T20:40:00+09:00,hs_lotteimallonetv,롯데원티비,[방송에서만] 조리기능장 임성근의 특키로 도가니탕  1kg x12팩,조리기능장 임성근의 특키로 도가니탕 1kg x12팩,조리기능장 임성근의 특키로 도가니탕 1kg x12팩,,,,확인필요,조리기능장 임성근의 특키로 도가니탕 1kg x12팩,식품,1,424,25397600,,,validated_paid_insert,paid_schedule_api,2026-08-24T10:03:37.355230+09:00,,,1,2026-08-24T10:03:36.612902+09:00,2026-08-24T10:03:37.355230+09:00
37dfd1d57974c8d927217da044834e3c,2026-08-16,2026-08-16T19:42:00+09:00,2026-08-16T20:43:00+09:00,hs_nsmallshopplus,NS홈쇼핑 샵플러스,고춧가루5,고춧가루5,고춧가루5,,,,미분류,,식품,2,352,42937400,,,validated_paid_insert,paid_schedule_api,2026-08-24T10:03:37.355230+09:00,,,1,2026-08-24T10:03:36.612902+09:00,2026-08-24T10:03:37.355230+09:00
b39f25a8beb25e971f96ff1ea7a6ac04,2026-08-16,2026-08-16T20:25:00+09:00,2026-08-16T21:25:00+09:00,hs_shinsegae,신세계쇼핑,[국민영양] 여에스더 포스파티딜세린 5개월분 ( 430mg x 30캡슐 x 10박스) + 블루베리 1박스,여에스더 포스파티딜세린 5개월분 + 블루베리 1박스,여에스더 포스파티딜세린 5개월분 + 블루베리 1박스,,,,미분류,,식품,9,1703,151567000,,,validated_paid_insert,paid_schedule_api,2026-08-24T10:03:37.355230+09:00,,,1,2026-08-24T10:03:36.612902+09:00,2026-08-24T10:03:37.355230+09:00
6f26db6b4c08ddc4e5283474fff2b135,2026-08-16,2026-08-16T20:33:00+09:00,2026-08-16T21:33:00+09:00,hs_shopntmall,쇼핑엔티,(방송에서만 2세트 더) 정호영셰프의 신선담은 손질왕낙지 170g x 11팩 + 비법담은 볶음소스 50g x 11팩,정호영셰프의 신선담은 손질왕낙지 170g x 11팩 + 비법담은 볶음소스 50g x 11팩,정호영셰프의 신선담은 손질왕낙지 170g x 11팩 + 비법담은 볶음소스 50g x 11팩,,,,미분류,,식품,1,1944,102837600,,,validated_paid_insert,paid_schedule_api,2026-08-24T10:03:37.355230+09:00,,,1,2026-08-24T10:03:36.612902+09:00,2026-08-24T10:03:37.355230+09:00
65ec65075299ee3404024bd7c2df77a7,2026-08-16,2026-08-16T20:40:00+09:00,2026-08-16T21:40:00+09:00,hs_hmallplus,현대홈쇼핑 플러스샵,박준면의 김치이야기 포기김치4kg+총각김치1kg,박준면의 김치이야기 포기김치4kg+총각김치1kg,박준면의 김치이야기 포기김치4kg+총각김치1kg,,,,미분류,,식품,1,1686,77387400,,,validated_paid_insert,paid_schedule_api,2026-08-24T10:03:37.355230+09:00,,,1,2026-08-24T10:03:36.612902+09:00,2026-08-24T10:03:37.355230+09:00
ccf8ac184b2c77b0d37279086bb243c2,2026-08-16,2026-08-16T20:40:00+09:00,2026-08-16T21:40:00+09:00,hs_lotteimallonetv,롯데원티비,[대상웰라이프] T[직][더블]뉴케어 구수한맛 밸런스업 총 144팩 (230ml X 24팩 X 6박스),T 뉴케어 구수한맛 밸런스업 총 144팩,T 뉴케어 구수한맛 밸런스업 총 144팩,,,,미분류,,식품,2,88,24047000,,,validated_paid_insert,paid_schedule_api,2026-08-24T10:03:37.355230+09:00,,,1,2026-08-24T10:03:36.612902+09:00,2026-08-24T10:03:37.355230+09:00
047deb31682d688f5941c1a6a49f3124,2026-08-16,2026-08-16T21:25:00+09:00,2026-08-16T22:26:00+09:00,hs_shinsegae,신세계쇼핑,[국민영양] 여에스더 포스파티딜세린 5개월분 ( 430mg x 30캡슐 x 10박스) + 블루베리 1박스,여에스더 포스파티딜세린 5개월분 + 블루베리 1박스,여에스더 포스파티딜세린 5개월분 + 블루베리 1박스,,,,미분류,,식품,9,871,77519000,,,validated_paid_insert,paid_schedule_api,2026-08-24T10:03:37.355230+09:00,,,1,2026-08-24T10:03:36.612902+09:00,2026-08-24T10:03:37.355230+09:00
2d9073da9c03f1445e8f544fd0749ecf,2026-08-16,2026-08-16T21:35:00+09:00,2026-08-16T22:40:00+09:00,hs_cjonstyle,CJ온스타일,[방송에서만] 프리미엄 메이플견과 4+1박스 (100봉) 견과류,프리미엄 메이플견과 4+1박스 견과류,프리미엄 메이플견과 4+1박스 견과류,,,,미분류,,식품,2,3050,331839800,,,validated_paid_insert,paid_schedule_api,2026-08-24T10:03:37.355230+09:00,,,1,2026-08-24T10:03:36.612902+09:00,2026-08-24T10:03:37.355230+09:00
47c8903d0f20cb426b7c1ab13ad1aa0d,2026-08-16,2026-08-16T21:35:00+09:00,2026-08-16T22:40:00+09:00,hs_lotteimall,롯데홈쇼핑,[상담예약] 참좋은여행 북해도 4일 패키지,참좋은여행 북해도 4일 패키지,참좋은여행 북해도 4일 패키지,,,,미분류,,식품,1,0,0,,,validated_paid_insert,paid_schedule_api,2026-08-24T10:03:37.355230+09:00,,,1,2026-08-24T10:03:36.612902+09:00,2026-08-24T10:03:37.355230+09:00
abdc250233b583d0e2e26528ccfc1912,2026-08-16,2026-08-16T21:43:00+09:00,2026-08-16T22:45:00+09:00,hs_nsmallshopplus,NS홈쇼핑 샵플러스,임성근갈비탕1,임성근갈비탕1,임성근갈비탕,임성근,탕/간편식,소고기,확정,임성근갈비탕,식품,3,1086,65051400,,,validated_paid_insert,paid_schedule_api,2026-08-24T10:03:37.355230+09:00,,,1,2026-08-24T10:03:36.612902+09:00,2026-08-24T10:03:37.355230+09:00
29f56ce9c718f7cf62358105f43ffe31,2026-08-16,2026-08-16T22:00:00+09:00,2026-08-16T23:00:00+09:00,hs_gongyoung,공영쇼핑,[30팩] 한우물 일품볶음밥 6종,한우물 일품볶음밥 6종,한우물 일품볶음밥 6종,,,,미분류,,식품,1,2929,149086100,,,validated_paid_insert,paid_schedule_api,2026-08-24T10:03:37.355230+09:00,,,1,2026-08-24T10:03:36.612902+09:00,2026-08-24T10:03:37.355230+09:00
e93c8097f24601b74d622bda09e598ce,2026-08-16,2026-08-16T23:00:00+09:00,2026-08-16T23:55:00+09:00,hs_gongyoung,공영쇼핑,자연향 호박고구마(호풍미) 8kg,자연향 호박고구마 8kg,자연향 호박고구마 8kg,,,,미분류,,식품,1,4692,159058800,,,validated_paid_insert,paid_schedule_api,2026-08-24T10:03:37.355230+09:00,,,1,2026-08-24T10:03:36.612902+09:00,2026-08-24T10:03:37.355230+09:00
300ef6323e2e90ecdced4483032b060a,2026-08-16,2026-08-16T23:26:00+09:00,2026-08-17T00:00:00+09:00,hs_shinsegae,신세계쇼핑,[방송에서만] 최현석 횡성축협한우 한돈한우 직화스테이크 160g*21팩(총 42장) [직],최현석 횡성축협한우 한돈한우 직화스테이크 160g*21팩,최현석 횡성축협한우 한돈한우 직화스테이크,최현석,육류,소고기/육류,확정,최현석 횡성축협한우 한돈한우 직화스테이크,식품,1,1039,62236100,,,validated_paid_insert,paid_schedule_api,2026-08-24T10:03:37.355230+09:00,,,1,2026-08-24T10:03:36.612902+09:00,2026-08-24T10:03:37.355230+09:00
9c031512841c3e02a12876eb8073e7ef,2026-08-16,2026-08-16T23:50:00+09:00,2026-08-17T01:00:00+09:00,hs_lotteimall,롯데홈쇼핑,[베리솔] ☆방송에서만☆[32주+2주] 더 콜라겐구미 클래식 34주분 (21구미 x 34봉),☆방송에서만☆ 더 콜라겐구미 클래식 34주분,☆방송에서만☆ 더 콜라겐구미 클래식 34주분,,,,미분류,,식품,2,419,118651000,,,validated_paid_insert,paid_schedule_api,2026-08-24T10:03:37.355230+09:00,,,1,2026-08-24T10:03:36.612902+09:00,2026-08-24T10:03:37.355230+09:00
dfd56bd86b1529bb15e587519513435a,2026-08-16,2026-08-16T23:50:00+09:00,2026-08-17T00:40:00+09:00,hs_hnsmall,홈앤쇼핑,"[NO옵션 2배 보상제] 롯데관광 푸꾸옥 5일 vs 다낭,호이안 5일 (전일정 월드체인 5성급)","롯데관광 푸꾸옥 5일 vs 다낭,호이안 5일","롯데관광 푸꾸옥 5일 vs 다낭,호이안 5일",,,,미분류,,식품,1,627,0,,,validated_paid_insert,paid_schedule_api,2026-08-24T10:03:37.355230+09:00,,,1,2026-08-24T10:03:36.612902+09:00,2026-08-24T10:03:37.355230+09:00
99d1b222904ba033d07a6f55bd6f95c3,2026-08-16,2026-08-16T23:55:00+09:00,2026-08-17T01:00:00+09:00,hs_gongyoung,공영쇼핑,비로소 카무트효소 분말 브랜드밀 3g*30개*12박스,비로소 카무트효소 분말 브랜드밀 3g*30개*12박스,비로소 카무트효소 분말 브랜드밀 3g*30개*12박스,,,,미분류,,식품,1,659,75455500,,,validated_paid_insert,paid_schedule_api,2026-08-24T10:03:37.355230+09:00,,,1,2026-08-24T10:03:36.612902+09:00,2026-08-24T10:03:37.355230+09:00
e43daca86233a67869290d9ef2365232,2026-08-17,2026-08-17T00:38:00+09:00,2026-08-17T01:39:00+09:00,hs_gsshopmyshop,GS홈쇼핑 마이샵,오트리 고메넛츠 퓨어 16g 100입,오트리 고메넛츠 퓨어 16g 100입,오트리 고메넛츠 퓨어 16g 100입,,,,미분류,,식품,1,251,25049800,,,validated_paid_insert,paid_schedule_api,2026-08-24T10:02:31.503073+09:00,,,1,2026-08-24T10:02:31.146802+09:00,2026-08-24T10:02:31.503073+09:00
7597537ca6b7262c428f6a9ea4abbe7f,2026-08-17,2026-08-17T01:00:00+09:00,2026-08-17T02:00:00+09:00,hs_nsmall,NS홈쇼핑,히트상품 앵콜방송1부,히트상품 앵콜방송1부,히트상품 앵콜방송1부,,,,미분류,,식품,2,1457,32205300,,,validated_paid_insert,paid_schedule_api,2026-08-24T10:02:31.503073+09:00,,,1,2026-08-24T10:02:31.146802+09:00,2026-08-24T10:02:31.503073+09:00
87a69c98570607586af817dd7e2c1235,2026-08-17,2026-08-17T01:00:00+09:00,2026-08-17T01:31:00+09:00,hs_cjonstyle,CJ온스타일,블랙선식,블랙선식,블랙선식,,,,미분류,,식품,1,305,10339500,,,validated_paid_insert,paid_schedule_api,2026-08-24T10:02:31.503073+09:00,,,1,2026-08-24T10:02:31.146802+09:00,2026-08-24T10:02:31.503073+09:00
dff56b0953ec4d4c01502c8cbfc06eef,2026-08-17,2026-08-17T01:00:00+09:00,2026-08-18T01:00:00+09:00,hs_hmallplus,현대홈쇼핑 플러스샵,[추가3박스] 데이즈온 파라다이스 그레인 버닝 6+3박스 (18주분),데이즈온 파라다이스 그레인 버닝 6+3박스,데이즈온 파라다이스그레인,데이즈온,다이어트/건강식품,곡물,확정,데이즈온 파라다이스그레인,식품,2,55,13295000,,,validated_paid_insert,paid_schedule_api,2026-08-24T10:02:31.503073+09:00,,,1,2026-08-24T10:02:31.146802+09:00,2026-08-24T10:02:31.503073+09:00
f83e3a816e65f41554b9a2d94ff52b60,2026-08-17,2026-08-17T01:00:00+09:00,2026-08-17T02:00:00+09:00,hs_hnsmall,홈앤쇼핑,[방송에서만 6+3][더블]데이즈온 파라다이스 그레인 버닝 12주분(700mg x 28정 x 6박스)+3박스 더,데이즈온 파라다이스 그레인 버닝 12주분 +3박스 더,데이즈온 파라다이스그레인,데이즈온,다이어트/건강식품,곡물,확정,데이즈온 파라다이스그레인,식품,2,203,49447000,,,validated_paid_insert,paid_schedule_api,2026-08-24T10:02:31.503073+09:00,,,1,2026-08-24T10:02:31.146802+09:00,2026-08-24T10:02:31.503073+09:00
172e7c941f900fa55ef480d4767d4847,2026-08-17,2026-08-17T01:27:00+09:00,2026-08-17T01:38:00+09:00,hs_shinsegae,신세계쇼핑,[방송에서만] 한끼든든 장어탕 350g x 8팩 + 1팩 더 (총 9팩),한끼든든 장어탕 350g x 8팩 + 1팩 더,한끼든든 장어탕 350g x 8팩 + 1팩 더,,,,미분류,,식품,2,26,1297400,,,validated_paid_insert,paid_schedule_api,2026-08-24T10:02:31.503073+09:00,,,1,2026-08-24T10:02:31.146802+09:00,2026-08-24T10:02:31.503073+09:00
ab8387a2859290fed71ee8ffea85b1e7,2026-08-17,2026-08-17T01:44:00+09:00,2026-08-17T02:01:00+09:00,hs_nsmallshopplus,NS홈쇼핑 샵플러스,공주밤두부과자1,공주밤두부과자1,공주밤두부과자1,,,,확인필요,공주밤두부과자1,식품,2,161,4813900,,,validated_paid_insert,paid_schedule_api,2026-08-24T10:02:31.503073+09:00,,,1,2026-08-24T10:02:31.146802+09:00,2026-08-24T10:02:31.503073+09:00
29607121b32e55a0096f10800734fbb9,2026-08-17,2026-08-17T02:00:00+09:00,2026-08-17T03:01:00+09:00,hs_nsmall,NS홈쇼핑,히트상품 앵콜방송 2부,히트상품 앵콜방송 2부,히트상품 앵콜방송 2부,,,,미분류,,식품,5,114,7432300,,,validated_paid_insert,paid_schedule_api,2026-08-24T10:02:31.503073+09:00,,,1,2026-08-24T10:02:31.146802+09:00,2026-08-24T10:02:31.503073+09:00
4715777cecd1bb7e581a5e9569cbd44d,2026-08-17,2026-08-17T02:00:00+09:00,2026-08-17T02:30:00+09:00,hs_hnsmall,홈앤쇼핑,[방송에서만] 유기농 비너지대마종자유 12박스 + 6박스 (총 18개월분),유기농 비너지대마종자유 12박스 + 6박스,비너지대마종자유,,건강식품/오일,대마종자유,확정,비너지대마종자유,식품,2,10,2353000,,,validated_paid_insert,paid_schedule_api,2026-08-24T10:02:31.503073+09:00,,,1,2026-08-24T10:02:31.146802+09:00,2026-08-24T10:02:31.503073+09:00
66d40ffe3b52396a62845fa507374f67,2026-08-17,2026-08-17T02:00:00+09:00,2026-08-17T02:42:00+09:00,hs_nsmallshopplus,NS홈쇼핑 샵플러스,공주밤두부과자2,공주밤두부과자2,공주밤두부과자2,,,,확인필요,공주밤두부과자2,식품,2,409,12229100,,,validated_paid_insert,paid_schedule_api,2026-08-24T10:02:31.503073+09:00,,,1,2026-08-24T10:02:31.146802+09:00,2026-08-24T10:02:31.503073+09:00
9570183db65a50c38867ede33c1bef9d,2026-08-17,2026-08-17T02:01:00+09:00,2026-08-17T02:41:00+09:00,hs_skstoa,SK스토아,"넉넉한 유기농 레몬즙 14포 x 12박스, 총 168포 | 원산지 : 상품정보 참조","넉넉한 유기농 레몬즙 14포 x 12박스, 총 168포 | 원산지 : 상품정보 참조","넉넉한 유기농 레몬즙 14포 x 12박스, 총 168포 | 원산지 : 상품정보 참조",,,,미분류,,식품,1,125,6237500,,,validated_paid_insert,paid_schedule_api,2026-08-24T10:02:31.503073+09:00,,,1,2026-08-24T10:02:31.146802+09:00,2026-08-24T10:02:31.503073+09:00
0bd104d289873bbabaaa3f2813282d1f,2026-08-17,2026-08-17T02:10:00+09:00,2026-08-17T02:31:00+09:00,hs_gsshopmyshop,GS홈쇼핑 마이샵,하이랜드 프레쉬 100% 블루베리 착즙 주스 48팩 120mL,하이랜드 프레쉬 100% 블루베리 착즙 주스 48팩 120mL,하이랜드 프레쉬 100% 블루베리 착즙 주스 48팩 120mL,,,,확인필요,하이랜드 프레쉬 100% 블루베리 착즙 주스 48팩 120mL,식품,1,29,2868100,,,validated_paid_insert,paid_schedule_api,2026-08-24T10:02:31.503073+09:00,,,1,2026-08-24T10:02:31.146802+09:00,2026-08-24T10:02:31.503073+09:00
0b8538965da0a72f3e95dfb73a7d1245,2026-08-17,2026-08-17T03:00:00+09:00,2026-08-17T03:42:00+09:00,hs_nsmallshopplus,NS홈쇼핑 샵플러스,갈비탕1,갈비탕1,갈비탕1,,,,미분류,,식품,1,83,4971700,,,validated_paid_insert,paid_schedule_api,2026-08-24T10:02:31.503073+09:00,,,1,2026-08-24T10:02:31.146802+09:00,2026-08-24T10:02:31.503073+09:00
1e919c2ebb41b6e714e45bafceedc5ed,2026-08-17,2026-08-17T03:20:00+09:00,2026-08-17T04:01:00+09:00,hs_nsmall,NS홈쇼핑,히트상품 앵콜방송3부,히트상품 앵콜방송3부,히트상품 앵콜방송3부,,,,미분류,,식품,2,19,3063000,,,validated_paid_insert,paid_schedule_api,2026-08-24T10:02:31.503073+09:00,,,1,2026-08-24T10:02:31.146802+09:00,2026-08-24T10:02:31.503073+09:00
bf772956b4caef2b8d1464b53793ccea,2026-08-17,2026-08-17T03:31:00+09:00,2026-08-17T03:51:00+09:00,hs_skstoa,SK스토아,골드 파로효소 캡슐레이션 14박스 | 원산지 : 상품정보 참조,골드 파로효소 캡슐레이션 14박스 | 원산지 : 상품정보 참조,골드 파로효소,,건강식품/효소,효소,확정,골드파로효소,식품,1,0,0,,,validated_paid_insert,paid_schedule_api,2026-08-24T10:02:31.503073+09:00,,,1,2026-08-24T10:02:31.146802+09:00,2026-08-24T10:02:31.503073+09:00
a2d3c5dfd4f55195177997e37228b08a,2026-08-17,2026-08-17T03:37:00+09:00,2026-08-17T03:57:00+09:00,hs_shopntmall,쇼핑엔티,고창 복분자 발효농축분말 6박스,고창 복분자 발효농축분말 6박스,고창 복분자 발효농축분말 6박스,,,,미분류,,식품,1,11,1628000,,,validated_paid_insert,paid_schedule_api,2026-08-24T10:02:31.503073+09:00,,,1,2026-08-24T10:02:31.146802+09:00,2026-08-24T10:02:31.503073+09:00
afba7fa5dbbbfdf0621084bf60cbeb3e,2026-08-17,2026-08-17T03:57:00+09:00,2026-08-17T04:17:00+09:00,hs_shopntmall,쇼핑엔티,골드 파로효소 캡슐레이션 10박스,골드 파로효소 캡슐레이션 10박스,골드 파로효소,,건강식품/효소,효소,확정,골드파로효소,식품,1,4,1432000,,,validated_paid_insert,paid_schedule_api,2026-08-24T10:02:31.503073+09:00,,,1,2026-08-24T10:02:31.146802+09:00,2026-08-24T10:02:31.503073+09:00
622d6201c5ce831c9f1a3153755fb278,2026-08-17,2026-08-17T04:17:00+09:00,2026-08-17T04:37:00+09:00,hs_shopntmall,쇼핑엔티,대원제약 혈당파이터 20개월분,대원제약 혈당파이터 20개월분,대원제약 혈당파이터 20개월분,,,,미분류,,식품,1,2,396000,,,validated_paid_insert,paid_schedule_api,2026-08-24T10:02:31.503073+09:00,,,1,2026-08-24T10:02:31.146802+09:00,2026-08-24T10:02:31.503073+09:00
21336762ba538cad8adcb71988c3d338,2026-08-17,2026-08-17T04:19:00+09:00,2026-08-17T04:30:00+09:00,hs_shinsegae,신세계쇼핑,[효돈농협]프리미엄 제주 하우스 감귤 특등급 2.5kg (2s-m 사이즈),프리미엄 제주 하우스 감귤 특등급 2.5kg,프리미엄 제주 하우스 감귤 특등급 2.5kg,,,,미분류,,식품,3,25,943500,,,validated_paid_insert,paid_schedule_api,2026-08-24T10:02:31.503073+09:00,,,1,2026-08-24T10:02:31.146802+09:00,2026-08-24T10:02:31.503073+09:00
5b09013365e0480dd7c5e181ff95cf04,2026-08-17,2026-08-17T04:30:00+09:00,2026-08-17T05:30:00+09:00,hs_shinsegae,신세계쇼핑,삼육두유 검은콩 볶은귀리 60팩 + 흑임자두유 45팩 (총105팩),삼육두유 검은콩 볶은귀리 60팩 + 흑임자두유 45팩,삼육두유 검은콩 볶은귀리 60팩 + 흑임자두유 45팩,,,,미분류,,식품,8,400,22718000,,,validated_paid_insert,paid_schedule_api,2026-08-24T10:02:31.503073+09:00,,,1,2026-08-24T10:02:31.146802+09:00,2026-08-24T10:02:31.503073+09:00
20c9c75476a867084b7f7517f070583f,2026-08-17,2026-08-17T04:34:00+09:00,2026-08-17T04:55:00+09:00,hs_gsshopmyshop,GS홈쇼핑 마이샵,신의주 순대국 10팩 (오리지널 얼큰한맛 600g x 5팩 + 담백한맛 600g x 5팩) + 방송에서만 찰순대 1팩 더,신의주 순대국 10팩 + 방송에서만 찰순대 1팩 더,신의주 순대국 10팩 + 방송에서만 찰순대 1팩 더,,,,미분류,,식품,3,51,3054900,,,validated_paid_insert,paid_schedule_api,2026-08-24T10:02:31.503073+09:00,,,1,2026-08-24T10:02:31.146802+09:00,2026-08-24T10:02:31.503073+09:00
a2004a5d2710b04e2d785aa35ed82031,2026-08-17,2026-08-17T04:50:00+09:00,2026-08-17T05:21:00+09:00,hs_hmall,현대홈쇼핑,[국내유일 갓김치 명인] 송완숙 여수 돌산 햇 갓김치 2kg+2kg,송완숙 여수 돌산 햇 갓김치 2kg+2kg,송완숙 여수 돌산 햇 갓김치 2kg+2kg,,,,미분류,,식품,1,578,17282200,,,validated_paid_insert,paid_schedule_api,2026-08-24T10:02:31.503073+09:00,,,1,2026-08-24T10:02:31.146802+09:00,2026-08-24T10:02:31.503073+09:00
6df1d359c2b2a885280225970f874747,2026-08-17,2026-08-17T05:28:00+09:00,2026-08-17T06:33:00+09:00,hs_kshop,KT알파쇼핑,닥터루템_마그네슘,닥터루템_마그네슘,닥터루템_마그네슘,,,,미분류,,식품,1,153,42687000,,,validated_paid_insert,paid_schedule_api,2026-08-24T10:02:31.503073+09:00,,,1,2026-08-24T10:02:31.146802+09:00,2026-08-24T10:02:31.503073+09:00
46a44e03ae576ae4b5f117680ec3783a,2026-08-17,2026-08-17T05:30:00+09:00,2026-08-17T06:31:00+09:00,hs_shinsegae,신세계쇼핑,(방송에서만 2+2박스) HLB제약 어진 맥문동 진액(총 120포),HLB제약 어진 맥문동 진액,HLB제약 어진 맥문동 진액,HLB제약,전통건강즙,맥문동,확정,HLB제약 어진 맥문동 진액,식품,2,293,37797000,,,validated_paid_insert,paid_schedule_api,2026-08-24T10:02:31.503073+09:00,,,1,2026-08-24T10:02:31.146802+09:00,2026-08-24T10:02:31.503073+09:00
647da8879c763de5dae7e7b1a2b6adf4,2026-08-17,2026-08-17T05:30:00+09:00,2026-08-17T06:16:00+09:00,hs_gsshop,GS홈쇼핑,닥터린 하이퍼셀 대마종자유 6박스(6개월분),닥터린 하이퍼셀 대마종자유 6박스,닥터린 하이퍼셀 대마종자유 6박스,,,,미분류,,식품,2,138,37792000,,,validated_paid_insert,paid_schedule_api,2026-08-24T10:02:31.503073+09:00,,,1,2026-08-24T10:02:31.146802+09:00,2026-08-24T10:02:31.503073+09:00
84bf28cd82c9847cbd67a32619c534f1,2026-08-17,2026-08-17T05:40:00+09:00,2026-08-17T06:37:00+09:00,hs_nsmall,NS홈쇼핑,위매스틱케어,위매스틱케어,위매스틱케어,,,,확인필요,위매스틱케어,식품,11,106,62294000,,,validated_paid_insert,paid_schedule_api,2026-08-24T10:02:31.503073+09:00,,,1,2026-08-24T10:02:31.146802+09:00,2026-08-24T10:02:31.503073+09:00
934a16e6baaee22e133a687745044570,2026-08-17,2026-08-17T06:15:00+09:00,2026-08-17T07:16:00+09:00,hs_hmall,현대홈쇼핑,[사은품:무선텀블러믹서기]그레인온 캡슐레이션 효소 12박스(30포X12박스 총360포),그레인온 캡슐레이션 효소 12박스,그레인온 캡슐레이션 효소 12박스,,,,미분류,,식품,2,803,167717000,,,validated_paid_insert,paid_schedule_api,2026-08-24T10:02:31.503073+09:00,,,1,2026-08-24T10:02:31.146802+09:00,2026-08-24T10:02:31.503073+09:00
05174af988c33c611a53d1903a771612,2026-08-17,2026-08-17T06:30:00+09:00,2026-08-17T07:31:00+09:00,hs_shinsegae,신세계쇼핑,(50％세일)★방송최다구성★[12박스+2박스]닥터린 콘드로이친 1200 콘레이티 MBP 12개월분+초임계 비타민K2 2박스,★방송최다구성★ 닥터린 콘드로이친 1200 콘레이티 MBP 12개월분+초임계 비타민K2 2박스,★방송최다구성★ 닥터린 콘드로이친 1200 콘레이티 MBP 12개월분+초임계 비타민K2 2박스,,,,미분류,,식품,2,451,72044500,,,validated_paid_insert,paid_schedule_api,2026-08-24T10:02:31.503073+09:00,,,1,2026-08-24T10:02:31.146802+09:00,2026-08-24T10:02:31.503073+09:00
56f0d0c006e3c6b7ec98b2ef6b67e550,2026-08-17,2026-08-17T06:31:00+09:00,2026-08-17T07:31:00+09:00,hs_skstoa,SK스토아,(방송에서만 ars2만원)●여에스더 리포좀 글루타치온 다이렉트 12X 알파 네트워크 12박스 + 3X_1박스 더 | 원산지 : 상품정보 참조,●여에스더 리포좀 글루타치온 다이렉트 12X 알파 네트워크 12박스 + 3X_1박스 더 | 원산지 : 상품정보 참조,여에스더 리포좀 글루타치온 다이렉트 12X 알파 네트워크,여에스더,건강식품/글루타치온,글루타치온,확정,여에스더 리포좀 글루타치온 다이렉트 12X 알파 네트워크,식품,2,89,32251000,,,validated_paid_insert,paid_schedule_api,2026-08-24T10:02:31.503073+09:00,,,1,2026-08-24T10:02:31.146802+09:00,2026-08-24T10:02:31.503073+09:00
3c234fb90b43cabbc87925a820b6084e,2026-08-17,2026-08-17T06:35:00+09:00,2026-08-17T07:32:00+09:00,hs_nsmall,NS홈쇼핑,두뇌엔닥터PS,두뇌엔닥터PS,두뇌엔 닥터PS,두뇌엔,건강식품/두뇌·인지,포스파티딜세린,확정,두뇌엔닥터PS,식품,3,225,95234000,,,validated_paid_insert,paid_schedule_api,2026-08-24T10:02:31.503073+09:00,,,1,2026-08-24T10:02:31.146802+09:00,2026-08-24T10:02:31.503073+09:00
5987f374662f0c63e30be9e9d7af24ea,2026-08-17,2026-08-17T06:36:00+09:00,2026-08-17T07:36:00+09:00,hs_gsshopmyshop,GS홈쇼핑 마이샵,여에스더 리포좀 글루타치온 다이렉트 울트라12x 12박스 (26년 최신상) 3X 1박스리포좀 글루타치온 다이렉트 울트라12x 12박스 (26년 최신상) 3X 1박스,여에스더 리포좀 글루타치온 다이렉트 울트라12x 12박스 3X 1박스리포좀 글루타치온 다이렉트 울트라12x 12박스 3X 1박스,여에스더 리포좀 글루타치온 다이렉트 울트라12x 12박스 3X 1박스리포좀 글루타치온 다이렉트 울트라12x 12박스 3X 1박스,,,,미분류,,식품,3,92,34708000,,,validated_paid_insert,paid_schedule_api,2026-08-24T10:02:31.503073+09:00,,,1,2026-08-24T10:02:31.146802+09:00,2026-08-24T10:02:31.503073+09:00
d59f1b0f49b21996a82404d073ad112f,2026-08-17,2026-08-17T06:36:00+09:00,2026-08-17T07:36:00+09:00,hs_shopntmall,쇼핑엔티,[방송에서만] 팔레오 두뇌엔 포스파티딜세린 PS 5 + 5박스,팔레오 두뇌엔 포스파티딜세린 PS 5 + 5박스,팔레오 두뇌엔 포스파티딜세린 PS 5 + 5박스,,,,미분류,,식품,1,458,59082000,,,validated_paid_insert,paid_schedule_api,2026-08-24T10:02:31.503073+09:00,,,1,2026-08-24T10:02:31.146802+09:00,2026-08-24T10:02:31.503073+09:00
5213f881cce1315af0f120b4b38e8a5b,2026-08-17,2026-08-17T06:45:00+09:00,2026-08-17T07:45:00+09:00,hs_cjonstyleplus,CJ온스타일 플러스,[50% SALE] 콘드로이친 1200 콘레이티 MBP 12개월분+비타민K2 2박스,콘드로이친 1200 콘레이티 MBP 12개월분+비타민K2 2박스,콘드로이친 1200 콘레이티 MBP 12개월분+비타민K2 2박스,,,,미분류,,식품,2,194,30678000,,,validated_paid_insert,paid_schedule_api,2026-08-24T10:02:31.503073+09:00,,,1,2026-08-24T10:02:31.146802+09:00,2026-08-24T10:02:31.503073+09:00
45e8a1d35470312c37529a1df2cf5bc3,2026-08-17,2026-08-17T07:15:00+09:00,2026-08-17T08:20:00+09:00,hs_gongyoung,공영쇼핑,"참만능참치액골드  1,040g x 3병 + 참만능대게액  1,050g x 2병 ","참만능참치액골드 1,040g x 3병 + 참만능대게액 1,050g x 2병","참만능참치액골드 1,040g x 3병 + 참만능대게액 1,050g x 2병",,,,확인필요,"참만능참치액골드 1,040g x 3병 + 참만능대게액 1,050g x 2병",식품,3,2905,115909500,,,validated_paid_insert,paid_schedule_api,2026-08-24T10:02:31.503073+09:00,,,1,2026-08-24T10:02:31.146802+09:00,2026-08-24T10:02:31.503073+09:00
cd46c1f71012839c2d3db8213a501bf7,2026-08-17,2026-08-17T07:15:00+09:00,2026-08-17T08:15:00+09:00,hs_cjonstyle,CJ온스타일,[종근당균일가]락토핏 코어맥스 (16개월분)+핸디청소기,락토핏 코어맥스 +핸디청소기,락토핏 코어맥스 +핸디청소기,,,,미분류,,식품,8,1670,165330000,,,validated_paid_insert,paid_schedule_api,2026-08-24T10:02:31.503073+09:00,,,1,2026-08-24T10:02:31.146802+09:00,2026-08-24T10:02:31.503073+09:00
a038ed04e678a9adcaac8b4a51149dde,2026-08-17,2026-08-17T07:31:00+09:00,2026-08-17T08:31:00+09:00,hs_skstoa,SK스토아,●[50프로세일] 콘드로이친 1200 콘레이티+MBP+K2 12박스 + 초임계 비타민K2 2박스 | 원산지 : 상품정보 참조,● 콘드로이친 1200 콘레이티+MBP+K2 12박스 + 초임계 비타민K2 2박스 | 원산지 : 상품정보 참조,● 콘드로이친 1200 콘레이티+MBP+K2 12박스 + 초임계 비타민K2 2박스 | 원산지 : 상품정보 참조,,,,확인필요,● 콘드로이친 1200 콘레이티+MBP+K2 12박스 + 초임계 비타민K2 2박스 | 원산지 : 상품정보 참조,식품,2,507,81061500,,,validated_paid_insert,paid_schedule_api,2026-08-24T10:02:31.503073+09:00,,,1,2026-08-24T10:02:31.146802+09:00,2026-08-24T10:02:31.503073+09:00
01b77981b61e38d2ea10e4ef1be09222,2026-08-17,2026-08-17T08:15:00+09:00,2026-08-17T09:25:00+09:00,hs_gsshop,GS홈쇼핑,그레인온 골드 카무트 효소 12박스+파로 5봉+효소G 선물세트(100봉),그레인온 골드 카무트 효소 12박스+파로 5봉+효소G 선물세트,그레인온 골드 카무트 효소 12박스+파로 5봉+효소G 선물세트,,,,미분류,,식품,1,2185,432630000,,,validated_paid_insert,paid_schedule_api,2026-08-24T10:02:31.503073+09:00,,,1,2026-08-24T10:02:31.146802+09:00,2026-08-24T10:02:31.503073+09:00
e31e2b6d9f1058a79ce1cc940840cd1d,2026-08-17,2026-08-17T08:30:00+09:00,2026-08-17T09:37:00+09:00,hs_nsmall,NS홈쇼핑,정관장홍삼활력플러스,정관장홍삼활력플러스,정관장 홍삼활력플러스,정관장,건강식품/홍삼,홍삼,확정,정관장홍삼활력플러스,식품,12,361,141340940,,,validated_paid_insert,paid_schedule_api,2026-08-24T10:02:31.503073+09:00,,,1,2026-08-24T10:02:31.146802+09:00,2026-08-24T10:02:31.503073+09:00
bac8fec168728f87c263946a49fd90c0,2026-08-17,2026-08-17T08:31:00+09:00,2026-08-17T09:32:00+09:00,hs_shinsegae,신세계쇼핑,*최신상* [방송중 +3박스] 이시형 박사의 인생 마그네슘 영양제 6+3박스 / 총 9박스,*최신상* 이시형 박사의 인생 마그네슘 영양제 6+3박스 / 총 9박스,이시형 박사의 인생 마그네슘,이시형,영양제/미네랄,마그네슘,확정,이시형 박사의 인생 마그네슘 영양제,식품,3,566,156779000,,,validated_paid_insert,paid_schedule_api,2026-08-24T10:02:31.503073+09:00,,,1,2026-08-24T10:02:31.146802+09:00,2026-08-24T10:02:31.503073+09:00
07961b40fbf6bcc1ad3a909bafbf1819,2026-08-17,2026-08-17T09:25:00+09:00,2026-08-17T10:26:00+09:00,hs_hmall,현대홈쇼핑,[더현대적인] 비에날씬 프로 12박스+비에날퀸 1박스+비에날씬 플러스 1박스+신세계상품권 5만원권,비에날씬 프로 12박스+비에날퀸 1박스+비에날씬 플러스 1박스+신세계상품권 5만원권,비에날씬 프로,비에날씬,다이어트 유산균,BNR17 유산균,확정,비에날씬프로,식품,4,421,236546000,,,validated_paid_insert,paid_schedule_api,2026-08-24T10:02:31.503073+09:00,,,1,2026-08-24T10:02:31.146802+09:00,2026-08-24T10:02:31.503073+09:00
b2e5b8b7047d61fada0e193ba15e0ec1,2026-08-17,2026-08-17T09:35:00+09:00,2026-08-17T10:36:00+09:00,hs_nsmall,NS홈쇼핑,관절엔콘드로이친,관절엔콘드로이친,관절엔 콘드로이친,관절엔,건강식품/관절,콘드로이친,확정,관절엔 콘드로이친,식품,4,326,185432000,,,validated_paid_insert,paid_schedule_api,2026-08-24T10:02:31.503073+09:00,,,1,2026-08-24T10:02:31.146802+09:00,2026-08-24T10:02:31.503073+09:00
39b14ec297cd40971dca9740505c1098,2026-08-17,2026-08-17T10:25:00+09:00,2026-08-17T11:36:00+09:00,hs_hmall,현대홈쇼핑,[보넬드]아이엠 당근주스 15병(1000ml x 15병),아이엠 당근주스 15병,보넬드 아이엠 당근주스,보넬드,과채주스,당근,확정,아이엠 당근주스,식품,1,3669,447618000,,,validated_paid_insert,paid_schedule_api,2026-08-24T10:02:31.503073+09:00,,,1,2026-08-24T10:02:31.146802+09:00,2026-08-24T10:02:31.503073+09:00
91e6aff20a9ff302890527766b7577b5,2026-08-17,2026-08-17T10:25:00+09:00,2026-08-17T11:35:00+09:00,hs_gongyoung,공영쇼핑,"[마리당 2,660원꼴][특집][더조은] 완도활전복 대왕특대 110g이상×15마리",완도활전복 대왕특대 110g이상×15마리,완도활전복,,수산물,수산물,확정,완도활전복,식품,1,6691,266970900,,,validated_paid_insert,paid_schedule_api,2026-08-24T10:02:31.503073+09:00,,,1,2026-08-24T10:02:31.146802+09:00,2026-08-24T10:02:31.503073+09:00
a059937bc795e03b750581a3f0020ce9,2026-08-17,2026-08-17T10:31:00+09:00,2026-08-17T11:31:00+09:00,hs_skstoa,SK스토아,[방송에서만]파라다이스 그레인 버닝 6+3박스(700mg*28정*9박스/18주분) | 원산지 : 상품정보 참조,파라다이스 그레인 버닝 6+3박스 | 원산지 : 상품정보 참조,파라다이스 그레인 버닝 6+3박스 | 원산지 : 상품정보 참조,,,,확인필요,파라다이스 그레인 버닝 6+3박스 | 원산지 : 상품정보 참조,식품,2,809,196078000,,,validated_paid_insert,paid_schedule_api,2026-08-24T10:02:31.503073+09:00,,,1,2026-08-24T10:02:31.146802+09:00,2026-08-24T10:02:31.503073+09:00
df1f835dc6701d80a103710063986207,2026-08-17,2026-08-17T10:35:00+09:00,2026-08-17T11:36:00+09:00,hs_nsmall,NS홈쇼핑,락토핏맥스19,락토핏맥스19,락토핏맥스19,,,,미분류,,식품,3,678,87066000,,,validated_paid_insert,paid_schedule_api,2026-08-24T10:02:31.503073+09:00,,,1,2026-08-24T10:02:31.146802+09:00,2026-08-24T10:02:31.503073+09:00
e98ad77e44117fb6c72465d364ca189f,2026-08-17,2026-08-17T10:35:00+09:00,2026-08-17T11:35:00+09:00,hs_shopntmall,쇼핑엔티,[50％세일] 닥터린 콘드로이친1200 콘레이티+MBP 12개월분 + 비타민K2 2박스,닥터린 콘드로이친1200 콘레이티+MBP 12개월분 + 비타민K2 2박스,닥터린 콘드로이친1200 콘레이티+MBP 12개월분 + 비타민K2 2박스,,,,미분류,,식품,2,333,52828500,,,validated_paid_insert,paid_schedule_api,2026-08-24T10:02:31.503073+09:00,,,1,2026-08-24T10:02:31.146802+09:00,2026-08-24T10:02:31.503073+09:00
4e36237ea460607c87729c4e48d963b7,2026-08-17,2026-08-17T10:41:00+09:00,2026-08-17T11:44:00+09:00,hs_nsmallshopplus,NS홈쇼핑 샵플러스,고춧가루1,고춧가루1,고춧가루1,,조미식품,고추,확인필요,고춧가루1,식품,2,636,77263800,,,validated_paid_insert,paid_schedule_api,2026-08-24T10:02:31.503073+09:00,,,1,2026-08-24T10:02:31.146802+09:00,2026-08-24T10:02:31.503073+09:00
23f0b1326320720f33d7856183fb8f1f,2026-08-17,2026-08-17T11:32:00+09:00,2026-08-17T13:33:00+09:00,hs_shinsegae,신세계쇼핑,[방송중+1박스 /더블] 이경제 흑염소진액 진眞 8박스+1박스 (총 9박스/270포),이경제 흑염소진액 진眞 8박스+1박스,이경제 흑염소진액 진眞 8박스+1박스,,,,미분류,,식품,2,773,225085000,,,validated_paid_insert,paid_schedule_api,2026-08-24T10:02:31.503073+09:00,,,1,2026-08-24T10:02:31.146802+09:00,2026-08-24T10:02:31.503073+09:00
3fbb855daa157dc5cda2ac7e606ca390,2026-08-17,2026-08-17T11:35:00+09:00,2026-08-17T12:34:00+09:00,hs_shopntmall,쇼핑엔티,[초특가] 대원제약 아스타잔틴 루테인지아잔틴(아스타루지) 20개월분 + 저압냄비,대원제약 아스타잔틴 루테인지아잔틴 20개월분 + 저압냄비,대원제약 아스타잔틴 루테인지아잔틴 20개월분 + 저압냄비,,,,미분류,,식품,1,374,51612000,,,validated_paid_insert,paid_schedule_api,2026-08-24T10:02:31.503073+09:00,,,1,2026-08-24T10:02:31.146802+09:00,2026-08-24T10:02:31.503073+09:00
63cd5699dc4ffcff329705393a9e8cd9,2026-08-17,2026-08-17T11:35:00+09:00,2026-08-17T12:40:00+09:00,hs_gongyoung,공영쇼핑,★100% 천연 햇 벌꿀★ 동강마루아까시꽃꿀500g*5병,★100% 천연 햇 벌꿀★ 동강마루아까시꽃꿀500g*5병,★100% 천연 햇 벌꿀★ 동강마루아까시꽃꿀500g*5병,,,,미분류,,식품,1,1864,111653600,,,validated_paid_insert,paid_schedule_api,2026-08-24T10:02:31.503073+09:00,,,1,2026-08-24T10:02:31.146802+09:00,2026-08-24T10:02:31.503073+09:00
f4bfd24100a4ca96c7ad8420cdfd0cf6,2026-08-17,2026-08-17T11:41:00+09:00,2026-08-17T12:41:00+09:00,hs_lotteimallonetv,롯데원티비,[뉴케어] T[더블]뉴케어 당플랜코어 144팩(165mlX24팩X6박스) + 한입 영양 안심바 2봉(18개입X2봉),T 뉴케어 당플랜코어 144팩 + 한입 영양 안심바 2봉,T 뉴케어 당플랜코어 144팩 + 한입 영양 안심바 2봉,,,,확인필요,T 뉴케어 당플랜코어 144팩 + 한입 영양 안심바 2봉,식품,2,76,19685000,,,validated_paid_insert,paid_schedule_api,2026-08-24T10:02:31.503073+09:00,,,1,2026-08-24T10:02:31.146802+09:00,2026-08-24T10:02:31.503073+09:00
a70ba6af7b31abba5775960e4e2c8db4,2026-08-17,2026-08-17T12:35:00+09:00,2026-08-17T13:35:00+09:00,hs_cjonstyle,CJ온스타일,[50% SALE] 액티브 프로 8박스(80회분)+보틀2개,액티브 프로 8박스 +보틀2개,액티브 프로 8박스 +보틀2개,,,,미분류,,식품,1,586,88837600,,,validated_paid_insert,paid_schedule_api,2026-08-24T10:02:31.503073+09:00,,,1,2026-08-24T10:02:31.146802+09:00,2026-08-24T10:02:31.503073+09:00
c235444c4ab049e909c6c0ea666a4b9d,2026-08-17,2026-08-17T12:35:00+09:00,2026-08-17T13:31:00+09:00,hs_nsmall,NS홈쇼핑,골드파로효소,골드파로효소,골드 파로효소,,건강식품/효소,효소,확정,골드파로효소,식품,11,505,105545000,,,validated_paid_insert,paid_schedule_api,2026-08-24T10:02:31.503073+09:00,,,1,2026-08-24T10:02:31.146802+09:00,2026-08-24T10:02:31.503073+09:00
c2d123b109c289176e4157a82b1badba,2026-08-17,2026-08-17T12:36:00+09:00,2026-08-17T13:37:00+09:00,hs_gsshopmyshop,GS홈쇼핑 마이샵,덴프스 트루바이타민 올인원 멀티비타민&루테인&밀크씨슬 10개월분,덴프스 트루바이타민 올인원 멀티비타민&루테인&밀크씨슬 10개월분,덴프스 트루바이타민 올인원,덴프스,기타 식품,,확정,덴프스 트루바이타민 올인원,식품,2,119,32782000,,,validated_paid_insert,paid_schedule_api,2026-08-24T10:02:31.503073+09:00,,,1,2026-08-24T10:02:31.146802+09:00,2026-08-24T10:02:31.503073+09:00
f95f67151ffcbd80555267b5cde00856,2026-08-17,2026-08-17T12:40:00+09:00,2026-08-17T13:40:00+09:00,hs_gongyoung,공영쇼핑,[전국한우협회]한우먹는날 한우 투쁠불고기 200g x 8팩,한우먹는날 한우 투쁠불고기 200g x 8팩,한우먹는날 한우 투쁠불고기 200g x 8팩,,,,확인필요,한우먹는날 한우 투쁠불고기 200g x 8팩,식품,1,2226,126659400,,,validated_paid_insert,paid_schedule_api,2026-08-24T10:02:31.503073+09:00,,,1,2026-08-24T10:02:31.146802+09:00,2026-08-24T10:02:31.503073+09:00
79ad0326397c6814e057827daf2cd341,2026-08-17,2026-08-17T13:30:00+09:00,2026-08-17T14:36:00+09:00,hs_nsmall,NS홈쇼핑,보넬드당근주스,보넬드당근주스,보넬드 아이엠 당근주스,보넬드,과채주스,당근,확정,보넬드당근주스,식품,1,914,111508000,,,validated_paid_insert,paid_schedule_api,2026-08-24T10:02:31.503073+09:00,,,1,2026-08-24T10:02:31.146802+09:00,2026-08-24T10:02:31.503073+09:00
e9a99f28eb0ba2e9679a0dd3d3d5aa65,2026-08-17,2026-08-17T13:35:00+09:00,2026-08-17T14:31:00+09:00,hs_hmall,현대홈쇼핑,[더현대적인] 비에날씬 프로 12박스+비에날퀸 1박스+비에날씬 플러스 1박스+신세계상품권 5만원권,비에날씬 프로 12박스+비에날퀸 1박스+비에날씬 플러스 1박스+신세계상품권 5만원권,비에날씬 프로,비에날씬,다이어트 유산균,BNR17 유산균,확정,비에날씬프로,식품,4,294,155242000,,,validated_paid_insert,paid_schedule_api,2026-08-24T10:02:31.503073+09:00,,,1,2026-08-24T10:02:31.146802+09:00,2026-08-24T10:02:31.503073+09:00
ebdae13bc1bdae72a8d7763c2446c379,2026-08-17,2026-08-17T13:41:00+09:00,2026-08-17T15:03:00+09:00,hs_nsmallshopplus,NS홈쇼핑 샵플러스,해남땅끝마을김치1,해남땅끝마을김치1,해남땅끝마을김치,,김치,배추,확정,해남땅끝마을김치,식품,2,2615,96493500,,,validated_paid_insert,paid_schedule_api,2026-08-24T10:02:31.503073+09:00,,,1,2026-08-24T10:02:31.146802+09:00,2026-08-24T10:02:31.503073+09:00
98b914ecf48ccd33a995013aa3cda47d,2026-08-17,2026-08-17T13:45:00+09:00,2026-08-17T14:45:00+09:00,hs_cjonstyleplus,CJ온스타일 플러스,[특집구성]다이어트 유산균 10개월분+ 프로틴14포+날개없는선풍기,다이어트 유산균 10개월분+ 프로틴14포+날개없는선풍기,다이어트 유산균 10개월분+ 프로틴14포+날개없는선풍기,,,,미분류,,식품,3,189,101445000,,,validated_paid_insert,paid_schedule_api,2026-08-24T10:02:31.503073+09:00,,,1,2026-08-24T10:02:31.146802+09:00,2026-08-24T10:02:31.503073+09:00
0bcd85071ce635a7d5a11a889243efa1,2026-08-17,2026-08-17T14:31:00+09:00,2026-08-17T15:33:00+09:00,hs_kshop,KT알파쇼핑,레이델_폴리코사놀,레이델_폴리코사놀,레이델_폴리코사놀,,,,미분류,,식품,2,101,41219000,,,validated_paid_insert,paid_schedule_api,2026-08-24T10:02:31.503073+09:00,,,1,2026-08-24T10:02:31.146802+09:00,2026-08-24T10:02:31.503073+09:00
40ee54ccd9e075cc97372f2842095d18,2026-08-17,2026-08-17T14:33:00+09:00,2026-08-17T15:34:00+09:00,hs_shinsegae,신세계쇼핑,[미도원]100프로 제주산 메밀면세트 (메밀면 150g x 13팩 + 냉면육수 350g x 8팩 + 귤림양념장 50g x 5팩),100프로 제주산 메밀면세트,100프로 제주산 메밀면세트,,,,미분류,,식품,12,342,20141620,,,validated_paid_insert,paid_schedule_api,2026-08-24T10:02:31.503073+09:00,,,1,2026-08-24T10:02:31.146802+09:00,2026-08-24T10:02:31.503073+09:00
4c3433f4d6f41f1e97000ad043e50a42,2026-08-17,2026-08-17T14:33:00+09:00,2026-08-17T15:34:00+09:00,hs_shinsegae,신세계쇼핑,조선호텔 닭갈비 300g X 7팩 (직),조선호텔 닭갈비 300g X 7팩,조선호텔 닭갈비 300g X 7팩,,,,확인필요,조선호텔 닭갈비 300g X 7팩,식품,3,1209,50219500,,,validated_paid_insert,paid_schedule_api,2026-08-24T10:02:31.503073+09:00,,,1,2026-08-24T10:02:31.146802+09:00,2026-08-24T10:02:31.503073+09:00
ac44b644811edac790c4d39c89bf95c1,2026-08-17,2026-08-17T14:35:00+09:00,2026-08-17T15:30:00+09:00,hs_cjonstyle,CJ온스타일,[방송에서만 50%세일]장용성 파비플로라 다이어트 12박스,장용성 파비플로라 다이어트 12박스,장용성 파비플로라 다이어트 12박스,,,,미분류,,식품,2,484,81796000,,,validated_paid_insert,paid_schedule_api,2026-08-24T10:02:31.503073+09:00,,,1,2026-08-24T10:02:31.146802+09:00,2026-08-24T10:02:31.503073+09:00
e9074cc72c4f8ba4dc4926872c208703,2026-08-17,2026-08-17T14:35:00+09:00,2026-08-17T15:37:00+09:00,hs_nsmall,NS홈쇼핑,일동후디스프로틴,일동후디스프로틴,일동후디스프로틴,,,,미분류,,식품,9,227,60698700,,,validated_paid_insert,paid_schedule_api,2026-08-24T10:02:31.503073+09:00,,,1,2026-08-24T10:02:31.146802+09:00,2026-08-24T10:02:31.503073+09:00
0a02718866846c2aa695a05a92490d97,2026-08-17,2026-08-17T14:45:00+09:00,2026-08-17T15:40:00+09:00,hs_gongyoung,공영쇼핑,고수록 4종떡세트100개(검정깨두텁떡2봉+콩고물찹쌀떡3봉+생모시두텁떡3봉+검정깨인절미2봉),고수록 4종떡세트100개,고수록 4종떡세트100개,,,,미분류,,식품,5,2257,83216300,,,validated_paid_insert,paid_schedule_api,2026-08-24T10:02:31.503073+09:00,,,1,2026-08-24T10:02:31.146802+09:00,2026-08-24T10:02:31.503073+09:00
2c4ed68a422d32217a0aaf91ac70a14d,2026-08-17,2026-08-17T14:45:00+09:00,2026-08-17T15:45:00+09:00,hs_cjonstyleplus,CJ온스타일 플러스,[TVLIVE] 스페인 완제품 직수입 돈시몬 올리브오일 1L 3병,스페인 완제품 직수입 돈시몬 올리브오일 1L 3병,스페인 완제품 직수입 돈시몬 올리브오일 1L 3병,,,,미분류,,식품,1,825,66742500,,,validated_paid_insert,paid_schedule_api,2026-08-24T10:02:31.503073+09:00,,,1,2026-08-24T10:02:31.146802+09:00,2026-08-24T10:02:31.503073+09:00
68749aa6fecc2a7dfef4d16a25816771,2026-08-17,2026-08-17T15:30:00+09:00,2026-08-17T16:31:00+09:00,hs_hmall,현대홈쇼핑,종근당건강 프로메가 rTG오메가3 비타민D 12개월+추가(4개월+아임비타이뮨샷 8병),종근당건강 프로메가 rTG오메가3 비타민D 12개월+추가,종근당건강 프로메가 rTG오메가3 비타민D 12개월+추가,,,,미분류,,식품,3,371,53074000,,,validated_paid_insert,paid_schedule_api,2026-08-24T10:02:31.503073+09:00,,,1,2026-08-24T10:02:31.146802+09:00,2026-08-24T10:02:31.503073+09:00
491c777a0fe03f556ccf64293e9981ee,2026-08-17,2026-08-17T15:35:00+09:00,2026-08-17T16:35:00+09:00,hs_lotteimall,롯데홈쇼핑,"[은나노스텝] ★슈퍼더블★ 은나노스텝  파인오일 다용도 500mlx2통 + 다용도 리필용 1,000mlx7통 (방송에서만)","★슈퍼더블★ 은나노스텝 파인오일 다용도 500mlx2통 + 다용도 리필용 1,000mlx7통","★슈퍼더블★ 은나노스텝 파인오일 다용도 500mlx2통 + 다용도 리필용 1,000mlx7통",,,,미분류,,식품,2,969,76566200,,,validated_paid_insert,paid_schedule_api,2026-08-24T10:02:31.503073+09:00,,,1,2026-08-24T10:02:31.146802+09:00,2026-08-24T10:02:31.503073+09:00
97d25f5bc0689f7ade92060c94b69f22,2026-08-17,2026-08-17T15:35:00+09:00,2026-08-17T16:36:00+09:00,hs_nsmall,NS홈쇼핑,갈비살구이,갈비살구이,갈비살구이,,,,미분류,,식품,20,3584,212944960,,,validated_paid_insert,paid_schedule_api,2026-08-24T10:02:31.503073+09:00,,,1,2026-08-24T10:02:31.146802+09:00,2026-08-24T10:02:31.503073+09:00
b80e645f3a3f4009721b3bfb16262422,2026-08-17,2026-08-17T15:38:00+09:00,2026-08-17T16:38:00+09:00,hs_gsshopmyshop,GS홈쇼핑 마이샵,덴프스 LGG 덴마크 유산균이야기 6박스(12개월분),덴프스 LGG 덴마크 유산균이야기 6박스,덴프스 덴마크 유산균 이야기,덴프스,유산균,유산균,확정,덴프스 LGG 덴마크 유산균이야기,식품,1,243,48114000,,,validated_paid_insert,paid_schedule_api,2026-08-24T10:02:31.503073+09:00,,,1,2026-08-24T10:02:31.146802+09:00,2026-08-24T10:02:31.503073+09:00
8c294f063483e97bb389f9ec91d567d2,2026-08-17,2026-08-17T15:40:00+09:00,2026-08-17T16:40:00+09:00,hs_gongyoung,공영쇼핑,[양평서울해장국큰아들집] 양평서울 한우해장국 700g*8팩,양평서울 한우해장국 700g*8팩,양평서울 한우해장국 700g*8팩,,,,미분류,,식품,1,3667,138979300,,,validated_paid_insert,paid_schedule_api,2026-08-24T10:02:31.503073+09:00,,,1,2026-08-24T10:02:31.146802+09:00,2026-08-24T10:02:31.503073+09:00
e92c72b93addad7f0cac42651820aa1f,2026-08-17,2026-08-17T15:40:00+09:00,2026-08-17T16:40:00+09:00,hs_lotteimallonetv,롯데원티비,[프리메로] ♥방송에서만 10+2박스♥ 프리메로 블루베리 리얼 100 (30ml x 10포 x 12박스),♥방송에서만 10+2박스♥ 프리메로 블루베리 리얼 100,프리메로 블루베리 리얼,프리메로,과채주스/베리,블루베리,확정,프리메로 블루베리 리얼,식품,2,62,7998000,,,validated_paid_insert,paid_schedule_api,2026-08-24T10:02:31.503073+09:00,,,1,2026-08-24T10:02:31.146802+09:00,2026-08-24T10:02:31.503073+09:00
99f5d0b32ceadaed35b8f66cc808b3ac,2026-08-17,2026-08-17T16:00:00+09:00,2026-08-17T16:50:00+09:00,hs_hnsmall,홈앤쇼핑,[1++ 한우] 이재훈셰프 구이세트 8팩(팩당 150g),이재훈셰프 구이세트 8팩,이재훈셰프 구이세트 8팩,,,,확인필요,이재훈셰프 구이세트 8팩,식품,1,2915,206673500,,,validated_paid_insert,paid_schedule_api,2026-08-24T10:02:31.503073+09:00,,,1,2026-08-24T10:02:31.146802+09:00,2026-08-24T10:02:31.503073+09:00
98a572fbe7a1861c064d63aff1e1cecf,2026-08-17,2026-08-17T16:22:00+09:00,2026-08-17T17:23:00+09:00,hs_nsmallshopplus,NS홈쇼핑 샵플러스,호박고구마1,호박고구마1,호박고구마1,,,,미분류,,식품,1,3217,96188300,,,validated_paid_insert,paid_schedule_api,2026-08-24T10:02:31.503073+09:00,,,1,2026-08-24T10:02:31.146802+09:00,2026-08-24T10:02:31.503073+09:00
262a5fee44c06f078be72f682ce49a8b,2026-08-17,2026-08-17T16:30:00+09:00,2026-08-17T17:30:00+09:00,hs_cjonstyle,CJ온스타일,[방송] 에버콜라겐 레티놀 A 19병 (76주분) + 미니2병,에버콜라겐 레티놀 A 19병 + 미니2병,에버콜라겐 레티놀 A 19병 + 미니2병,,,,미분류,,식품,4,130,70090000,,,validated_paid_insert,paid_schedule_api,2026-08-24T10:02:31.503073+09:00,,,1,2026-08-24T10:02:31.146802+09:00,2026-08-24T10:02:31.503073+09:00
76a1ca812fae7bab8102b4859513fc6b,2026-08-17,2026-08-17T16:32:00+09:00,2026-08-17T17:33:00+09:00,hs_kshop,KT알파쇼핑,일동후디스_하이뮨,일동후디스_하이뮨,일동후디스_하이뮨,,,,미분류,,식품,2,148,60392000,,,validated_paid_insert,paid_schedule_api,2026-08-24T10:02:31.503073+09:00,,,1,2026-08-24T10:02:31.146802+09:00,2026-08-24T10:02:31.503073+09:00
a9e13e661a78305aaba2255e289f5f2d,2026-08-17,2026-08-17T16:33:00+09:00,2026-08-17T17:33:00+09:00,hs_shopntmall,쇼핑엔티,[오뗄] 규그릴 직화 닭다리살 스테이크 200g x 11팩,규그릴 직화 닭다리살 스테이크 200g x 11팩,규그릴 직화 닭다리살 스테이크 200g x 11팩,,,,미분류,,식품,1,2516,100388400,,,validated_paid_insert,paid_schedule_api,2026-08-24T10:02:31.503073+09:00,,,1,2026-08-24T10:02:31.146802+09:00,2026-08-24T10:02:31.503073+09:00
e1044004a62f764fc61e36d9f1c8a411,2026-08-17,2026-08-17T16:35:00+09:00,2026-08-17T17:36:00+09:00,hs_nsmall,NS홈쇼핑,민물장어,민물장어,민물장어,,,,미분류,,식품,1,5601,223479900,,,validated_paid_insert,paid_schedule_api,2026-08-24T10:02:31.503073+09:00,,,1,2026-08-24T10:02:31.146802+09:00,2026-08-24T10:02:31.503073+09:00
f9c95ff580360b1af2a40a8eaa633033,2026-08-17,2026-08-17T16:35:00+09:00,2026-08-17T17:35:00+09:00,hs_lotteimall,롯데홈쇼핑,[씨제이 웰케어] ★방송에서만 3박스+PDRN 1박스 더!★CJ웰케어 바이오코어 쓰리핏 유산균 다이어트 9박스+이너비 PDRN 리즈 1박스,★방송에서만 3박스+PDRN 1박스 더!★CJ웰케어 바이오코어 쓰리핏 유산균 다이어트 9박스+이너비 PDRN 리즈 1박스,★방송에서만 3박스+PDRN 1박스 더!★CJ웰케어 바이오코어 쓰리핏 유산균 다이어트 9박스+이너비 PDRN 리즈 1박스,,,,미분류,,식품,2,110,39040000,,,validated_paid_insert,paid_schedule_api,2026-08-24T10:02:31.503073+09:00,,,1,2026-08-24T10:02:31.146802+09:00,2026-08-24T10:02:31.503073+09:00
e5394ebc719243c6cdde7ae0e18e1699,2026-08-17,2026-08-17T16:40:00+09:00,2026-08-17T17:40:00+09:00,hs_gongyoung,공영쇼핑,[국내산 오리]목우촌 연잎숙성 훈제오리 150g x 13팩,목우촌 연잎숙성 훈제오리 150g x 13팩,목우촌 연잎숙성 훈제오리 150g x 13팩,,,,확인필요,목우촌 연잎숙성 훈제오리 150g x 13팩,식품,5,3347,133635300,,,validated_paid_insert,paid_schedule_api,2026-08-24T10:02:31.503073+09:00,,,1,2026-08-24T10:02:31.146802+09:00,2026-08-24T10:02:31.503073+09:00
9efa3f13b571388b5093993ccb003652,2026-08-17,2026-08-17T16:45:00+09:00,2026-08-17T17:45:00+09:00,hs_cjonstyleplus,CJ온스타일 플러스,[동가게단독조건] 올바이오 유기농 블루베리 퓨레 100% 9+3박스 (168포),올바이오 유기농 블루베리 퓨레 100% 9+3박스,올바이오 유기농 블루베리 퓨레 100% 9+3박스,,,,미분류,,식품,1,320,54080000,,,validated_paid_insert,paid_schedule_api,2026-08-24T10:02:31.503073+09:00,,,1,2026-08-24T10:02:31.146802+09:00,2026-08-24T10:02:31.503073+09:00
88720cbcc9820c9c97e56da2c3c0a9b2,2026-08-17,2026-08-17T16:50:00+09:00,2026-08-17T17:40:00+09:00,hs_hnsmall,홈앤쇼핑,안문숙  포기김치 10kg+석박지 1kg 추가,안문숙 포기김치 10kg+석박지 1kg 추가,안문숙 포기김치 10kg+석박지 1kg 추가,,,,확인필요,안문숙 포기김치 10kg+석박지 1kg 추가,식품,1,3060,183294000,,,validated_paid_insert,paid_schedule_api,2026-08-24T10:02:31.503073+09:00,,,1,2026-08-24T10:02:31.146802+09:00,2026-08-24T10:02:31.503073+09:00
8a691061bdc464ddab6240eaf36eddb9,2026-08-17,2026-08-17T17:22:00+09:00,2026-08-17T18:44:00+09:00,hs_nsmallshopplus,NS홈쇼핑 샵플러스,고춧가루4,고춧가루4,고춧가루4,,조미식품,고추,확인필요,고춧가루4,식품,2,593,75027300,,,validated_paid_insert,paid_schedule_api,2026-08-24T10:02:31.503073+09:00,,,1,2026-08-24T10:02:31.146802+09:00,2026-08-24T10:02:31.503073+09:00
533adf3ba75e0e16c19cd70bc5de5846,2026-08-17,2026-08-17T17:33:00+09:00,2026-08-17T18:32:00+09:00,hs_shopntmall,쇼핑엔티,(방송에서만 3팩 더) 조리기능장 임성근의 특 소곱창전골 800g x 11팩,조리기능장 임성근의 특 소곱창전골 800g x 11팩,조리기능장 임성근의 특 소곱창전골 800g x 11팩,,,,미분류,,식품,1,1584,79041600,,,validated_paid_insert,paid_schedule_api,2026-08-24T10:02:31.503073+09:00,,,1,2026-08-24T10:02:31.146802+09:00,2026-08-24T10:02:31.503073+09:00
2d742bd467662a54f8057be8e16376f4,2026-08-17,2026-08-17T17:34:00+09:00,2026-08-17T18:35:00+09:00,hs_shinsegae,신세계쇼핑,(한정수량) [조선호텔] 삼계탕 900g x 7팩 +  한우사골육수 1팩 ,삼계탕 900g x 7팩 + 한우사골육수 1팩,삼계탕 900g x 7팩 + 한우사골육수 1팩,,,,미분류,,식품,4,1143,68171700,,,validated_paid_insert,paid_schedule_api,2026-08-24T10:02:31.503073+09:00,,,1,2026-08-24T10:02:31.146802+09:00,2026-08-24T10:02:31.503073+09:00
daa160548fb6af7e2fc850980f7c5958,2026-08-17,2026-08-17T17:35:00+09:00,2026-08-17T18:36:00+09:00,hs_nsmall,NS홈쇼핑,알렉스우삼겹구이,알렉스우삼겹구이,알렉스우삼겹구이,,,,미분류,,식품,4,3327,197607300,,,validated_paid_insert,paid_schedule_api,2026-08-24T10:02:31.503073+09:00,,,1,2026-08-24T10:02:31.146802+09:00,2026-08-24T10:02:31.503073+09:00
9b2ad25d0dfe5ac64d68174d746737a5,2026-08-17,2026-08-17T17:40:00+09:00,2026-08-17T18:40:00+09:00,hs_lotteimallonetv,롯데원티비,[사미헌] (방송에서만) 사미헌 갈비탕 1kg 5팩 + 만능육수 800g 1팩 (총 5.8kg),사미헌 갈비탕 1kg 5팩 + 만능육수 800g 1팩,사미헌 갈비탕 1kg 5팩 + 만능육수 800g 1팩,,,,미분류,,식품,1,409,28589100,,,validated_paid_insert,paid_schedule_api,2026-08-24T10:02:31.503073+09:00,,,1,2026-08-24T10:02:31.146802+09:00,2026-08-24T10:02:31.503073+09:00
f6c54ca4562aa6a1301138d9d50e1722,2026-08-17,2026-08-17T17:45:00+09:00,2026-08-17T18:45:00+09:00,hs_cjonstyleplus,CJ온스타일 플러스,제주 은갈치 특대 20토막 총 5마리,제주 은갈치 특대 20토막 총 5마리,제주 은갈치 특대 20토막,,수산물,수산물,확정,제주 은갈치 특대 20토막,식품,1,1225,73377500,,,validated_paid_insert,paid_schedule_api,2026-08-24T10:02:31.503073+09:00,,,1,2026-08-24T10:02:31.146802+09:00,2026-08-24T10:02:31.503073+09:00
ce477564fd1191b3eeb4f8a0f74972f4,2026-08-17,2026-08-17T18:32:00+09:00,2026-08-17T19:32:00+09:00,hs_shopntmall,쇼핑엔티,[만블링] 한우 1++ 구이 세트 150g X 8팩 (총1.2kg),한우 1++ 구이 세트 150g X 8팩,한우 1++ 구이 세트 150g X 8팩,,,,미분류,,식품,1,881,61581900,,,validated_paid_insert,paid_schedule_api,2026-08-24T10:02:31.503073+09:00,,,1,2026-08-24T10:02:31.146802+09:00,2026-08-24T10:02:31.503073+09:00
0a9ed1624402165890dadbd2f07bcb94,2026-08-17,2026-08-17T18:35:00+09:00,2026-08-17T19:35:00+09:00,hs_shinsegae,신세계쇼핑,26) 조선호텔 양념 LA갈비 400g X 8팩,26) 조선호텔 양념 LA갈비 400g X 8팩,26) 조선호텔 양념 LA갈비 400g X 8팩,,,,미분류,,식품,1,875,113662500,,,validated_paid_insert,paid_schedule_api,2026-08-24T10:02:31.503073+09:00,,,1,2026-08-24T10:02:31.146802+09:00,2026-08-24T10:02:31.503073+09:00
9801a29c6560b6279d998be2ff34fed5,2026-08-17,2026-08-17T18:38:00+09:00,2026-08-17T19:38:00+09:00,hs_gsshopmyshop,GS홈쇼핑 마이샵,방송에서만2세트더  정호영셰프의 신선담은 손질왕낙지 170g x 11팩 + 비법담은 볶음소스 50g x 11팩,방송에서만2세트더 정호영셰프의 신선담은 손질왕낙지 170g x 11팩 + 비법담은 볶음소스 50g x 11팩,방송에서만2세트더 정호영셰프의 신선담은 손질왕낙지 170g x 11팩 + 비법담은 볶음소스 50g x 11팩,,,,미분류,,식품,1,2515,133043500,,,validated_paid_insert,paid_schedule_api,2026-08-24T10:02:31.503073+09:00,,,1,2026-08-24T10:02:31.146802+09:00,2026-08-24T10:02:31.503073+09:00
1d5e897486cac82522ae7dd7d1c2b421,2026-08-17,2026-08-17T18:40:00+09:00,2026-08-17T19:40:00+09:00,hs_gongyoung,공영쇼핑,26년 햇 청송 들사랑 청결 고춧가루 (500g*8봉) / 총 4kg,26년 햇 청송 들사랑 청결 고춧가루 / 총 4kg,26년 햇 청송 들사랑 청결 고춧가루 / 총 4kg,,,,미분류,,식품,2,1028,115323000,,,validated_paid_insert,paid_schedule_api,2026-08-24T10:02:31.503073+09:00,,,1,2026-08-24T10:02:31.146802+09:00,2026-08-24T10:02:31.503073+09:00
3799873b2d9b7c0f70f3d28a5723ba93,2026-08-17,2026-08-17T19:30:00+09:00,2026-08-17T21:46:00+09:00,hs_hmall,현대홈쇼핑,[역사상 단한번 초특가] 포미 토마토100% 착즙주스 750ml x 18팩,포미 토마토100% 착즙주스 750ml x 18팩,포미 토마토100% 착즙주스 750ml x 18팩,,,,미분류,,식품,5,13964,1054552300,,,validated_paid_insert,paid_schedule_api,2026-08-24T10:02:31.503073+09:00,,,1,2026-08-24T10:02:31.146802+09:00,2026-08-24T10:02:31.503073+09:00
07892bac0abe38ba60b8c5f083f88975,2026-08-17,2026-08-17T19:35:00+09:00,2026-08-17T20:36:00+09:00,hs_nsmall,NS홈쇼핑,여에스더글루타치온,여에스더글루타치온,여에스더글루타치온,,,,미분류,,식품,6,349,124691000,,,validated_paid_insert,paid_schedule_api,2026-08-24T10:02:31.503073+09:00,,,1,2026-08-24T10:02:31.146802+09:00,2026-08-24T10:02:31.503073+09:00
9895bb324c47a549ea0d820638271216,2026-08-17,2026-08-17T19:35:00+09:00,2026-08-17T20:36:00+09:00,hs_shinsegae,신세계쇼핑,(방송에서만 세일)[8박스]박경호의 원용 녹용 활력 총 240포(30포X8박스),박경호의 원용 녹용 활력 총 240포,박경호의 원용 녹용 활력 총 240포,,,,미분류,,식품,7,351,52229000,,,validated_paid_insert,paid_schedule_api,2026-08-24T10:02:31.503073+09:00,,,1,2026-08-24T10:02:31.146802+09:00,2026-08-24T10:02:31.503073+09:00
ea84492ee69f17ba1f50b9cf4398644d,2026-08-17,2026-08-17T19:35:00+09:00,2026-08-17T20:36:00+09:00,hs_shinsegae,신세계쇼핑,[*특집전]모두투어 시그니처 태항산 4일/5일,모두투어 시그니처 태항산 4일/5일,모두투어 시그니처 태항산 4일/5일,,,,미분류,,식품,1,1461,0,,,validated_paid_insert,paid_schedule_api,2026-08-24T10:02:31.503073+09:00,,,1,2026-08-24T10:02:31.146802+09:00,2026-08-24T10:02:31.503073+09:00
d8ef572ae58a2a690f97e348e4313b4e,2026-08-17,2026-08-17T19:42:00+09:00,2026-08-17T20:43:00+09:00,hs_nsmallshopplus,NS홈쇼핑 샵플러스,임성근삼계탕1,임성근삼계탕1,임성근삼계탕1,,,,미분류,,식품,3,1018,50798200,,,validated_paid_insert,paid_schedule_api,2026-08-24T10:02:31.503073+09:00,,,1,2026-08-24T10:02:31.146802+09:00,2026-08-24T10:02:31.503073+09:00
dd1d28ea7aadaa822ba6dc38883791a0,2026-08-17,2026-08-17T20:32:00+09:00,2026-08-17T21:33:00+09:00,hs_kshop,KT알파쇼핑,비에날씬_다이어트유산균,비에날씬_다이어트유산균,비에날씬 프로,비에날씬,다이어트 유산균,BNR17 유산균,확정,비에날씬 다이어트유산균,식품,3,234,113948000,,,validated_paid_insert,paid_schedule_api,2026-08-24T10:02:31.503073+09:00,,,1,2026-08-24T10:02:31.146802+09:00,2026-08-24T10:02:31.503073+09:00
6f2f5c548515347aa4ed26071bed1d67,2026-08-17,2026-08-17T20:33:00+09:00,2026-08-17T21:33:00+09:00,hs_shopntmall,쇼핑엔티,[50％세일] 골드 카무트 효소 12박스 +  파로 5봉 + 복부마사지기,골드 카무트 효소 12박스 + 파로 5봉 + 복부마사지기,골드 카무트 효소 12박스 + 파로 5봉 + 복부마사지기,,,,미분류,,식품,1,564,111672000,,,validated_paid_insert,paid_schedule_api,2026-08-24T10:02:31.503073+09:00,,,1,2026-08-24T10:02:31.146802+09:00,2026-08-24T10:02:31.503073+09:00
2cce1927d9cc361e6da2bbed9a11143b,2026-08-17,2026-08-17T20:35:00+09:00,2026-08-17T21:42:00+09:00,hs_nsmall,NS홈쇼핑,뼈엔MBP,뼈엔MBP,뼈엔 MBP,뼈엔,건강식품/뼈건강,MBP,확정,뼈엔MBP,식품,3,517,209035000,,,validated_paid_insert,paid_schedule_api,2026-08-24T10:02:31.503073+09:00,,,1,2026-08-24T10:02:31.146802+09:00,2026-08-24T10:02:31.503073+09:00
3e9cccb1c53595e4465b1a1a87ca55d1,2026-08-17,2026-08-17T20:45:00+09:00,2026-08-17T21:45:00+09:00,hs_cjonstyleplus,CJ온스타일 플러스,[이승연쇼] 황성주 박사의 라이프밀6+2+프로틴3박스+흔들컵2,황성주 박사의 라이프밀6+2+프로틴3박스+흔들컵2,황성주 박사의 라이프밀6+2+프로틴3박스+흔들컵2,,,,미분류,,식품,3,358,106092000,,,validated_paid_insert,paid_schedule_api,2026-08-24T10:02:31.503073+09:00,,,1,2026-08-24T10:02:31.146802+09:00,2026-08-24T10:02:31.503073+09:00
9526b63fe0b8b599ee2d74abe9760cda,2026-08-17,2026-08-17T20:45:00+09:00,2026-08-17T21:45:00+09:00,hs_cjonstyle,CJ온스타일,[최다 11개월] 프로 다이어트 유산균 10개월분+슬림플러스 1개월분,프로 다이어트 유산균 10개월분+슬림플러스 1개월분,프로 다이어트 유산균 10개월분+슬림플러스 1개월분,,,,미분류,,식품,3,858,451820000,,,validated_paid_insert,paid_schedule_api,2026-08-24T10:02:31.503073+09:00,,,1,2026-08-24T10:02:31.146802+09:00,2026-08-24T10:02:31.503073+09:00
ab7d4423936284f2995b23bf93201fee,2026-08-17,2026-08-17T20:45:00+09:00,2026-08-17T21:45:00+09:00,hs_hnsmall,홈앤쇼핑,[50%세일][KAMUT]골드카무트 효소 11박스+파로 8봉+저당밥솥 1개,골드카무트 효소 11박스+파로 8봉+저당밥솥 1개,골드카무트 효소 11박스+파로 8봉+저당밥솥 1개,,,,미분류,,식품,1,930,168795000,,,validated_paid_insert,paid_schedule_api,2026-08-24T10:02:31.503073+09:00,,,1,2026-08-24T10:02:31.146802+09:00,2026-08-24T10:02:31.503073+09:00
e04fd651441c94a74da034de3eef3bde,2026-08-17,2026-08-17T21:40:00+09:00,2026-08-17T22:40:00+09:00,hs_lotteimallonetv,롯데원티비,[보물섬투어] 보물섬투어 푸꾸옥VS나트랑 5일 패키지,보물섬투어 푸꾸옥VS나트랑 5일 패키지,보물섬투어 푸꾸옥VS나트랑 5일 패키지,,,,미분류,,식품,1,0,0,,,validated_paid_insert,paid_schedule_api,2026-08-24T10:02:31.503073+09:00,,,1,2026-08-24T10:02:31.146802+09:00,2026-08-24T10:02:31.503073+09:00
f1cecae0ee94f91cad2686a7f7155d88,2026-08-17,2026-08-17T21:40:00+09:00,2026-08-17T22:46:00+09:00,hs_nsmall,NS홈쇼핑,국내산촉촉오징어,국내산촉촉오징어,국내산촉촉오징어,,,,미분류,,식품,4,2203,174278020,,,validated_paid_insert,paid_schedule_api,2026-08-24T10:02:31.503073+09:00,,,1,2026-08-24T10:02:31.146802+09:00,2026-08-24T10:02:31.503073+09:00
b3706d56a767e0d6609c3b3384918d9f,2026-08-17,2026-08-17T21:45:00+09:00,2026-08-17T22:55:00+09:00,hs_hnsmall,홈앤쇼핑,[국민영양] 여에스더 PS 포스파티딜세린 10박스(20주분) + 카무트효소1박스,여에스더 PS 포스파티딜세린 10박스 + 카무트효소1박스,여에스더 PS 포스파티딜세린 10박스 + 카무트효소1박스,,,,미분류,,식품,10,1438,127982000,,,validated_paid_insert,paid_schedule_api,2026-08-24T10:02:31.503073+09:00,,,1,2026-08-24T10:02:31.146802+09:00,2026-08-24T10:02:31.503073+09:00
b5fdcb62982e248c3c04a9bfb758c6aa,2026-08-17,2026-08-17T21:45:00+09:00,2026-08-17T22:50:00+09:00,hs_gongyoung,공영쇼핑,강병원 한우투뿔 스테이크 130gx10팩,강병원 한우투뿔 스테이크 130gx10팩,강병원 한우투뿔 스테이크 130gx10팩,,,,미분류,,식품,1,1616,112958400,,,validated_paid_insert,paid_schedule_api,2026-08-24T10:02:31.503073+09:00,,,1,2026-08-24T10:02:31.146802+09:00,2026-08-24T10:02:31.503073+09:00
4937d93baec242978349ae9fa46abb8a,2026-08-17,2026-08-17T22:43:00+09:00,2026-08-17T23:45:00+09:00,hs_nsmallshopplus,NS홈쇼핑 샵플러스,오한진알부민1,오한진알부민1,오한진 알부민,오한진,건강식품/단백질,알부민,확정,오한진알부민,식품,2,93,23865000,,,validated_paid_insert,paid_schedule_api,2026-08-24T10:02:31.503073+09:00,,,1,2026-08-24T10:02:31.146802+09:00,2026-08-24T10:02:31.503073+09:00
62ddc0425de1211152dfe30b0ca8a193,2026-08-17,2026-08-17T22:50:00+09:00,2026-08-17T23:50:00+09:00,hs_gongyoung,공영쇼핑,"[명진] 손질통오징어 100g×20미 (1팩/2미, 총 10팩)",손질통오징어 100g×20미,손질통오징어 100g×20미,,,,미분류,,식품,1,3609,143999100,,,validated_paid_insert,paid_schedule_api,2026-08-24T10:02:31.503073+09:00,,,1,2026-08-24T10:02:31.146802+09:00,2026-08-24T10:02:31.503073+09:00
f93b352d68314e0bcf8fdbd1eb35ee02,2026-08-17,2026-08-17T23:55:00+09:00,2026-08-18T01:00:00+09:00,hs_hnsmall,홈앤쇼핑,[방송에서만 50%] 홀베리 유기농 레몬즙 12박스(168포),홀베리 유기농 레몬즙 12박스,홀베리 유기농 레몬즙 12박스,,,,미분류,,식품,2,348,39959200,,,validated_paid_insert,paid_schedule_api,2026-08-24T10:02:31.503073+09:00,,,1,2026-08-24T10:02:31.146802+09:00,2026-08-24T10:02:31.503073+09:00
9773df6fe3298930a905faca7e39fc7d,2026-08-18,2026-08-18T00:31:00+09:00,2026-08-18T01:31:00+09:00,hs_skstoa,SK스토아,[방송에서만]파라다이스 그레인 버닝 6+3박스(700mg*28정*9박스/18주분) | 원산지 : 상품정보 참조,파라다이스 그레인 버닝 6+3박스 | 원산지 : 상품정보 참조,파라다이스 그레인 버닝 6+3박스 | 원산지 : 상품정보 참조,,,,확인필요,파라다이스 그레인 버닝 6+3박스 | 원산지 : 상품정보 참조,식품,2,195,46842000,,,validated_paid_insert,paid_schedule_api,2026-08-24T10:00:17.598893+09:00,,,1,2026-08-24T10:00:16.507661+09:00,2026-08-24T10:00:17.598893+09:00
34313915284ebf113953fbb66ed6f627,2026-08-18,2026-08-18T01:00:00+09:00,2026-08-18T02:00:00+09:00,hs_gsshop,GS홈쇼핑,그레인온 캡슐레이션효소 14박스,그레인온 캡슐레이션효소 14박스,그레인온 캡슐레이션효소 14박스,,,,미분류,,식품,1,352,84128000,,,validated_paid_insert,paid_schedule_api,2026-08-24T10:00:17.598893+09:00,,,1,2026-08-24T10:00:16.507661+09:00,2026-08-24T10:00:17.598893+09:00
62fa39bd9c9b667d3fe64af2b4f912c1,2026-08-18,2026-08-18T01:00:00+09:00,2026-08-18T02:01:00+09:00,hs_nsmall,NS홈쇼핑,히트상품 앵콜방송1부,히트상품 앵콜방송1부,히트상품 앵콜방송1부,,,,미분류,,식품,2,465,27963500,,,validated_paid_insert,paid_schedule_api,2026-08-24T10:00:17.598893+09:00,,,1,2026-08-24T10:00:16.507661+09:00,2026-08-24T10:00:17.598893+09:00
703645bac7c2496d97126ef524be1f22,2026-08-18,2026-08-18T01:00:00+09:00,2026-08-18T01:40:00+09:00,hs_hmallplus,현대홈쇼핑 플러스샵,[추가3박스] 데이즈온 파라다이스 그레인 버닝 6+3박스 (18주분),데이즈온 파라다이스 그레인 버닝 6+3박스,데이즈온 파라다이스그레인,데이즈온,다이어트/건강식품,곡물,확정,데이즈온 파라다이스그레인,식품,2,79,18626000,,,validated_paid_insert,paid_schedule_api,2026-08-24T10:00:17.598893+09:00,,,1,2026-08-24T10:00:16.507661+09:00,2026-08-24T10:00:17.598893+09:00
7df63ac4177ed8f08f2ec494c1ae3b6d,2026-08-18,2026-08-18T01:00:00+09:00,2026-08-18T02:00:00+09:00,hs_gongyoung,공영쇼핑,[과세][2026 햇육젓] 김정배명인새우젓(육젓)500g×3통,김정배명인새우젓 500g×3통,김정배명인새우젓 500g×3통,,,,미분류,,식품,4,419,33241500,,,validated_paid_insert,paid_schedule_api,2026-08-24T10:00:17.598893+09:00,,,1,2026-08-24T10:00:16.507661+09:00,2026-08-24T10:00:17.598893+09:00
b9bd35c3d273d7a92b3164f055695baa,2026-08-18,2026-08-18T01:00:00+09:00,2026-08-18T01:30:00+09:00,hs_cjonstyle,CJ온스타일,서산 이창희 생강청.,서산 이창희 생강청.,서산 이창희 생강청.,,,,미분류,,식품,1,122,4867800,,,validated_paid_insert,paid_schedule_api,2026-08-24T10:00:17.598893+09:00,,,1,2026-08-24T10:00:16.507661+09:00,2026-08-24T10:00:17.598893+09:00
80da98b66bedeaec1ea4c832774e744b,2026-08-18,2026-08-18T01:31:00+09:00,2026-08-18T02:11:00+09:00,hs_skstoa,SK스토아,[방송에서만]파라다이스 그레인 버닝 6+3박스(700mg*28정*9박스/18주분) | 원산지 : 상품정보 참조,파라다이스 그레인 버닝 6+3박스 | 원산지 : 상품정보 참조,파라다이스 그레인 버닝 6+3박스 | 원산지 : 상품정보 참조,,,,확인필요,파라다이스 그레인 버닝 6+3박스 | 원산지 : 상품정보 참조,식품,2,56,13612000,,,validated_paid_insert,paid_schedule_api,2026-08-24T10:00:17.598893+09:00,,,1,2026-08-24T10:00:16.507661+09:00,2026-08-24T10:00:17.598893+09:00
571ecd1167d0e5abe7fcf0666584d224,2026-08-18,2026-08-18T01:34:00+09:00,2026-08-18T02:38:00+09:00,hs_kshop,KT알파쇼핑,만복이_어육바,만복이_어육바,만복이_어육바,,,,미분류,,식품,1,365,14527000,,,validated_paid_insert,paid_schedule_api,2026-08-24T10:00:17.598893+09:00,,,1,2026-08-24T10:00:16.507661+09:00,2026-08-24T10:00:17.598893+09:00
04304fe45e3204ab33900927b0fe63d6,2026-08-18,2026-08-18T01:40:00+09:00,2026-08-18T02:20:00+09:00,hs_hmallplus,현대홈쇼핑 플러스샵,[방송에서만70%세일][프리메로] 유기농 레몬즙 10박스(총 140포),유기농 레몬즙 10박스,유기농 레몬즙 10박스,,,,미분류,,식품,1,134,6566000,,,validated_paid_insert,paid_schedule_api,2026-08-24T10:00:17.598893+09:00,,,1,2026-08-24T10:00:16.507661+09:00,2026-08-24T10:00:17.598893+09:00
d304d16a3f047fb8357a1b6d091ba42e,2026-08-18,2026-08-18T01:44:00+09:00,2026-08-18T02:00:00+09:00,hs_nsmallshopplus,NS홈쇼핑 샵플러스,추어탕1,추어탕1,추어탕1,,,,미분류,,식품,1,70,2723000,,,validated_paid_insert,paid_schedule_api,2026-08-24T10:00:17.598893+09:00,,,1,2026-08-24T10:00:16.507661+09:00,2026-08-24T10:00:17.598893+09:00
4df719b41f8dd81c6302c1985aa901d7,2026-08-18,2026-08-18T01:45:00+09:00,2026-08-18T01:55:00+09:00,hs_cjonstyleplus,CJ온스타일 플러스,"유러피안데일리베지믹스 230g x 12봉 냉동야채믹스(미니양배추,베이비캐럿,화이트컬리플라워,브로콜리,그린빈,병아리콩)",유러피안데일리베지믹스 230g x 12봉 냉동야채믹스,유러피안데일리베지믹스 230g x 12봉 냉동야채믹스,,,,미분류,,식품,1,23,1630700,,,validated_paid_insert,paid_schedule_api,2026-08-24T10:00:17.598893+09:00,,,1,2026-08-24T10:00:16.507661+09:00,2026-08-24T10:00:17.598893+09:00
a452ab6456080116999ffcd141b2a976,2026-08-18,2026-08-18T01:50:00+09:00,2026-08-18T02:10:00+09:00,hs_gsshopmyshop,GS홈쇼핑 마이샵,올레비다 유기농 올리브오일 8병+포 1박스 (산도 0.15 최고스펙 스페인 올리브유),올레비다 유기농 올리브오일 8병+포 1박스,올레비다 유기농 올리브오일 8병+포 1박스,,,,미분류,,식품,2,24,1827600,,,validated_paid_insert,paid_schedule_api,2026-08-24T10:00:17.598893+09:00,,,1,2026-08-24T10:00:16.507661+09:00,2026-08-24T10:00:17.598893+09:00
64099d9307ab440c011760ec84057f3a,2026-08-18,2026-08-18T02:00:00+09:00,2026-08-18T02:41:00+09:00,hs_nsmallshopplus,NS홈쇼핑 샵플러스,추어탕2,추어탕2,추어탕2,,,,미분류,,식품,1,241,9374900,,,validated_paid_insert,paid_schedule_api,2026-08-24T10:00:17.598893+09:00,,,1,2026-08-24T10:00:16.507661+09:00,2026-08-24T10:00:17.598893+09:00
66b22708091d1ec3b9f0ccaedb58b257,2026-08-18,2026-08-18T02:00:00+09:00,2026-08-18T02:50:00+09:00,hs_gongyoung,공영쇼핑,26년 햇 자연향 아삭이 복숭아 6kg,26년 햇 자연향 아삭이 복숭아 6kg,26년 햇 자연향 아삭이 복숭아 6kg,,,,미분류,,식품,1,706,28169400,,,validated_paid_insert,paid_schedule_api,2026-08-24T10:00:17.598893+09:00,,,1,2026-08-24T10:00:16.507661+09:00,2026-08-24T10:00:17.598893+09:00
8f54a9ff90fb2ff33c3e22e280c8b40c,2026-08-18,2026-08-18T02:00:00+09:00,2026-08-18T03:02:00+09:00,hs_nsmall,NS홈쇼핑,히트상품 앵콜방송 2부,히트상품 앵콜방송 2부,히트상품 앵콜방송 2부,,,,미분류,,식품,3,339,13774300,,,validated_paid_insert,paid_schedule_api,2026-08-24T10:00:17.598893+09:00,,,1,2026-08-24T10:00:16.507661+09:00,2026-08-24T10:00:17.598893+09:00
a416c5e280b7c9e04e1d80ddc0c93ff2,2026-08-18,2026-08-18T02:10:00+09:00,2026-08-18T02:31:00+09:00,hs_gsshopmyshop,GS홈쇼핑 마이샵,[온김치] 김하진의 포기김치 10kg,김하진의 포기김치 10kg,김하진의 포기김치 10kg,,,,미분류,,식품,2,34,1696600,,,validated_paid_insert,paid_schedule_api,2026-08-24T10:00:17.598893+09:00,,,1,2026-08-24T10:00:16.507661+09:00,2026-08-24T10:00:17.598893+09:00
46edf683aaeea063cb94034b020604e4,2026-08-18,2026-08-18T02:25:00+09:00,2026-08-18T02:35:00+09:00,hs_cjonstyleplus,CJ온스타일 플러스,"유러피안데일리베지믹스 230g x 12봉 냉동야채믹스(미니양배추,베이비캐럿,화이트컬리플라워,브로콜리,그린빈,병아리콩)",유러피안데일리베지믹스 230g x 12봉 냉동야채믹스,유러피안데일리베지믹스 230g x 12봉 냉동야채믹스,,,,미분류,,식품,1,17,1205300,,,validated_paid_insert,paid_schedule_api,2026-08-24T10:00:17.598893+09:00,,,1,2026-08-24T10:00:16.507661+09:00,2026-08-24T10:00:17.598893+09:00
2f4dddee5919f0f9e03b858366225e66,2026-08-18,2026-08-18T03:00:00+09:00,2026-08-18T03:40:00+09:00,hs_hmallplus,현대홈쇼핑 플러스샵,[방송에서만]뉴트리케이 두뇌엔포커스 PS 80(8+4박스. 총 12박스),뉴트리케이 두뇌엔포커스 PS 80,뉴트리케이 두뇌엔포커스 PS 80,,,,미분류,,식품,2,17,3396000,,,validated_paid_insert,paid_schedule_api,2026-08-24T10:00:17.598893+09:00,,,1,2026-08-24T10:00:16.507661+09:00,2026-08-24T10:00:17.598893+09:00
e8b5aec7351664988e13895aaca46d44,2026-08-18,2026-08-18T03:00:00+09:00,2026-08-18T03:30:00+09:00,hs_cjonstyle,CJ온스타일,아보카도오일 250ml*10병,아보카도오일 250ml*10병,아보카도오일 250ml*10병,,,,미분류,,식품,1,7,1509200,,,validated_paid_insert,paid_schedule_api,2026-08-24T10:00:17.598893+09:00,,,1,2026-08-24T10:00:16.507661+09:00,2026-08-24T10:00:17.598893+09:00
34f1d76709a57dd787259ff63be85d61,2026-08-18,2026-08-18T03:05:00+09:00,2026-08-18T03:15:00+09:00,hs_cjonstyleplus,CJ온스타일 플러스,"유러피안데일리베지믹스 230g x 12봉 냉동야채믹스(미니양배추,베이비캐럿,화이트컬리플라워,브로콜리,그린빈,병아리콩)",유러피안데일리베지믹스 230g x 12봉 냉동야채믹스,유러피안데일리베지믹스 230g x 12봉 냉동야채믹스,,,,미분류,,식품,1,11,779900,,,validated_paid_insert,paid_schedule_api,2026-08-24T10:00:17.598893+09:00,,,1,2026-08-24T10:00:16.507661+09:00,2026-08-24T10:00:17.598893+09:00
7b29f1f06b6c83b6cd405634514d05ad,2026-08-18,2026-08-18T03:10:00+09:00,2026-08-18T03:30:00+09:00,hs_gsshop,GS홈쇼핑,GS단독  프리미엄 돌러 마차라떼 프로틴 180포 에 방송중에만 22포 더 총 202포,GS 프리미엄 돌러 마차라떼 프로틴 180포 에 에만 22포 더 총 202포,GS 프리미엄 돌러 마차라떼 프로틴 180포 에 에만 22포 더 총 202포,,,,미분류,,식품,2,1,399000,,,validated_paid_insert,paid_schedule_api,2026-08-24T10:00:17.598893+09:00,,,1,2026-08-24T10:00:16.507661+09:00,2026-08-24T10:00:17.598893+09:00
8ae080f4a158e6f24ab86afdb2599626,2026-08-18,2026-08-18T03:30:00+09:00,2026-08-18T03:50:00+09:00,hs_lotteimall,롯데홈쇼핑,[아임고트] 뉴질랜드 프리미엄 산양유 12박스,뉴질랜드 프리미엄 산양유 12박스,뉴질랜드 프리미엄 산양유 12박스,,,,미분류,,식품,1,0,0,,,validated_paid_insert,paid_schedule_api,2026-08-24T10:00:17.598893+09:00,,,1,2026-08-24T10:00:16.507661+09:00,2026-08-24T10:00:17.598893+09:00
405f2f0e00a7c1309930d840f2bcdbb2,2026-08-18,2026-08-18T03:35:00+09:00,2026-08-18T03:45:00+09:00,hs_cjonstyleplus,CJ온스타일 플러스,"유러피안데일리베지믹스 230g x 12봉 냉동야채믹스(미니양배추,베이비캐럿,화이트컬리플라워,브로콜리,그린빈,병아리콩)",유러피안데일리베지믹스 230g x 12봉 냉동야채믹스,유러피안데일리베지믹스 230g x 12봉 냉동야채믹스,,,,미분류,,식품,1,10,709000,,,validated_paid_insert,paid_schedule_api,2026-08-24T10:00:17.598893+09:00,,,1,2026-08-24T10:00:16.507661+09:00,2026-08-24T10:00:17.598893+09:00
eb93494fbfabb8f44f96ce185719bdf4,2026-08-18,2026-08-18T03:37:00+09:00,2026-08-18T03:57:00+09:00,hs_shopntmall,쇼핑엔티,안국약품 토비콤 루테인 지아잔틴 아스타잔틴 12개월분,안국약품 토비콤 루테인 지아잔틴 아스타잔틴 12개월분,안국약품 토비콤 루테인 지아잔틴 아스타잔틴 12개월분,,,,미분류,,식품,1,1,298000,,,validated_paid_insert,paid_schedule_api,2026-08-24T10:00:17.598893+09:00,,,1,2026-08-24T10:00:16.507661+09:00,2026-08-24T10:00:17.598893+09:00
d2c0c24bfcaac47dec796925c5e0c7ff,2026-08-18,2026-08-18T03:40:00+09:00,2026-08-18T04:00:00+09:00,hs_hmallplus,현대홈쇼핑 플러스샵,[프리메로] 유기농 엑스트라버진 올리브오일 8박스 (총 112포),유기농 엑스트라버진 올리브오일 8박스,유기농 엑스트라버진 올리브오일 8박스,,,,미분류,,식품,1,4,632000,,,validated_paid_insert,paid_schedule_api,2026-08-24T10:00:17.598893+09:00,,,1,2026-08-24T10:00:16.507661+09:00,2026-08-24T10:00:17.598893+09:00
83c036baafeff5d6f9b0c947103648f4,2026-08-18,2026-08-18T03:57:00+09:00,2026-08-18T04:17:00+09:00,hs_shopntmall,쇼핑엔티,[보넬드] 아이엠 당근 주스 12병,아이엠 당근 주스 12병,보넬드 아이엠 당근주스,보넬드,과채주스,당근,확정,아이엠 당근주스,식품,1,2,396000,,,validated_paid_insert,paid_schedule_api,2026-08-24T10:00:17.598893+09:00,,,1,2026-08-24T10:00:16.507661+09:00,2026-08-24T10:00:17.598893+09:00
507c8046e399847801bd5c54365ecc41,2026-08-18,2026-08-18T04:00:00+09:00,2026-08-18T04:40:00+09:00,hs_lotteimallonetv,롯데원티비,[프리메로] ☆[10박스]프리메로 NFC 유기농 레몬즙 (1박스: 20g x 14포),☆ 프리메로 NFC 유기농 레몬즙,☆ 프리메로 NFC 유기농 레몬즙,,,,미분류,,식품,1,0,0,,,validated_paid_insert,paid_schedule_api,2026-08-24T10:00:17.598893+09:00,,,1,2026-08-24T10:00:16.507661+09:00,2026-08-24T10:00:17.598893+09:00
e09d262db717d6cd2c0b4c9844098cee,2026-08-18,2026-08-18T04:00:00+09:00,2026-08-18T05:01:00+09:00,hs_nsmall,NS홈쇼핑,히트상품 앵콜방송4부,히트상품 앵콜방송4부,히트상품 앵콜방송4부,,,,미분류,,식품,2,695,23470500,,,validated_paid_insert,paid_schedule_api,2026-08-24T10:00:17.598893+09:00,,,1,2026-08-24T10:00:16.507661+09:00,2026-08-24T10:00:17.598893+09:00
148c62d9e43c3f857d9b3a62dcd3de58,2026-08-18,2026-08-18T04:05:00+09:00,2026-08-18T04:15:00+09:00,hs_cjonstyleplus,CJ온스타일 플러스,"유러피안데일리베지믹스 230g x 12봉 냉동야채믹스(미니양배추,베이비캐럿,화이트컬리플라워,브로콜리,그린빈,병아리콩)",유러피안데일리베지믹스 230g x 12봉 냉동야채믹스,유러피안데일리베지믹스 230g x 12봉 냉동야채믹스,,,,미분류,,식품,1,0,0,,,validated_paid_insert,paid_detail_page,2026-08-24T10:00:17.598893+09:00,success,2026-08-24T10:00:16.965263+09:00,1,2026-08-24T10:00:16.507661+09:00,2026-08-24T10:00:17.598893+09:00
f8bbd95fd909043c26db11cdf4803c92,2026-08-18,2026-08-18T04:17:00+09:00,2026-08-18T04:37:00+09:00,hs_shopntmall,쇼핑엔티,닥터린 콘드로이친1200 콘레이티+MBP +K2 12개월분,닥터린 콘드로이친1200 콘레이티+MBP +K2 12개월분,닥터린 콘드로이친1200 콘레이티+MBP +K2 12개월분,,,,미분류,,식품,2,1,199000,,,validated_paid_insert,paid_schedule_api,2026-08-24T10:00:17.598893+09:00,,,1,2026-08-24T10:00:16.507661+09:00,2026-08-24T10:00:17.598893+09:00
83ceb87c7e984d3954f1b94ef1a3151c,2026-08-18,2026-08-18T04:19:00+09:00,2026-08-18T04:30:00+09:00,hs_shinsegae,신세계쇼핑,[방송에서만] 한끼든든 장어탕 350g x 8팩 + 1팩 더 (총 9팩),한끼든든 장어탕 350g x 8팩 + 1팩 더,한끼든든 장어탕 350g x 8팩 + 1팩 더,,,,미분류,,식품,2,17,848300,,,validated_paid_insert,paid_schedule_api,2026-08-24T10:00:17.598893+09:00,,,1,2026-08-24T10:00:16.507661+09:00,2026-08-24T10:00:17.598893+09:00
7e4e86d066766449843cbd1d7fd12daa,2026-08-18,2026-08-18T04:20:00+09:00,2026-08-18T05:10:00+09:00,hs_hnsmall,홈앤쇼핑,프리미엄 수제 칸 한우육포 30g x 15개,프리미엄 수제 칸 한우육포 30g x 15개,프리미엄 수제 칸 한우육포 30g x 15개,,,,미분류,,식품,1,238,7830200,,,validated_paid_insert,paid_schedule_api,2026-08-24T10:00:17.598893+09:00,,,1,2026-08-24T10:00:16.507661+09:00,2026-08-24T10:00:17.598893+09:00
4176cb871d563cc54d9150e86d66a06b,2026-08-18,2026-08-18T04:30:00+09:00,2026-08-18T05:21:00+09:00,hs_hmall,현대홈쇼핑,[파우치포함]홍쌍리 장아찌세트(매실원3+매실절임2+고추장장아찌1+감로매1+고추비빔장1+매실원파우치1),홍쌍리 장아찌세트,홍쌍리 장아찌세트,,,,미분류,,식품,2,540,37746000,,,validated_paid_insert,paid_schedule_api,2026-08-24T10:00:17.598893+09:00,,,1,2026-08-24T10:00:16.507661+09:00,2026-08-24T10:00:17.598893+09:00
6d7d69eb087b4009783aac96a5248238,2026-08-18,2026-08-18T04:30:00+09:00,2026-08-18T05:30:00+09:00,hs_shinsegae,신세계쇼핑,[방송중 할인] 보넬 아이엠 토마토 NFC 착즙주스 1L*12병,보넬 아이엠 토마토 NFC 착즙주스 1L*12병,보넬 아이엠 토마토 NFC 착즙주스 1L*12병,,,,미분류,,식품,3,390,25311000,,,validated_paid_insert,paid_schedule_api,2026-08-24T10:00:17.598893+09:00,,,1,2026-08-24T10:00:16.507661+09:00,2026-08-24T10:00:17.598893+09:00
ca74f9dfb0070685ba1662ecddaf63ab,2026-08-18,2026-08-18T04:37:00+09:00,2026-08-18T05:37:00+09:00,hs_shopntmall,쇼핑엔티,[50％세일] 대원제약 산양유 단백질 100 10통,대원제약 산양유 단백질 100 10통,대원제약 산양유 단백질 100 10통,,,,미분류,,식품,1,92,12696000,,,validated_paid_insert,paid_schedule_api,2026-08-24T10:00:17.598893+09:00,,,1,2026-08-24T10:00:16.507661+09:00,2026-08-24T10:00:17.598893+09:00
306212b66097b7a344a4b803551ab2aa,2026-08-18,2026-08-18T04:40:00+09:00,2026-08-18T05:15:00+09:00,hs_lotteimall,롯데홈쇼핑,[연세대학교연세우유] ☆[직]더블 세브란스케어 구수한 맛 6박스 96팩 (1박스: 200ML x16팩) ,☆ 더블 세브란스케어 구수한 맛 6박스 96팩,☆ 더블 세브란스케어 구수한 맛 6박스 96팩,,,,확인필요,☆ 더블 세브란스케어 구수한 맛 6박스 96팩,식품,2,22,3618000,,,validated_paid_insert,paid_schedule_api,2026-08-24T10:00:17.598893+09:00,,,1,2026-08-24T10:00:16.507661+09:00,2026-08-24T10:00:17.598893+09:00
eb60e6d7a696dbb06c9f20046e37fff8,2026-08-18,2026-08-18T05:00:00+09:00,2026-08-18T06:00:00+09:00,hs_gongyoung,공영쇼핑,26년 햇 천사의 땅 해남 고춧가루 500g*8봉 총4kg,26년 햇 천사의 땅 해남 고춧가루 500g*8봉 총4kg,26년 햇 천사의 땅 해남 고춧가루 500g*8봉 총4kg,,,,미분류,,식품,2,295,32868900,,,validated_paid_insert,paid_schedule_api,2026-08-24T10:00:17.598893+09:00,,,1,2026-08-24T10:00:16.507661+09:00,2026-08-24T10:00:17.598893+09:00
d12cc68128915147b2c2217f6ade964a,2026-08-18,2026-08-18T05:01:00+09:00,2026-08-18T05:42:00+09:00,hs_nsmallshopplus,NS홈쇼핑 샵플러스,대하1,대하1,대하1,,,,미분류,,식품,1,358,14284200,,,validated_paid_insert,paid_schedule_api,2026-08-24T10:00:17.598893+09:00,,,1,2026-08-24T10:00:16.507661+09:00,2026-08-24T10:00:17.598893+09:00
60f011fa1cff99fe8e4946be6743eea9,2026-08-18,2026-08-18T05:15:00+09:00,2026-08-18T06:15:00+09:00,hs_lotteimall,롯데홈쇼핑,"[뉴트리코어] ○방송에서만[12+6개월]뉴트리코어 하이퍼셀 코엔자임 Q10 맥스 18박스(1박스:1,000mgX30캡슐","○방송에서만 뉴트리코어 하이퍼셀 코엔자임 Q10 맥스 18박스(1박스:1,000mgX30캡슐","○방송에서만 뉴트리코어 하이퍼셀 코엔자임 Q10 맥스 18박스(1박스:1,000mgX30캡슐",,,,확인필요,"○방송에서만 뉴트리코어 하이퍼셀 코엔자임 Q10 맥스 18박스(1박스:1,000mgX30캡슐",식품,2,144,35536000,,,validated_paid_insert,paid_schedule_api,2026-08-24T10:00:17.598893+09:00,,,1,2026-08-24T10:00:16.507661+09:00,2026-08-24T10:00:17.598893+09:00
6716c535ec86ac02744fe492b2a2ac51,2026-08-18,2026-08-18T05:30:00+09:00,2026-08-18T06:33:00+09:00,hs_kshop,KT알파쇼핑,비에날씬_다이어트유산균,비에날씬_다이어트유산균,비에날씬 프로,비에날씬,다이어트 유산균,BNR17 유산균,확정,비에날씬 다이어트유산균,식품,3,71,36120000,,,validated_paid_insert,paid_schedule_api,2026-08-24T10:00:17.598893+09:00,,,1,2026-08-24T10:00:16.507661+09:00,2026-08-24T10:00:17.598893+09:00
fa9bf4b6597859c14848fc1d5c6086b1,2026-08-18,2026-08-18T05:35:00+09:00,2026-08-18T06:36:00+09:00,hs_gsshopmyshop,GS홈쇼핑 마이샵,뉴트리코어 하이퍼셀 코엔자임Q10 맥스 12박스+6박스 더(방송에서만) 코큐텐 총 18개월분,뉴트리코어 하이퍼셀 코엔자임Q10 맥스 12박스+6박스 더 코큐텐 총 18개월분,뉴트리코어 하이퍼셀 코엔자임Q10 맥스 12박스+6박스 더 코큐텐 총 18개월분,,,,미분류,,식품,2,138,35722000,,,validated_paid_insert,paid_schedule_api,2026-08-24T10:00:17.598893+09:00,,,1,2026-08-24T10:00:16.507661+09:00,2026-08-24T10:00:17.598893+09:00
8d5b775ca0d7f64e9c2ea3690551891a,2026-08-18,2026-08-18T05:40:00+09:00,2026-08-18T06:31:00+09:00,hs_nsmall,NS홈쇼핑,두뇌엔닥터PS,두뇌엔닥터PS,두뇌엔 닥터PS,두뇌엔,건강식품/두뇌·인지,포스파티딜세린,확정,두뇌엔닥터PS,식품,3,136,56628000,,,validated_paid_insert,paid_schedule_api,2026-08-24T10:00:17.598893+09:00,,,1,2026-08-24T10:00:16.507661+09:00,2026-08-24T10:00:17.598893+09:00
ff1fea8303fd6bce16d8e2044b365620,2026-08-18,2026-08-18T05:45:00+09:00,2026-08-18T06:45:00+09:00,hs_cjonstyleplus,CJ온스타일 플러스,당플랜 코어 호두맛 144팩 + 저당양갱 2봉,당플랜 코어 호두맛 144팩 + 저당양갱 2봉,당플랜 코어 호두맛 144팩 + 저당양갱 2봉,,,,미분류,,식품,2,131,32322000,,,validated_paid_insert,paid_schedule_api,2026-08-24T10:00:17.598893+09:00,,,1,2026-08-24T10:00:16.507661+09:00,2026-08-24T10:00:17.598893+09:00
9d13f9d485d9a324222945c082eae648,2026-08-18,2026-08-18T06:00:00+09:00,2026-08-18T07:15:00+09:00,hs_gongyoung,공영쇼핑,[150봉]서분례명인 만능 육수분,서분례명인 만능 육수분,서분례명인 만능 육수분,,,,미분류,,식품,4,1508,73029200,,,validated_paid_insert,paid_schedule_api,2026-08-24T10:00:17.598893+09:00,,,1,2026-08-24T10:00:16.507661+09:00,2026-08-24T10:00:17.598893+09:00
d4a6760fee48c2fb84ef01375e3745e0,2026-08-18,2026-08-18T06:00:00+09:00,2026-08-18T06:40:00+09:00,hs_hmallplus,현대홈쇼핑 플러스샵,[방송에서만]팔레오 콘드로이친 plus MBP 5+5통,팔레오 콘드로이친 plus MBP 5+5통,팔레오 콘드로이친 plus MBP 5+5통,,,,미분류,,식품,1,93,8277000,,,validated_paid_insert,paid_schedule_api,2026-08-24T10:00:17.598893+09:00,,,1,2026-08-24T10:00:16.507661+09:00,2026-08-24T10:00:17.598893+09:00
6710fbd39420bd290ce2e81d7b1b6eb5,2026-08-18,2026-08-18T06:15:00+09:00,2026-08-18T07:15:00+09:00,hs_lotteimall,롯데홈쇼핑,[하루틴] ●[전고객 6박스 더] 하루틴 리포좀 비타민C 프로 12+3박스 + 비타C스틱 3박스,● 하루틴 리포좀 비타민C 프로 12+3박스 + 비타C스틱 3박스,● 하루틴 리포좀 비타민C 프로 12+3박스 + 비타C스틱 3박스,,,,미분류,,식품,2,227,44093000,,,validated_paid_insert,paid_schedule_api,2026-08-24T10:00:17.598893+09:00,,,1,2026-08-24T10:00:16.507661+09:00,2026-08-24T10:00:17.598893+09:00
6a26b62f17953593cc7dccc8e71ef614,2026-08-18,2026-08-18T06:15:00+09:00,2026-08-18T07:15:00+09:00,hs_cjonstyle,CJ온스타일,[최다 11개월] 프로 다이어트 유산균 9개월분+BNR17플러스60포,프로 다이어트 유산균 9개월분+BNR17플러스60포,프로 다이어트 유산균 9개월분+BNR17플러스60포,,,,미분류,,식품,3,251,111560000,,,validated_paid_insert,paid_schedule_api,2026-08-24T10:00:17.598893+09:00,,,1,2026-08-24T10:00:16.507661+09:00,2026-08-24T10:00:17.598893+09:00
991d374072f9bc505b95b5252fac2407,2026-08-18,2026-08-18T06:15:00+09:00,2026-08-18T07:16:00+09:00,hs_hmall,현대홈쇼핑,[프랑스 직수입] 프리차드 기버터 400g x 4통 + 버터나이프 1개,프리차드 기버터 400g x 4통 + 버터나이프 1개,프리차드 기버터 400g x 4통 + 버터나이프 1개,,,,미분류,,식품,2,1902,129789800,,,validated_paid_insert,paid_schedule_api,2026-08-24T10:00:17.598893+09:00,,,1,2026-08-24T10:00:16.507661+09:00,2026-08-24T10:00:17.598893+09:00
30885150d5afffeda13c4c80b744f463,2026-08-18,2026-08-18T06:30:00+09:00,2026-08-18T07:21:00+09:00,hs_nsmall,NS홈쇼핑,데이즈온아세로라,데이즈온아세로라,데이즈온아세로라,,,,확인필요,데이즈온아세로라,식품,4,144,33012000,,,validated_paid_insert,paid_schedule_api,2026-08-24T10:00:17.598893+09:00,,,1,2026-08-24T10:00:16.507661+09:00,2026-08-24T10:00:17.598893+09:00
de58d4d9b431b5f5b8ed44a0a549ba97,2026-08-18,2026-08-18T06:30:00+09:00,2026-08-18T07:31:00+09:00,hs_shinsegae,신세계쇼핑,(방송에서만)[12+3+3]하루틴 리포좀 비타민C 프로 총 15박스+비타민C스틱 3박스(s),하루틴 리포좀 비타민C 프로 총 15박스+비타민C스틱 3박스,하루틴 리포좀 비타민C 프로 총 15박스+비타민C스틱 3박스,,,,미분류,,식품,4,262,52058000,,,validated_paid_insert,paid_schedule_api,2026-08-24T10:00:17.598893+09:00,,,1,2026-08-24T10:00:16.507661+09:00,2026-08-24T10:00:17.598893+09:00
d4ca5ccef74ea9e3d790da10a1f88b79,2026-08-18,2026-08-18T06:36:00+09:00,2026-08-18T07:36:00+09:00,hs_shopntmall,쇼핑엔티,[50％세일] 골드 카무트 효소 12박스 +  파로 5봉 + 복부마사지기,골드 카무트 효소 12박스 + 파로 5봉 + 복부마사지기,골드 카무트 효소 12박스 + 파로 5봉 + 복부마사지기,,,,미분류,,식품,1,229,45342000,,,validated_paid_insert,paid_schedule_api,2026-08-24T10:00:17.598893+09:00,,,1,2026-08-24T10:00:16.507661+09:00,2026-08-24T10:00:17.598893+09:00
933625dddd45a78787580373e29a73f8,2026-08-18,2026-08-18T06:41:00+09:00,2026-08-18T07:43:00+09:00,hs_nsmallshopplus,NS홈쇼핑 샵플러스,골드카무트효소1,골드카무트효소1,골드카무트효소1,,,,미분류,,식품,1,115,22770000,,,validated_paid_insert,paid_schedule_api,2026-08-24T10:00:17.598893+09:00,,,1,2026-08-24T10:00:16.507661+09:00,2026-08-24T10:00:17.598893+09:00
0f9a8e09d76fa73467c79682a74a4b58,2026-08-18,2026-08-18T07:15:00+09:00,2026-08-18T08:15:00+09:00,hs_hnsmall,홈앤쇼핑,[국민영양] 여에스더 PS 포스파티딜세린 10박스(20주분) + 카무트효소1박스,여에스더 PS 포스파티딜세린 10박스 + 카무트효소1박스,여에스더 PS 포스파티딜세린 10박스 + 카무트효소1박스,,,,미분류,,식품,10,1112,98968000,,,validated_paid_insert,paid_schedule_api,2026-08-24T10:00:17.598893+09:00,,,1,2026-08-24T10:00:16.507661+09:00,2026-08-24T10:00:17.598893+09:00
a71453d00ca371cf6e4de0f5cae5553e,2026-08-18,2026-08-18T07:15:00+09:00,2026-08-18T08:15:00+09:00,hs_lotteimall,롯데홈쇼핑,[관절엔 콘드로이친] ☆방송에서만 오메가3 2박스 더!☆ [12개월] 관절엔 콘드로이친 1200 12박스 + 식물성 오메가3 600 2박스,☆방송에서만 오메가3 2박스 더!☆ 관절엔 콘드로이친 1200 12박스 + 식물성 오메가3 600 2박스,관절엔 콘드로이친,관절엔,건강식품/관절,콘드로이친,확정,관절엔 콘드로이친,식품,3,119,69713000,,,validated_paid_insert,paid_schedule_api,2026-08-24T10:00:17.598893+09:00,,,1,2026-08-24T10:00:16.507661+09:00,2026-08-24T10:00:17.598893+09:00
dbc6aa666aa503bb79f2490d2bd27809,2026-08-18,2026-08-18T07:15:00+09:00,2026-08-18T08:15:00+09:00,hs_cjonstyle,CJ온스타일,에브리데이 견과 4박스(100봉),에브리데이 견과 4박스,에브리데이 견과 4박스,,,,미분류,,식품,2,2898,313952600,,,validated_paid_insert,paid_schedule_api,2026-08-24T10:00:17.598893+09:00,,,1,2026-08-24T10:00:16.507661+09:00,2026-08-24T10:00:17.598893+09:00
514a62f030c66827894943802db99f8c,2026-08-18,2026-08-18T07:20:00+09:00,2026-08-18T08:21:00+09:00,hs_nsmall,NS홈쇼핑,제주산여주발효효소,제주산여주발효효소,제주산여주발효효소,,,,미분류,,식품,3,476,84868800,,,validated_paid_insert,paid_schedule_api,2026-08-24T10:00:17.598893+09:00,,,1,2026-08-24T10:00:16.507661+09:00,2026-08-24T10:00:17.598893+09:00
38bb961d125a923d4f6bd90e40dd4a5c,2026-08-18,2026-08-18T07:36:00+09:00,2026-08-18T08:36:00+09:00,hs_gsshopmyshop,GS홈쇼핑 마이샵,관절엔 콘드로이친1200 12개월분 + 주영 오메가 2개월분,관절엔 콘드로이친1200 12개월분 + 주영 오메가 2개월분,관절엔 콘드로이친,관절엔,건강식품/관절,콘드로이친,확정,관절엔 콘드로이친,식품,3,125,69998000,,,validated_paid_insert,paid_schedule_api,2026-08-24T10:00:17.598893+09:00,,,1,2026-08-24T10:00:16.507661+09:00,2026-08-24T10:00:17.598893+09:00
d8291913626206493068e5149365932b,2026-08-18,2026-08-18T07:41:00+09:00,2026-08-18T08:43:00+09:00,hs_nsmallshopplus,NS홈쇼핑 샵플러스,강원두백감자1,강원두백감자1,강원두백감자1,,,,미분류,,식품,1,1132,32714800,,,validated_paid_insert,paid_schedule_api,2026-08-24T10:00:17.598893+09:00,,,1,2026-08-24T10:00:16.507661+09:00,2026-08-24T10:00:17.598893+09:00
8016ac95ceb25207889071d864ff3fbd,2026-08-18,2026-08-18T08:20:00+09:00,2026-08-18T09:27:00+09:00,hs_nsmall,NS홈쇼핑,뉴밋올리브오일,뉴밋올리브오일,뉴밋 유기농 엑스트라버진 올리브오일,뉴밋,오일,올리브,확정,뉴밋올리브오일,식품,7,994,137669000,,,validated_paid_insert,paid_schedule_api,2026-08-24T10:00:17.598893+09:00,,,1,2026-08-24T10:00:16.507661+09:00,2026-08-24T10:00:17.598893+09:00
41fcfb4a2ef89dc55c3a63ee0849cd24,2026-08-18,2026-08-18T09:25:00+09:00,2026-08-18T10:25:00+09:00,hs_gsshop,GS홈쇼핑,[프롬바이오] 위엔 매스틱 24주,위엔 매스틱 24주,위엔 매스틱 24주,,,,미분류,,식품,3,209,118039000,,,validated_paid_insert,paid_schedule_api,2026-08-24T10:00:17.598893+09:00,,,1,2026-08-24T10:00:16.507661+09:00,2026-08-24T10:00:17.598893+09:00
55bc9f126ef643fd9b2acfcda201855b,2026-08-18,2026-08-18T09:25:00+09:00,2026-08-18T10:31:00+09:00,hs_nsmall,NS홈쇼핑,상황버섯쌀,상황버섯쌀,상황버섯쌀,,,,미분류,,식품,2,661,100224000,,,validated_paid_insert,paid_schedule_api,2026-08-24T10:00:17.598893+09:00,,,1,2026-08-24T10:00:16.507661+09:00,2026-08-24T10:00:17.598893+09:00
f126e7cc2f999305c906eb753ac51f21,2026-08-18,2026-08-18T09:25:00+09:00,2026-08-18T10:26:00+09:00,hs_hmall,현대홈쇼핑,[2026년산 햇고추] 태양초 청결 햇 고춧가루 3kg(500g 6팩) + 청양 고춧가루 500g 1팩,태양초 청결 햇 고춧가루 3kg + 청양 고춧가루 500g 1팩,태양초 청결 햇 고춧가루,,조미식품,고추,확정,태양초 청결 햇 고춧가루,식품,3,3536,375442100,,,validated_paid_insert,paid_schedule_api,2026-08-24T10:00:17.598893+09:00,,,1,2026-08-24T10:00:16.507661+09:00,2026-08-24T10:00:17.598893+09:00
ab84b496bcec3a34c2387ce4bf0749a4,2026-08-18,2026-08-18T09:35:00+09:00,2026-08-18T10:35:00+09:00,hs_shopntmall,쇼핑엔티,[쇼핑엔티 단독]지니라이프 듀얼 맥스 콘드로이친1200MBP 6+6박스,지니라이프 듀얼 맥스 콘드로이친1200MBP 6+6박스,지니라이프 듀얼 맥스 콘드로이친1200MBP 6+6박스,,,,미분류,,식품,1,245,24255000,,,validated_paid_insert,paid_schedule_api,2026-08-24T10:00:17.598893+09:00,,,1,2026-08-24T10:00:16.507661+09:00,2026-08-24T10:00:17.598893+09:00
e5c1b99cb6b31e186a252cb5768304f7,2026-08-18,2026-08-18T09:41:00+09:00,2026-08-18T10:43:00+09:00,hs_nsmallshopplus,NS홈쇼핑 샵플러스,락토핏당케어프로1,락토핏당케어프로1,락토핏당케어프로1,,,,미분류,,식품,2,92,17388000,,,validated_paid_insert,paid_schedule_api,2026-08-24T10:00:17.598893+09:00,,,1,2026-08-24T10:00:16.507661+09:00,2026-08-24T10:00:17.598893+09:00
3b4ee489347a10c2138765e798ca52ba,2026-08-18,2026-08-18T10:25:00+09:00,2026-08-18T11:35:00+09:00,hs_gongyoung,공영쇼핑,해남 땅끝마을 포기김치9kg+총각김치2kg+보리열무김치1kg(총12kg),해남 땅끝마을 포기김치9kg+총각김치2kg+보리열무김치1kg,해남 땅끝마을 포기김치9kg+총각김치2kg+보리열무김치1kg,,,,미분류,,식품,2,3830,179627000,,,validated_paid_insert,paid_schedule_api,2026-08-24T10:00:17.598893+09:00,,,1,2026-08-24T10:00:16.507661+09:00,2026-08-24T10:00:17.598893+09:00
50216fc2fb4cc1e178fce2d37781900f,2026-08-18,2026-08-18T10:25:00+09:00,2026-08-18T11:35:00+09:00,hs_gsshop,GS홈쇼핑,[NEW]종근당건강 관절연골엔 NEM 12개월+천국의계단 증정,종근당건강 관절연골엔 NEM 12개월+천국의계단 증정,종근당건강 관절연골엔 NEM 12개월+천국의계단 증정,,,,미분류,,식품,3,306,162003000,,,validated_paid_insert,paid_schedule_api,2026-08-24T10:00:17.598893+09:00,,,1,2026-08-24T10:00:16.507661+09:00,2026-08-24T10:00:17.598893+09:00
90c746b55888ef4e8c1c5176416bde9d,2026-08-18,2026-08-18T10:30:00+09:00,2026-08-18T11:31:00+09:00,hs_nsmall,NS홈쇼핑,꽃게장,꽃게장,꽃게장,,,,확인필요,꽃게장,식품,1,3485,173901500,,,validated_paid_insert,paid_schedule_api,2026-08-24T10:00:17.598893+09:00,,,1,2026-08-24T10:00:16.507661+09:00,2026-08-24T10:00:17.598893+09:00
7db710e51f43b895a238587cbd67b26e,2026-08-18,2026-08-18T10:32:00+09:00,2026-08-18T11:13:00+09:00,hs_kshop,KT알파쇼핑,여에스더_국민영양프로젝트,여에스더_국민영양프로젝트,여에스더_국민영양프로젝트,,,,미분류,,식품,6,371,33019000,,,validated_paid_insert,paid_schedule_api,2026-08-24T10:00:17.598893+09:00,,,1,2026-08-24T10:00:16.507661+09:00,2026-08-24T10:00:17.598893+09:00
fa0868005997558bea61bd9bb16519ba,2026-08-18,2026-08-18T10:32:00+09:00,2026-08-18T11:33:00+09:00,hs_shinsegae,신세계쇼핑,"[종근당건강동행] 락토핏 생유산균 코어맥스 총 480포(180포X2통+30포X4박스, 16개월분)+아보카도오일 2병",락토핏 생유산균 코어맥스 총 480포 +아보카도오일 2병,락토핏 생유산균 코어맥스 총 480포 +아보카도오일 2병,,,,미분류,,식품,9,360,35640000,,,validated_paid_insert,paid_schedule_api,2026-08-24T10:00:17.598893+09:00,,,1,2026-08-24T10:00:16.507661+09:00,2026-08-24T10:00:17.598893+09:00
3455f7effc01de88d8ecd4de99022c89,2026-08-18,2026-08-18T10:35:00+09:00,2026-08-18T11:35:00+09:00,hs_shopntmall,쇼핑엔티,[방송에서만 2팩 더!!] 김하진 궁중 한우 도가니수육탕 700g × 10팩 + 700g × 2팩 (총 12팩)_실온보관,김하진 궁중 한우 도가니수육탕 700g × 10팩 + 700g × 2팩 _실온보관,김하진 궁중 한우 도가니수육탕 700g × 10팩 + 700g × 2팩 _실온보관,,,,확인필요,김하진 궁중 한우 도가니수육탕 700g × 10팩 + 700g × 2팩 _실온보관,식품,1,899,53850100,,,validated_paid_insert,paid_schedule_api,2026-08-24T10:00:17.598893+09:00,,,1,2026-08-24T10:00:16.507661+09:00,2026-08-24T10:00:17.598893+09:00
b89a71d6e4ce2c91e55bf3255f60a857,2026-08-18,2026-08-18T11:11:00+09:00,2026-08-18T11:33:00+09:00,hs_kshop,KT알파쇼핑,여에스더_국민영양프로젝트,여에스더_국민영양프로젝트,여에스더_국민영양프로젝트,,,,미분류,,식품,6,313,27857000,,,validated_paid_insert,paid_schedule_api,2026-08-24T10:00:17.598893+09:00,,,1,2026-08-24T10:00:16.507661+09:00,2026-08-24T10:00:17.598893+09:00
a7c379c1829c2dbaed5921dfb93d41a8,2026-08-18,2026-08-18T11:30:00+09:00,2026-08-18T12:31:00+09:00,hs_nsmall,NS홈쇼핑,이경제흑염소진액,이경제흑염소진액,이경제흑염소진액,,,,미분류,,식품,2,207,58459000,,,validated_paid_insert,paid_schedule_api,2026-08-24T10:00:17.598893+09:00,,,1,2026-08-24T10:00:16.507661+09:00,2026-08-24T10:00:17.598893+09:00
fc73d6b04af0e7deb6dbbb4d49503b36,2026-08-18,2026-08-18T11:31:00+09:00,2026-08-18T12:31:00+09:00,hs_skstoa,SK스토아,[방송에서만]그린 아세로라 C 8+8박스(1.5g*14포*16박스) | 원산지 : 상품정보 참조,그린 아세로라 C 8+8박스 | 원산지 : 상품정보 참조,그린 아세로라 C,,건강식품/비타민,아세로라,확정,그린 아세로라 C,식품,2,397,90769000,,,validated_paid_insert,paid_schedule_api,2026-08-24T10:00:17.598893+09:00,,,1,2026-08-24T10:00:16.507661+09:00,2026-08-24T10:00:17.598893+09:00
00b265925522d0f74293f9226dbd3774,2026-08-18,2026-08-18T11:32:00+09:00,2026-08-18T12:33:00+09:00,hs_kshop,KT알파쇼핑,넛츠데이_견과세트,넛츠데이_견과세트,넛츠데이_견과세트,,,,확인필요,넛츠데이_견과세트,식품,1,1307,78289300,,,validated_paid_insert,paid_schedule_api,2026-08-24T10:00:17.598893+09:00,,,1,2026-08-24T10:00:16.507661+09:00,2026-08-24T10:00:17.598893+09:00
2318b7d0d41203ed4b3e2144c85b871c,2026-08-18,2026-08-18T11:35:00+09:00,2026-08-18T12:35:00+09:00,hs_lotteimall,롯데홈쇼핑,[덴프스] ♥최신상♥ 비타민+루테인+밀크씨슬 한번에! [더블] 덴프스 트루바이타민 올인원 10박스,♥최신상♥ 비타민+루테인+밀크씨슬 한번에! 덴프스 트루바이타민 올인원 10박스,덴프스 트루바이타민 올인원,덴프스,기타 식품,,확정,덴프스 트루바이타민 올인원,식품,2,130,34800000,,,validated_paid_insert,paid_schedule_api,2026-08-24T10:00:17.598893+09:00,,,1,2026-08-24T10:00:16.507661+09:00,2026-08-24T10:00:17.598893+09:00
b0a55d706195657b1e764a3d650baede,2026-08-18,2026-08-18T11:35:00+09:00,2026-08-18T12:35:00+09:00,hs_cjonstyle,CJ온스타일,2026년 남영양농협 햇햇살촌 '햇' 영양청결고춧가루 500g x 6봉(3kg),2026년 남영양농협 햇햇살촌 '햇' 영양청결고춧가루 500g x 6봉,2026년 남영양농협 햇햇살촌 '햇' 영양청결고춧가루 500g x 6봉,,,,미분류,,식품,2,1417,130026000,,,validated_paid_insert,paid_schedule_api,2026-08-24T10:00:17.598893+09:00,,,1,2026-08-24T10:00:16.507661+09:00,2026-08-24T10:00:17.598893+09:00
dbc12645c9bd3bdbe5bef72328953dff,2026-08-18,2026-08-18T11:35:00+09:00,2026-08-18T12:35:00+09:00,hs_gsshop,GS홈쇼핑,닥터린 하이퍼셀 대마종자유 12박스(12개월)+방송에서만 6박스(6개월) 총 18박스,닥터린 하이퍼셀 대마종자유 12박스 +방송에서만 6박스 총 18박스,닥터린 하이퍼셀 대마종자유 12박스 +방송에서만 6박스 총 18박스,,,,미분류,,식품,2,437,124038000,,,validated_paid_insert,paid_schedule_api,2026-08-24T10:00:17.598893+09:00,,,1,2026-08-24T10:00:16.507661+09:00,2026-08-24T10:00:17.598893+09:00
4a73b7efd8c5f4ae9ecae959dd360a9d,2026-08-18,2026-08-18T11:40:00+09:00,2026-08-18T12:20:00+09:00,hs_hmallplus,현대홈쇼핑 플러스샵,[전주 여행 필수코스] 홍시궁 홍시 찹쌀떡  100g x 18개,홍시궁 홍시 찹쌀떡 100g x 18개,홍시궁 홍시 찹쌀떡 100g x 18개,,,,미분류,,식품,1,380,17442000,,,validated_paid_insert,paid_schedule_api,2026-08-24T10:00:17.598893+09:00,,,1,2026-08-24T10:00:16.507661+09:00,2026-08-24T10:00:17.598893+09:00
cd3cd8290ebe196c1f04f2b9145559a5,2026-08-18,2026-08-18T11:40:00+09:00,2026-08-18T12:40:00+09:00,hs_lotteimallonetv,롯데원티비,[방송에서만]호정가명인 전통한과 4종 혼합세트 총123개입(흑임자약과 2박스+찹쌀약과 2박스+오란다1박스+옛날도나스1박스),호정가명인 전통한과 4종 혼합세트 총123개입,호정가명인 전통한과 4종 혼합세트 총123개입,,,,미분류,,식품,1,379,17017100,,,validated_paid_insert,paid_schedule_api,2026-08-24T10:00:17.598893+09:00,,,1,2026-08-24T10:00:16.507661+09:00,2026-08-24T10:00:17.598893+09:00
c5c8158b5527524cd75137bc3bf30248,2026-08-18,2026-08-18T11:41:00+09:00,2026-08-18T12:44:00+09:00,hs_nsmallshopplus,NS홈쇼핑 샵플러스,화산농협고구마1,화산농협고구마1,화산농협고구마1,,,,미분류,,식품,1,1932,57766800,,,validated_paid_insert,paid_schedule_api,2026-08-24T10:00:17.598893+09:00,,,1,2026-08-24T10:00:16.507661+09:00,2026-08-24T10:00:17.598893+09:00
f90b7a96a7bf1c039f79b4178ff045b1,2026-08-18,2026-08-18T11:45:00+09:00,2026-08-18T12:45:00+09:00,hs_cjonstyleplus,CJ온스타일 플러스,대원헬스 혈당파이터 10박스 (20개월분),대원헬스 혈당파이터 10박스,대원헬스 혈당파이터,대원헬스,건강식품/혈당관리,,확정,대원헬스 혈당파이터,식품,2,372,36759000,,,validated_paid_insert,paid_schedule_api,2026-08-24T10:00:17.598893+09:00,,,1,2026-08-24T10:00:16.507661+09:00,2026-08-24T10:00:17.598893+09:00
d541cc3d1ba341b47883388e2acf6ff0,2026-08-18,2026-08-18T12:31:00+09:00,2026-08-18T13:31:00+09:00,hs_skstoa,SK스토아,(방송에서만 더블구성 찬스) 아스타루지 20박스 | 원산지 : 상품정보 참조,아스타루지 20박스 | 원산지 : 상품정보 참조,아스타루지 20박스 | 원산지 : 상품정보 참조,,,,미분류,,식품,2,40,5325000,,,validated_paid_insert,paid_schedule_api,2026-08-24T10:00:17.598893+09:00,,,1,2026-08-24T10:00:16.507661+09:00,2026-08-24T10:00:17.598893+09:00
f6c954889d1e32baef74d121c3f5036a,2026-08-18,2026-08-18T12:32:00+09:00,2026-08-18T13:33:00+09:00,hs_kshop,KT알파쇼핑,닥터루템_알부민,닥터루템_알부민,닥터루템_알부민,,,,미분류,,식품,1,216,42768000,,,validated_paid_insert,paid_schedule_api,2026-08-24T10:00:17.598893+09:00,,,1,2026-08-24T10:00:16.507661+09:00,2026-08-24T10:00:17.598893+09:00
24c2fe06990ba2b0fbd267e66a144964,2026-08-18,2026-08-18T12:36:00+09:00,2026-08-18T13:37:00+09:00,hs_gsshopmyshop,GS홈쇼핑 마이샵,프로메가 알티지오메가3 비타민D 10박스,프로메가 알티지오메가3 비타민D 10박스,프로메가 알티지오메가3 비타민D 10박스,,,,미분류,,식품,1,198,21582000,,,validated_paid_insert,paid_schedule_api,2026-08-24T10:00:17.598893+09:00,,,1,2026-08-24T10:00:16.507661+09:00,2026-08-24T10:00:17.598893+09:00
5825411e8633ffc7645409ba7ca43090,2026-08-18,2026-08-18T12:40:00+09:00,2026-08-18T13:40:00+09:00,hs_gongyoung,공영쇼핑,농협맛선 균형미블랙 16.5kg(4kg*4포+맛책임제500g*1봉),농협맛선 균형미블랙 16.5kg,농협맛선 균형미블랙 16.5kg,,,,확인필요,농협맛선 균형미블랙 16.5kg,식품,10,438,34978200,,,validated_paid_insert,paid_schedule_api,2026-08-24T10:00:17.598893+09:00,,,1,2026-08-24T10:00:16.507661+09:00,2026-08-24T10:00:17.598893+09:00
d60a31767067d7e3d1d326503b3bf857,2026-08-18,2026-08-18T12:41:00+09:00,2026-08-18T13:43:00+09:00,hs_nsmallshopplus,NS홈쇼핑 샵플러스,제주갈치1,제주갈치1,제주갈치1,,,,미분류,,식품,1,726,43487400,,,validated_paid_insert,paid_schedule_api,2026-08-24T10:00:17.598893+09:00,,,1,2026-08-24T10:00:16.507661+09:00,2026-08-24T10:00:17.598893+09:00
ed7e2a5b310baae5da886c52b9ad1198,2026-08-18,2026-08-18T13:00:00+09:00,2026-08-18T13:40:00+09:00,hs_hmallplus,현대홈쇼핑 플러스샵,[방송에서만4+4]골드 카무트 효소 프리미엄 8박스,골드 카무트 효소 프리미엄 8박스,골드 카무트 효소,,건강식품/효소,효소,확정,골드 카무트 효소 프리미엄,식품,1,189,18711000,,,validated_paid_insert,paid_schedule_api,2026-08-24T10:00:17.598893+09:00,,,1,2026-08-24T10:00:16.507661+09:00,2026-08-24T10:00:17.598893+09:00
e8a2b83280eebb00d927e508a52a930e,2026-08-18,2026-08-18T13:15:00+09:00,2026-08-18T14:06:00+09:00,hs_hmall,현대홈쇼핑,[방송최다구성] 패밀리세트 비에날씬 프로 12박스+프로틴 2주+비에날씬 플러스 2박스,패밀리세트 비에날씬 프로 12박스+프로틴 2주+비에날씬 플러스 2박스,비에날씬 프로,비에날씬,다이어트 유산균,BNR17 유산균,확정,비에날씬프로,식품,4,229,134428000,,,validated_paid_insert,paid_schedule_api,2026-08-24T10:00:17.598893+09:00,,,1,2026-08-24T10:00:16.507661+09:00,2026-08-24T10:00:17.598893+09:00
d80ae7ae910075383822d552d32ea8a9,2026-08-18,2026-08-18T13:30:00+09:00,2026-08-18T14:31:00+09:00,hs_nsmall,NS홈쇼핑,이시형마그네슘,이시형마그네슘,이시형 박사의 인생 마그네슘,이시형,영양제/미네랄,마그네슘,확정,이시형마그네슘,식품,3,273,76167000,,,validated_paid_insert,paid_schedule_api,2026-08-24T10:00:17.598893+09:00,,,1,2026-08-24T10:00:16.507661+09:00,2026-08-24T10:00:17.598893+09:00
89bdf833a7f3c779b3aedb5a91cb0d4f,2026-08-18,2026-08-18T13:37:00+09:00,2026-08-18T13:57:00+09:00,hs_gsshopmyshop,GS홈쇼핑 마이샵,한생원 천연 육수팩 4팩(해물2 해장2) 천연버섯소금3종,한생원 천연 육수팩 4팩 천연버섯소금3종,한생원 천연 육수팩 4팩 천연버섯소금3종,,,,미분류,,식품,1,47,1640300,,,validated_paid_insert,paid_schedule_api,2026-08-24T10:00:17.598893+09:00,,,1,2026-08-24T10:00:16.507661+09:00,2026-08-24T10:00:17.598893+09:00
ff28f8cc1f980359187222ca4c7594d9,2026-08-18,2026-08-18T13:40:00+09:00,2026-08-18T14:45:00+09:00,hs_gongyoung,공영쇼핑,제주산 당찬여주 발효효소(10+1개월),제주산 당찬여주 발효효소,제주산 당찬여주 발효효소,,건강식품/혈당관리,,확정,제주산 당찬여주 발효효소,식품,2,627,119646000,,,validated_paid_insert,paid_schedule_api,2026-08-24T10:00:17.598893+09:00,,,1,2026-08-24T10:00:16.507661+09:00,2026-08-24T10:00:17.598893+09:00
36cd392646fd8d8a8833b84d90034b9d,2026-08-18,2026-08-18T13:41:00+09:00,2026-08-18T14:43:00+09:00,hs_nsmallshopplus,NS홈쇼핑 샵플러스,수박당근쥬스1,수박당근쥬스1,수박당근쥬스1,,,,미분류,,식품,3,378,15082200,,,validated_paid_insert,paid_schedule_api,2026-08-24T10:00:17.598893+09:00,,,1,2026-08-24T10:00:16.507661+09:00,2026-08-24T10:00:17.598893+09:00
e47d18aa2944bfd5d357bf89b5c0a9c4,2026-08-18,2026-08-18T13:45:00+09:00,2026-08-18T14:45:00+09:00,hs_cjonstyleplus,CJ온스타일 플러스,[선택1]멀티비타민 올인원 맨 30정 6박스+쇼핑백 2장,멀티비타민 올인원 맨 30정 6박스+쇼핑백 2장,멀티비타민 올인원 맨 30정 6박스+쇼핑백 2장,,,,미분류,,식품,4,314,24806000,,,validated_paid_insert,paid_schedule_api,2026-08-24T10:00:17.598893+09:00,,,1,2026-08-24T10:00:16.507661+09:00,2026-08-24T10:00:17.598893+09:00
e0b5f695b88c8c80058d1f9c5564b284,2026-08-18,2026-08-18T13:57:00+09:00,2026-08-18T14:57:00+09:00,hs_gsshopmyshop,GS홈쇼핑 마이샵,하루틴 리포좀 비타민C 프로 손흥민 패키지 12+ 3개월분(총 15개월분)+비타민C 스틱 3박스,하루틴 리포좀 비타민C 프로 손흥민 패키지 12+ 3개월분 +비타민C 스틱 3박스,하루틴 리포좀 비타민C 프로 손흥민 패키지 12+ 3개월분 +비타민C 스틱 3박스,,,,미분류,,식품,2,102,20318000,,,validated_paid_insert,paid_schedule_api,2026-08-24T10:00:17.598893+09:00,,,1,2026-08-24T10:00:16.507661+09:00,2026-08-24T10:00:17.598893+09:00
7554223a850d7b84f1ffb93862620cb5,2026-08-18,2026-08-18T14:20:00+09:00,2026-08-18T15:10:00+09:00,hs_hnsmall,홈앤쇼핑,"[해동찬가]26년 햇 멸치세트(볶음용 150g x 3봉, 조림용 150g x  5봉, 총 8봉 총 1.2kg)",26년 햇 멸치세트,26년 햇 멸치세트,,,,미분류,,식품,1,2388,71401200,,,validated_paid_insert,paid_schedule_api,2026-08-24T10:00:17.598893+09:00,,,1,2026-08-24T10:00:16.507661+09:00,2026-08-24T10:00:17.598893+09:00
13f17e0195cae6e8ecf0a4e1dbb4daa7,2026-08-18,2026-08-18T14:31:00+09:00,2026-08-18T15:31:00+09:00,hs_skstoa,SK스토아,(방송에서만)알티지오메가3 비타민D 12박스에 4박스 더 (추가구성 천관보정 2개월분) | 원산지 : 상품정보 참조,알티지오메가3 비타민D 12박스에 4박스 더 | 원산지 : 상품정보 참조,알티지오메가3 비타민D 12박스에 4박스 더 | 원산지 : 상품정보 참조,,,,확인필요,알티지오메가3 비타민D 12박스에 4박스 더 | 원산지 : 상품정보 참조,식품,1,65,10270000,,,validated_paid_insert,paid_schedule_api,2026-08-24T10:00:17.598893+09:00,,,1,2026-08-24T10:00:16.507661+09:00,2026-08-24T10:00:17.598893+09:00
9292a3be8b035ac471a4be384e87aa78,2026-08-18,2026-08-18T14:34:00+09:00,2026-08-18T15:34:00+09:00,hs_shopntmall,쇼핑엔티,[50％세일] 닥터린 콘드로이친1200 콘레이티+MBP 12개월분 + 비타민K2 2박스,닥터린 콘드로이친1200 콘레이티+MBP 12개월분 + 비타민K2 2박스,닥터린 콘드로이친1200 콘레이티+MBP 12개월분 + 비타민K2 2박스,,,,미분류,,식품,2,148,23501000,,,validated_paid_insert,paid_schedule_api,2026-08-24T10:00:17.598893+09:00,,,1,2026-08-24T10:00:16.507661+09:00,2026-08-24T10:00:17.598893+09:00
a7b0ed4367e5a1ed1f475820c043e3bb,2026-08-18,2026-08-18T14:35:00+09:00,2026-08-18T15:35:00+09:00,hs_gsshop,GS홈쇼핑,프리메로 블루베리 리얼 100% 1박스 10포 (1박스 10포),프리메로 블루베리 리얼 100% 1박스 10포,프리메로 블루베리 리얼,프리메로,과채주스/베리,블루베리,확정,프리메로 블루베리 리얼,식품,2,337,42393000,,,validated_paid_insert,paid_schedule_api,2026-08-24T10:00:17.598893+09:00,,,1,2026-08-24T10:00:16.507661+09:00,2026-08-24T10:00:17.598893+09:00
f393a3c0e819b9468e2790e3d453025b,2026-08-18,2026-08-18T14:40:00+09:00,2026-08-18T15:20:00+09:00,hs_hmallplus,현대홈쇼핑 플러스샵,김오곤 원장의 한방(Onepunch) 다이어트환 4+1박스(총10주분),김오곤 원장의 한방 다이어트환 4+1박스,김오곤 원장의 한방 다이어트 환,김오곤,다이어트,한방 환,확정,김오곤 원장의 한방 다이어트 환,식품,1,158,15642000,,,validated_paid_insert,paid_schedule_api,2026-08-24T10:00:17.598893+09:00,,,1,2026-08-24T10:00:16.507661+09:00,2026-08-24T10:00:17.598893+09:00
896add27ef88878dc0489af6bb936ea5,2026-08-18,2026-08-18T14:41:00+09:00,2026-08-18T15:42:00+09:00,hs_nsmallshopplus,NS홈쇼핑 샵플러스,한복선1,한복선1,한복선1,,,,미분류,,식품,1,996,39740400,,,validated_paid_insert,paid_schedule_api,2026-08-24T10:00:17.598893+09:00,,,1,2026-08-24T10:00:16.507661+09:00,2026-08-24T10:00:17.598893+09:00
67bd2618816d9ff72f8fe5d641bbbd27,2026-08-18,2026-08-18T14:45:00+09:00,2026-08-18T15:40:00+09:00,hs_gongyoung,공영쇼핑,고기담은밥상 연탄석쇠불고기 180g x 8팩 (간장맛4팩+고추장맛4팩),고기담은밥상 연탄석쇠불고기 180g x 8팩,고기담은밥상 연탄석쇠불고기 180g x 8팩,,,,미분류,,식품,1,1946,54293400,,,validated_paid_insert,paid_schedule_api,2026-08-24T10:00:17.598893+09:00,,,1,2026-08-24T10:00:16.507661+09:00,2026-08-24T10:00:17.598893+09:00
eee2145eb730b3f8932f5a9cfe470415,2026-08-18,2026-08-18T15:00:00+09:00,2026-08-18T15:40:00+09:00,hs_lotteimallonetv,롯데원티비,[지니트레저] ★65프로 킹세일★ [12박스] 알파 슬림핏 알파CD (4 g x 15포 x 12박스),★65프로 킹세일★ 알파 슬림핏 알파CD,★65프로 킹세일★ 알파 슬림핏 알파CD,,,,미분류,,식품,1,69,6230700,,,validated_paid_insert,paid_schedule_api,2026-08-24T10:00:17.598893+09:00,,,1,2026-08-24T10:00:16.507661+09:00,2026-08-24T10:00:17.598893+09:00
e71bb37e5810d6f622b0c92c1c01b06f,2026-08-18,2026-08-18T15:10:00+09:00,2026-08-18T16:00:00+09:00,hs_hnsmall,홈앤쇼핑,[사은품쑥개떡] 굳지않는 저당 절편세트+쑥개떡 (총 2.75kg/7봉),굳지않는 저당 절편세트+쑥개떡,굳지않는 저당 절편세트+쑥개떡,,,,미분류,,식품,3,1392,55323600,,,validated_paid_insert,paid_schedule_api,2026-08-24T10:00:17.598893+09:00,,,1,2026-08-24T10:00:16.507661+09:00,2026-08-24T10:00:17.598893+09:00
3ad6aefc4b432b738ede7e50554923c9,2026-08-18,2026-08-18T15:33:00+09:00,2026-08-18T16:38:00+09:00,hs_kshop,KT알파쇼핑,임성근_특소곱창전골,임성근_특소곱창전골,임성근_특소곱창전골,,,,미분류,,식품,10,1593,78931700,,,validated_paid_insert,paid_schedule_api,2026-08-24T10:00:17.598893+09:00,,,1,2026-08-24T10:00:16.507661+09:00,2026-08-24T10:00:17.598893+09:00
c38b5cee40b60cfc3bf183def1183b91,2026-08-18,2026-08-18T15:35:00+09:00,2026-08-18T16:35:00+09:00,hs_lotteimall,롯데홈쇼핑,[역대 최다구성][산양유]♥더블구성♥하이뮨 프로틴 밸런스 알파 12통+후디스 유기농 블루베리 100 1박스(14포),♥더블구성♥하이뮨 프로틴 밸런스 알파 12통+후디스 유기농 블루베리 100 1박스,♥더블구성♥하이뮨 프로틴 밸런스 알파 12통+후디스 유기농 블루베리 100 1박스,,,,미분류,,식품,2,44,12315000,,,validated_paid_insert,paid_schedule_api,2026-08-24T10:00:17.598893+09:00,,,1,2026-08-24T10:00:16.507661+09:00,2026-08-24T10:00:17.598893+09:00
96bd5677e787287d47fefc8f72d3ec4a,2026-08-18,2026-08-18T15:40:00+09:00,2026-08-18T16:40:00+09:00,hs_gongyoung,공영쇼핑,[우리참바다 ]국내산 반건조 우럭 230g×10마리,국내산 반건조 우럭 230g×10마리,국내산 반건조 우럭 230g×10마리,,,,미분류,,식품,3,1525,91077500,,,validated_paid_insert,paid_schedule_api,2026-08-24T10:00:17.598893+09:00,,,1,2026-08-24T10:00:16.507661+09:00,2026-08-24T10:00:17.598893+09:00
0d30b75179358a8cb66783afd2bcace6,2026-08-18,2026-08-18T15:42:00+09:00,2026-08-18T16:44:00+09:00,hs_nsmallshopplus,NS홈쇼핑 샵플러스,제주고사리1,제주고사리1,제주고사리1,,,,확인필요,제주고사리1,식품,3,1839,55026100,,,validated_paid_insert,paid_schedule_api,2026-08-24T10:00:17.598893+09:00,,,1,2026-08-24T10:00:16.507661+09:00,2026-08-24T10:00:17.598893+09:00
a3889b495e197bf83483e1a8bdacc843,2026-08-18,2026-08-18T15:45:00+09:00,2026-08-18T16:41:00+09:00,hs_hmall,현대홈쇼핑,[보넬드]아이엠 당근주스 15병(1000ml x 15병),아이엠 당근주스 15병,보넬드 아이엠 당근주스,보넬드,과채주스,당근,확정,아이엠 당근주스,식품,1,790,96380000,,,validated_paid_insert,paid_schedule_api,2026-08-24T10:00:17.598893+09:00,,,1,2026-08-24T10:00:16.507661+09:00,2026-08-24T10:00:17.598893+09:00
a5dcf007e7d9049726211d3ac839be9b,2026-08-18,2026-08-18T16:00:00+09:00,2026-08-18T16:40:00+09:00,hs_hnsmall,홈앤쇼핑,[황장군골드라벨] 일품 왕 갈비탕 1kg x 8팩,일품 왕 갈비탕 1kg x 8팩,일품 왕 갈비탕 1kg x 8팩,,,,확인필요,일품 왕 갈비탕 1kg x 8팩,식품,2,478,36758200,,,validated_paid_insert,paid_schedule_api,2026-08-24T10:00:17.598893+09:00,,,1,2026-08-24T10:00:16.507661+09:00,2026-08-24T10:00:17.598893+09:00
d67d643d1f49e3822c85fa502e676423,2026-08-18,2026-08-18T16:30:00+09:00,2026-08-18T17:11:00+09:00,hs_nsmall,NS홈쇼핑,손질문어,손질문어,손질문어,,,,미분류,,식품,1,1522,75947800,,,validated_paid_insert,paid_schedule_api,2026-08-24T10:00:17.598893+09:00,,,1,2026-08-24T10:00:16.507661+09:00,2026-08-24T10:00:17.598893+09:00
e79ddad748a9b1349a0fac84e9224a35,2026-08-18,2026-08-18T16:30:00+09:00,2026-08-18T17:30:00+09:00,hs_cjonstyle,CJ온스타일,1.최다구성 에버콜라겐 타임레티놀A 18개월 +30포 더,1.최다구성 에버콜라겐 타임레티놀A 18개월 +30포 더,1.최다구성 에버콜라겐 타임레티놀A 18개월 +30포 더,,,,미분류,,식품,3,117,38678000,,,validated_paid_insert,paid_schedule_api,2026-08-24T10:00:17.598893+09:00,,,1,2026-08-24T10:00:16.507661+09:00,2026-08-24T10:00:17.598893+09:00
fc1b567715c5f39fa48a59ca4a3747e2,2026-08-18,2026-08-18T16:31:00+09:00,2026-08-18T17:31:00+09:00,hs_skstoa,SK스토아,*(10프로즉시할인)워커힐 포기김치9kg | 원산지 : 상품정보 참조,* 워커힐 포기김치9kg | 원산지 : 상품정보 참조,* 워커힐 포기김치9kg | 원산지 : 상품정보 참조,,,,미분류,,식품,2,816,53165160,,,validated_paid_insert,paid_schedule_api,2026-08-24T10:00:17.598893+09:00,,,1,2026-08-24T10:00:16.507661+09:00,2026-08-24T10:00:17.598893+09:00
529b731fc38719670824638af632d4be,2026-08-18,2026-08-18T16:33:00+09:00,2026-08-18T17:33:00+09:00,hs_shopntmall,쇼핑엔티,[수산대전] 국내산 손질 생생 고등어 32쪽,국내산 손질 생생 고등어 32쪽,국내산 손질 생생 고등어 32쪽,,,,미분류,,식품,1,1379,50885100,,,validated_paid_insert,paid_schedule_api,2026-08-24T10:00:17.598893+09:00,,,1,2026-08-24T10:00:16.507661+09:00,2026-08-24T10:00:17.598893+09:00
1aa493afe8266e6c47857af9dd14f0e3,2026-08-18,2026-08-18T16:34:00+09:00,2026-08-18T17:35:00+09:00,hs_shinsegae,신세계쇼핑,[조선호텔] 한입 안심 찹 스테이크 430g x 4팩 (약 8인분),한입 안심 찹 스테이크 430g x 4팩,한입 안심 찹 스테이크 430g x 4팩,,,,미분류,,식품,8,1076,64314400,,,validated_paid_insert,paid_schedule_api,2026-08-24T10:00:17.598893+09:00,,,1,2026-08-24T10:00:16.507661+09:00,2026-08-24T10:00:17.598893+09:00
370ae9c02fb1aac6ffab6e4087604a75,2026-08-18,2026-08-18T16:34:00+09:00,2026-08-18T17:18:00+09:00,hs_kshop,KT알파쇼핑,종근당건강_알티지오메가3,종근당건강_알티지오메가3,종근당건강_알티지오메가3,,,,확인필요,종근당건강_알티지오메가3,식품,1,179,31862000,,,validated_paid_insert,paid_schedule_api,2026-08-24T10:00:17.598893+09:00,,,1,2026-08-24T10:00:16.507661+09:00,2026-08-24T10:00:17.598893+09:00
bb31d784293a6f9fd299f60213ed56f9,2026-08-18,2026-08-18T16:34:00+09:00,2026-08-18T17:35:00+09:00,hs_shinsegae,신세계쇼핑,제주 보우짱 미니 밤호박 9kg(과당 300~500g / 18~30개),제주 보우짱 미니 밤호박 9kg,제주 보우짱 미니 밤호박 9kg,,,,확인필요,제주 보우짱 미니 밤호박 9kg,식품,3,1506,41241400,,,validated_paid_insert,paid_schedule_api,2026-08-24T10:00:17.598893+09:00,,,1,2026-08-24T10:00:16.507661+09:00,2026-08-24T10:00:17.598893+09:00
9d36493bee6c3c9177826bba9576f73c,2026-08-18,2026-08-18T16:35:00+09:00,2026-08-18T17:35:00+09:00,hs_gsshop,GS홈쇼핑,덴프스 LGG 덴마크 유산균이야기 12개월분,덴프스 LGG 덴마크 유산균이야기 12개월분,덴프스 덴마크 유산균 이야기,덴프스,유산균,유산균,확정,덴프스 LGG 덴마크 유산균이야기,식품,2,397,77758000,,,validated_paid_insert,paid_schedule_api,2026-08-24T10:00:17.598893+09:00,,,1,2026-08-24T10:00:16.507661+09:00,2026-08-24T10:00:17.598893+09:00
a65d05a2a6cc9c8715e692b1777ca970,2026-08-18,2026-08-18T16:35:00+09:00,2026-08-18T17:35:00+09:00,hs_lotteimall,롯데홈쇼핑,[방송에서만 9+3박스]제니즈베리 블루베리 퓨레 100 12박스(20g*14포*12박스),제니즈베리 블루베리 퓨레 100 12박스,제니즈베리 블루베리 퓨레 100 12박스,,,,미분류,,식품,2,478,59945000,,,validated_paid_insert,paid_schedule_api,2026-08-24T10:00:17.598893+09:00,,,1,2026-08-24T10:00:16.507661+09:00,2026-08-24T10:00:17.598893+09:00
c1594ccc0e0f45c9e9c68eae355f0f6a,2026-08-18,2026-08-18T16:38:00+09:00,2026-08-18T17:38:00+09:00,hs_gsshopmyshop,GS홈쇼핑 마이샵,유단백추출물 뼈엔 엠비피 MBP 12개월분 + 주영 오메가 2개월분,유단백추출물 뼈엔 엠비피 MBP 12개월분 + 주영 오메가 2개월분,뼈엔 MBP,뼈엔,건강식품/뼈건강,MBP,확정,뼈엔 엠비피 MBP,식품,2,296,124022000,,,validated_paid_insert,paid_schedule_api,2026-08-24T10:00:17.598893+09:00,,,1,2026-08-24T10:00:16.507661+09:00,2026-08-24T10:00:17.598893+09:00
1563883e6693079e35e309aca34cd9da,2026-08-18,2026-08-18T16:40:00+09:00,2026-08-18T17:40:00+09:00,hs_hnsmall,홈앤쇼핑,뼈엔 엠비피 MBP 12개월분 + 식물성 오메가3 2개월분,뼈엔 엠비피 MBP 12개월분 + 식물성 오메가3 2개월분,뼈엔 MBP,뼈엔,건강식품/뼈건강,MBP,확정,뼈엔 엠비피 MBP,식품,2,285,115344000,,,validated_paid_insert,paid_schedule_api,2026-08-24T10:00:17.598893+09:00,,,1,2026-08-24T10:00:16.507661+09:00,2026-08-24T10:00:17.598893+09:00
3caf03c4d02ffcc27b4f1c89e4fc1e0c,2026-08-18,2026-08-18T16:40:00+09:00,2026-08-18T18:00:00+09:00,hs_hmallplus,현대홈쇼핑 플러스샵,[2026년산 햇고추] 태양초 청결 햇 고춧가루 3kg(500g 6팩),태양초 청결 햇 고춧가루 3kg,태양초 청결 햇 고춧가루,,조미식품,고추,확정,태양초 청결 햇 고춧가루,식품,2,1348,124499700,,,validated_paid_insert,paid_schedule_api,2026-08-24T10:00:17.598893+09:00,,,1,2026-08-24T10:00:16.507661+09:00,2026-08-24T10:00:17.598893+09:00
6432b3a661d1d078c52b403d9d5d8842,2026-08-18,2026-08-18T16:40:00+09:00,2026-08-18T17:40:00+09:00,hs_lotteimallonetv,롯데원티비,[신정애] ☆방송에서만 반값+1박스 더☆ 신정애 원장의 싹빼 다이어트 환 4+1박스(5 g x 28포 x 5박스),☆방송에서만 반값+1박스 더☆ 신정애 원장의 싹빼 다이어트 환 4+1박스,☆방송에서만 반값+1박스 더☆ 신정애 원장의 싹빼 다이어트 환 4+1박스,,,,미분류,,식품,1,126,12348000,,,validated_paid_insert,paid_schedule_api,2026-08-24T10:00:17.598893+09:00,,,1,2026-08-24T10:00:16.507661+09:00,2026-08-24T10:00:17.598893+09:00
36dded56ba7484dee23cfcacfb9e9ec5,2026-08-18,2026-08-18T16:42:00+09:00,2026-08-18T18:04:00+09:00,hs_nsmallshopplus,NS홈쇼핑 샵플러스,주원산 훈제오리 1,주원산 훈제오리 1,주원산 훈제오리 1,,,,확인필요,주원산 훈제오리 1,식품,3,1730,68977000,,,validated_paid_insert,paid_schedule_api,2026-08-24T10:00:17.598893+09:00,,,1,2026-08-24T10:00:16.507661+09:00,2026-08-24T10:00:17.598893+09:00
e0bca9c0f3cd80349a43a7019b27d7c9,2026-08-18,2026-08-18T16:45:00+09:00,2026-08-18T17:45:00+09:00,hs_cjonstyleplus,CJ온스타일 플러스,[정담식] 조리기능장의 한끗다른 포기김치 10kg,조리기능장의 한끗다른 포기김치 10kg,조리기능장의 한끗다른 포기김치 10kg,,,,미분류,,식품,1,1851,73854900,,,validated_paid_insert,paid_schedule_api,2026-08-24T10:00:17.598893+09:00,,,1,2026-08-24T10:00:16.507661+09:00,2026-08-24T10:00:17.598893+09:00
5f14c3ed3ed6eee1f03e876778380f21,2026-08-18,2026-08-18T17:10:00+09:00,2026-08-18T17:52:00+09:00,hs_nsmall,NS홈쇼핑,사조연어회,사조연어회,사조연어회,,,,미분류,,식품,4,1137,56710300,,,validated_paid_insert,paid_schedule_api,2026-08-24T10:00:17.598893+09:00,,,1,2026-08-24T10:00:16.507661+09:00,2026-08-24T10:00:17.598893+09:00
81eb2ce5d7138feb337b5cb757a10b9b,2026-08-18,2026-08-18T17:13:00+09:00,2026-08-18T17:38:00+09:00,hs_kshop,KT알파쇼핑,종근당건강_알티지오메가3,종근당건강_알티지오메가3,종근당건강_알티지오메가3,,,,확인필요,종근당건강_알티지오메가3,식품,1,99,17622000,,,validated_paid_insert,paid_schedule_api,2026-08-24T10:00:17.598893+09:00,,,1,2026-08-24T10:00:16.507661+09:00,2026-08-24T10:00:17.598893+09:00
5d625cda903dce26e5e625cd2e17523d,2026-08-18,2026-08-18T17:33:00+09:00,2026-08-18T18:32:00+09:00,hs_shopntmall,쇼핑엔티,[초특가] 대원제약 아스타잔틴 루테인지아잔틴(아스타루지) 20개월분 + 저압냄비,대원제약 아스타잔틴 루테인지아잔틴 20개월분 + 저압냄비,대원제약 아스타잔틴 루테인지아잔틴 20개월분 + 저압냄비,,,,미분류,,식품,1,253,34914000,,,validated_paid_insert,paid_schedule_api,2026-08-24T10:00:17.598893+09:00,,,1,2026-08-24T10:00:16.507661+09:00,2026-08-24T10:00:17.598893+09:00
979aa68b17ed52c98872c5c441654021,2026-08-18,2026-08-18T17:34:00+09:00,2026-08-18T18:35:00+09:00,hs_shinsegae,신세계쇼핑,조선호텔 한우 불고기  300g x 6팩,조선호텔 한우 불고기 300g x 6팩,조선호텔 한우 불고기 300g x 6팩,,,,미분류,,식품,6,810,61109000,,,validated_paid_insert,paid_schedule_api,2026-08-24T10:00:17.598893+09:00,,,1,2026-08-24T10:00:16.507661+09:00,2026-08-24T10:00:17.598893+09:00
a09c19421fa01e76793a8bc5519af6ff,2026-08-18,2026-08-18T17:34:00+09:00,2026-08-18T18:35:00+09:00,hs_shinsegae,신세계쇼핑,[맑은물에] 김석원 백태 낫또 45.5g x 34개,김석원 백태 낫또 45.5g x 34개,김석원 백태 낫또 45.5g x 34개,,,,확인필요,김석원 백태 낫또 45.5g x 34개,식품,3,755,24839500,,,validated_paid_insert,paid_schedule_api,2026-08-24T10:00:17.598893+09:00,,,1,2026-08-24T10:00:16.507661+09:00,2026-08-24T10:00:17.598893+09:00
8de23720a7da0ec3dbde4c5e977ce2f0,2026-08-18,2026-08-18T17:35:00+09:00,2026-08-18T18:31:00+09:00,hs_hmall,현대홈쇼핑,[추가구성 : 오메가3 2박스]관절엔 콘드로이친 1200 12개월분(900mgX60정X12박스),관절엔 콘드로이친 1200 12개월분,관절엔 콘드로이친,관절엔,건강식품/관절,콘드로이친,확정,관절엔 콘드로이친,식품,4,301,164314000,,,validated_paid_insert,paid_schedule_api,2026-08-24T10:00:17.598893+09:00,,,1,2026-08-24T10:00:16.507661+09:00,2026-08-24T10:00:17.598893+09:00
e8ab9d68fdd120f3e075d1e0ee35e3a3,2026-08-18,2026-08-18T17:35:00+09:00,2026-08-18T18:35:00+09:00,hs_gsshop,GS홈쇼핑,종가 중부식 포기김치 10.4kg (5.2kg X 2),종가 중부식 포기김치 10.4kg,종가 중부식 포기김치 10.4kg,,,,확인필요,종가 중부식 포기김치 10.4kg,식품,3,2076,165872400,,,validated_paid_insert,paid_schedule_api,2026-08-24T10:00:17.598893+09:00,,,1,2026-08-24T10:00:16.507661+09:00,2026-08-24T10:00:17.598893+09:00
c0db3a0cb3320076d8a9b7f5be798edb,2026-08-18,2026-08-18T17:38:00+09:00,2026-08-18T18:38:00+09:00,hs_gsshopmyshop,GS홈쇼핑 마이샵,궁키친 이상민 블랙타이거 새우 5팩 100미 + 갈릭 감바스소스 1병,궁키친 이상민 블랙타이거 새우 5팩 100미 + 갈릭 감바스소스 1병,궁키친 이상민 블랙타이거 새우 5팩 100미 + 갈릭 감바스소스 1병,,,,미분류,,식품,1,1387,91403300,,,validated_paid_insert,paid_schedule_api,2026-08-24T10:00:17.598893+09:00,,,1,2026-08-24T10:00:16.507661+09:00,2026-08-24T10:00:17.598893+09:00
a663669eede82f067a8bd48935df536b,2026-08-18,2026-08-18T17:40:00+09:00,2026-08-18T18:40:00+09:00,hs_gongyoung,공영쇼핑,국내산∙자연산 반건조 참돔 300g×7+1마리 [방송최다구성],국내산∙자연산 반건조 참돔 300g×7+1마리,국내산∙자연산 반건조 참돔 300g×7+1마리,,,,미분류,,식품,1,2489,99311100,,,validated_paid_insert,paid_schedule_api,2026-08-24T10:00:17.598893+09:00,,,1,2026-08-24T10:00:16.507661+09:00,2026-08-24T10:00:17.598893+09:00
5686feac40ccdf84e813e8ee0bf69a63,2026-08-18,2026-08-18T18:00:00+09:00,2026-08-18T18:40:00+09:00,hs_hmallplus,현대홈쇼핑 플러스샵,포항건조 반건조오징어 550g x 2팩(팩당 5미 / 총 1.1kg),포항건조 반건조오징어 550g x 2팩,포항건조 반건조오징어 550g x 2팩,,,,미분류,,식품,1,273,12530700,,,validated_paid_insert,paid_schedule_api,2026-08-24T10:00:17.598893+09:00,,,1,2026-08-24T10:00:16.507661+09:00,2026-08-24T10:00:17.598893+09:00
63093afc8d01ab55ce4f7ce0be9ec0a6,2026-08-18,2026-08-18T18:02:00+09:00,2026-08-18T19:04:00+09:00,hs_nsmallshopplus,NS홈쇼핑 샵플러스,다모고구마1,다모고구마1,다모고구마1,,,,확인필요,다모고구마1,식품,1,1782,53281800,,,validated_paid_insert,paid_schedule_api,2026-08-24T10:00:17.598893+09:00,,,1,2026-08-24T10:00:16.507661+09:00,2026-08-24T10:00:17.598893+09:00
5326f20ff0e534b3322dcabad0504524,2026-08-18,2026-08-18T18:30:00+09:00,2026-08-18T19:31:00+09:00,hs_nsmall,NS홈쇼핑,정성곳간갈비탕,정성곳간갈비탕,정성곳간갈비탕,,,,미분류,,식품,4,2233,111164490,,,validated_paid_insert,paid_schedule_api,2026-08-24T10:00:17.598893+09:00,,,1,2026-08-24T10:00:16.507661+09:00,2026-08-24T10:00:17.598893+09:00
99b1d8eaf9ba672e9c11189bc3b5d078,2026-08-18,2026-08-18T18:31:00+09:00,2026-08-18T19:31:00+09:00,hs_skstoa,SK스토아,2026 영양 빛깔찬 햇고춧가루 2kg (500gX4팩) | 원산지 : 상품정보 참조,2026 영양 빛깔찬 햇고춧가루 2kg | 원산지 : 상품정보 참조,2026 영양 빛깔찬 햇고춧가루 2kg | 원산지 : 상품정보 참조,,,,확인필요,2026 영양 빛깔찬 햇고춧가루 2kg | 원산지 : 상품정보 참조,식품,2,516,59962200,,,validated_paid_insert,paid_schedule_api,2026-08-24T10:00:17.598893+09:00,,,1,2026-08-24T10:00:16.507661+09:00,2026-08-24T10:00:17.598893+09:00
531ac70d785c58c6b3a79602c0c22b2c,2026-08-18,2026-08-18T18:32:00+09:00,2026-08-18T19:32:00+09:00,hs_shopntmall,쇼핑엔티,(쇼핑엔티 단독구성)비에날씬 유산균 36주분+슬림플러스 4주분+미니냉장고(4L),비에날씬 유산균 36주분+슬림플러스 4주분+미니냉장고,비에날씬 유산균 36주분+슬림플러스 4주분+미니냉장고,,,,미분류,,식품,3,59,25344000,,,validated_paid_insert,paid_schedule_api,2026-08-24T10:00:17.598893+09:00,,,1,2026-08-24T10:00:16.507661+09:00,2026-08-24T10:00:17.598893+09:00
0ee6a58ecbd5925675d519092384b7d4,2026-08-18,2026-08-18T18:35:00+09:00,2026-08-18T19:35:00+09:00,hs_gsshop,GS홈쇼핑,비에날씬 프로 다이어트 유산균(3박스),비에날씬 프로 다이어트 유산균,비에날씬 프로,비에날씬,다이어트 유산균,BNR17 유산균,확정,비에날씬프로,식품,3,496,220870000,,,validated_paid_insert,paid_schedule_api,2026-08-24T10:00:17.598893+09:00,,,1,2026-08-24T10:00:16.507661+09:00,2026-08-24T10:00:17.598893+09:00
d1dcfdfaf3ee07b43e5a726c0fab490d,2026-08-18,2026-08-18T18:35:00+09:00,2026-08-18T19:35:00+09:00,hs_lotteimall,롯데홈쇼핑,[방송에서만]끼리 크림치즈 베이글 3종 17개입(블루베리6+대파6+토마토올리브5),끼리 크림치즈 베이글 3종 17개입,끼리 크림치즈 베이글 3종 17개입,,,,미분류,,식품,1,1616,101646400,,,validated_paid_insert,paid_schedule_api,2026-08-24T10:00:17.598893+09:00,,,1,2026-08-24T10:00:16.507661+09:00,2026-08-24T10:00:17.598893+09:00
251041a9214c508736ade13d85b27a2b,2026-08-18,2026-08-18T18:40:00+09:00,2026-08-18T19:40:00+09:00,hs_lotteimallonetv,롯데원티비,[방송에서만]베키아에누보 치아바타 샌드위치 총24개(O),베키아에누보 치아바타 샌드위치 총24개,베키아에누보 치아바타 샌드위치 총24개,,,,미분류,,식품,1,319,19108100,,,validated_paid_insert,paid_schedule_api,2026-08-24T10:00:17.598893+09:00,,,1,2026-08-24T10:00:16.507661+09:00,2026-08-24T10:00:17.598893+09:00
517c7cf250bc51472782377ec209a2a5,2026-08-18,2026-08-18T18:40:00+09:00,2026-08-18T19:40:00+09:00,hs_gongyoung,공영쇼핑,2026 농협 김제 밤고구마 7kg_M/L사이즈랜덤,2026 농협 김제 밤고구마 7kg_M/L사이즈랜덤,2026 농협 김제 밤고구마 7kg_M/L사이즈랜덤,,,,미분류,,식품,1,5003,149589700,,,validated_paid_insert,paid_schedule_api,2026-08-24T10:00:17.598893+09:00,,,1,2026-08-24T10:00:16.507661+09:00,2026-08-24T10:00:17.598893+09:00
948bc270bd03f35e478782e9f02ccc17,2026-08-18,2026-08-18T18:40:00+09:00,2026-08-18T19:35:00+09:00,hs_hnsmall,홈앤쇼핑,"[제주가마당]제주은갈치 300g x 7팩(1팩당 4토막, 총2.1kg, 28토막)",제주은갈치 300g x 7팩,제주은갈치 300g x 7팩,,,,미분류,,식품,1,1591,111210900,,,validated_paid_insert,paid_schedule_api,2026-08-24T10:00:17.598893+09:00,,,1,2026-08-24T10:00:16.507661+09:00,2026-08-24T10:00:17.598893+09:00
e148f393678438b626a7cf3899471520,2026-08-18,2026-08-18T18:40:00+09:00,2026-08-18T19:40:00+09:00,hs_hmallplus,현대홈쇼핑 플러스샵,[농할] 국내산 경북 햇 아삭이복숭아 5kg / 총 21∼25과 [방송에서만 이가격],국내산 경북 햇 아삭이복숭아 5kg / 총 21∼25과,국내산 경북 햇 아삭이복숭아 5kg / 총 21∼25과,,,,미분류,,식품,2,1748,69753200,,,validated_paid_insert,paid_schedule_api,2026-08-24T10:00:17.598893+09:00,,,1,2026-08-24T10:00:16.507661+09:00,2026-08-24T10:00:17.598893+09:00
0f6cf0308c606fea55b8ac72f9c577b1,2026-08-18,2026-08-18T19:02:00+09:00,2026-08-18T20:23:00+09:00,hs_nsmallshopplus,NS홈쇼핑 샵플러스,고춧가루5,고춧가루5,고춧가루5,,,,미분류,,식품,2,365,38251500,,,validated_paid_insert,paid_schedule_api,2026-08-24T10:00:17.598893+09:00,,,1,2026-08-24T10:00:16.507661+09:00,2026-08-24T10:00:17.598893+09:00
8bcb8157527748d1dd81b9fab5d7817a,2026-08-18,2026-08-18T19:30:00+09:00,2026-08-18T20:36:00+09:00,hs_nsmall,NS홈쇼핑,골드파로효소,골드파로효소,골드 파로효소,,건강식품/효소,효소,확정,골드파로효소,식품,11,1000,208960000,,,validated_paid_insert,paid_schedule_api,2026-08-24T10:00:17.598893+09:00,,,1,2026-08-24T10:00:16.507661+09:00,2026-08-24T10:00:17.598893+09:00
6474a8afcd195969be7b620b2a76cf05,2026-08-18,2026-08-18T19:35:00+09:00,2026-08-18T20:36:00+09:00,hs_shinsegae,신세계쇼핑,대상 뉴케어 구수한맛 밸런스업 144팩 (총6박스),대상 뉴케어 구수한맛 밸런스업 144팩,대상 뉴케어 구수한맛 밸런스업 144팩,,,,미분류,,식품,5,104,25850900,,,validated_paid_insert,paid_schedule_api,2026-08-24T10:00:17.598893+09:00,,,1,2026-08-24T10:00:16.507661+09:00,2026-08-24T10:00:17.598893+09:00
a8e28d804c3a834b5cbe2bfbc5907b2d,2026-08-18,2026-08-18T19:35:00+09:00,2026-08-18T21:45:00+09:00,hs_cjonstyle,CJ온스타일,[최초공개 김창옥쇼에서만] 슈퍼콜라겐 마스크팩 2.0 ECM ACTIVE 60매+부스터세럼 70ml 1개,슈퍼콜라겐 마스크팩 2.0 ECM ACTIVE 60매+부스터세럼 70ml 1개,슈퍼콜라겐 마스크팩 2.0 ECM ACTIVE 60매+부스터세럼 70ml 1개,,,,미분류,,식품,10,3634,583406000,,,validated_paid_insert,paid_schedule_api,2026-08-24T10:00:17.598893+09:00,,,1,2026-08-24T10:00:16.507661+09:00,2026-08-24T10:00:17.598893+09:00
84c514009ff4016b9e8b44d214d6c241,2026-08-18,2026-08-18T20:23:00+09:00,2026-08-18T21:44:00+09:00,hs_nsmallshopplus,NS홈쇼핑 샵플러스,해남땅끝마을김치1,해남땅끝마을김치1,해남땅끝마을김치,,김치,배추,확정,해남땅끝마을김치,식품,2,2369,87416100,,,validated_paid_insert,paid_schedule_api,2026-08-24T10:00:17.598893+09:00,,,1,2026-08-24T10:00:16.507661+09:00,2026-08-24T10:00:17.598893+09:00
a3294ea695c26871e74410fd2bdc4a55,2026-08-18,2026-08-18T20:33:00+09:00,2026-08-18T21:33:00+09:00,hs_shopntmall,쇼핑엔티,[50％세일] 골드 카무트 효소 12박스 +  파로 5봉 + 복부마사지기,골드 카무트 효소 12박스 + 파로 5봉 + 복부마사지기,골드 카무트 효소 12박스 + 파로 5봉 + 복부마사지기,,,,미분류,,식품,1,356,70488000,,,validated_paid_insert,paid_schedule_api,2026-08-24T10:00:17.598893+09:00,,,1,2026-08-24T10:00:16.507661+09:00,2026-08-24T10:00:17.598893+09:00
24ae1e0be485e449e9cd1db4eca6dbdc,2026-08-18,2026-08-18T20:35:00+09:00,2026-08-18T21:36:00+09:00,hs_shinsegae,신세계쇼핑,[세일] 그레인온 골드 카무트 효소 14박스 + 파로 5봉 +어깨마사지기,그레인온 골드 카무트 효소 14박스 + 파로 5봉 +어깨마사지기,그레인온 골드 카무트 효소 14박스 + 파로 5봉 +어깨마사지기,,,,미분류,,식품,1,618,142140000,,,validated_paid_insert,paid_schedule_api,2026-08-24T10:00:17.598893+09:00,,,1,2026-08-24T10:00:16.507661+09:00,2026-08-24T10:00:17.598893+09:00
d44c4927005b3f06fd9b6aff9b100c74,2026-08-18,2026-08-18T20:35:00+09:00,2026-08-18T21:42:00+09:00,hs_nsmall,NS홈쇼핑,위바이옴에스클래스,위바이옴에스클래스,위바이옴에스클래스,,,,확인필요,위바이옴에스클래스,식품,2,134,123757000,,,validated_paid_insert,paid_schedule_api,2026-08-24T10:00:17.598893+09:00,,,1,2026-08-24T10:00:16.507661+09:00,2026-08-24T10:00:17.598893+09:00
2669386cc489987240f7ef700cc38be5,2026-08-18,2026-08-18T20:40:00+09:00,2026-08-18T21:45:00+09:00,hs_gongyoung,공영쇼핑,[상주농협]2026 하늘빛 경북 홍로세척사과 4kg(14~23개 / 180g~300g),2026 하늘빛 경북 홍로세척사과 4kg,2026 하늘빛 경북 홍로세척사과 4kg,,,,확인필요,2026 하늘빛 경북 홍로세척사과 4kg,식품,3,5699,227390100,,,validated_paid_insert,paid_schedule_api,2026-08-24T10:00:17.598893+09:00,,,1,2026-08-24T10:00:16.507661+09:00,2026-08-24T10:00:17.598893+09:00
3f7c0aa6eeae5b0c8c9928d3f69d2e9c,2026-08-18,2026-08-18T20:40:00+09:00,2026-08-18T21:40:00+09:00,hs_hmallplus,현대홈쇼핑 플러스샵,[2026년산 햇고추] 농협 봉화 고춧가루 3kg 세트 (500g x 6팩),농협 봉화 고춧가루 3kg 세트,농협 봉화 고춧가루 3kg 세트,,,,미분류,,식품,2,488,47825000,,,validated_paid_insert,paid_schedule_api,2026-08-24T10:00:17.598893+09:00,,,1,2026-08-24T10:00:16.507661+09:00,2026-08-24T10:00:17.598893+09:00
1447bba7a82f054a9a1f15579c781751,2026-08-18,2026-08-18T20:45:00+09:00,2026-08-18T21:45:00+09:00,hs_gsshop,GS홈쇼핑,보넬드 당근주스 (100% 착즙 / 무설탕) 1L 큰병이 무려 15병,보넬드 당근주스 1L 큰병이 무려 15병,보넬드 아이엠 당근주스,보넬드,과채주스,당근,확정,보넬드당근주스,식품,1,3332,406504000,,,validated_paid_insert,paid_schedule_api,2026-08-24T10:00:17.598893+09:00,,,1,2026-08-24T10:00:16.507661+09:00,2026-08-24T10:00:17.598893+09:00
3e6a732cb1a370913bef6f9d4fdc22be,2026-08-18,2026-08-18T20:45:00+09:00,2026-08-18T21:45:00+09:00,hs_cjonstyleplus,CJ온스타일 플러스,[50% SALE] 액티브 프로 10박스(100회분)+보틀2개,액티브 프로 10박스 +보틀2개,액티브 프로 10박스 +보틀2개,,,,확인필요,액티브 프로 10박스 +보틀2개,식품,2,246,45284600,,,validated_paid_insert,paid_schedule_api,2026-08-24T10:00:17.598893+09:00,,,1,2026-08-24T10:00:16.507661+09:00,2026-08-24T10:00:17.598893+09:00
460c559cb84746cf786dd2199f963ba2,2026-08-18,2026-08-18T20:45:00+09:00,2026-08-18T21:45:00+09:00,hs_lotteimall,롯데홈쇼핑,[대원제약] ◎뮤코다당특별구성[8개월]대원헬스 관절연골엔 소연골 콘드로이친 뮤코다당단백 1200 8박스+오메가파이터 2박스,◎뮤코다당특별구성 대원헬스 관절연골엔 소연골 콘드로이친 뮤코다당단백 1200 8박스+오메가파이터 2박스,◎뮤코다당특별구성 대원헬스 관절연골엔 소연골 콘드로이친 뮤코다당단백 1200 8박스+오메가파이터 2박스,,,,미분류,,식품,9,251,19829000,,,validated_paid_insert,paid_schedule_api,2026-08-24T10:00:17.598893+09:00,,,1,2026-08-24T10:00:16.507661+09:00,2026-08-24T10:00:17.598893+09:00
1d5b125e29e5557f162811293232814b,2026-08-18,2026-08-18T21:45:00+09:00,2026-08-18T22:50:00+09:00,hs_gongyoung,공영쇼핑,[바다소풍]완도 대왕특대 참전복 15미(마리당 110g이상),완도 대왕특대 참전복 15미,완도 대왕특대 참전복 15미,,,,미분류,,식품,1,6019,240158100,,,validated_paid_insert,paid_schedule_api,2026-08-24T10:00:17.598893+09:00,,,1,2026-08-24T10:00:16.507661+09:00,2026-08-24T10:00:17.598893+09:00
950f4aad3e26911c71bda39084d7db73,2026-08-18,2026-08-18T22:36:00+09:00,2026-08-18T23:37:00+09:00,hs_shinsegae,신세계쇼핑,[*특집전]모두투어 시그니처 태항산 4일/5일,모두투어 시그니처 태항산 4일/5일,모두투어 시그니처 태항산 4일/5일,,,,미분류,,식품,1,1139,0,,,validated_paid_insert,paid_schedule_api,2026-08-24T10:00:17.598893+09:00,,,1,2026-08-24T10:00:16.507661+09:00,2026-08-24T10:00:17.598893+09:00
874b44bfe61c668315a5d5a1aaa7079e,2026-08-18,2026-08-18T22:45:00+09:00,2026-08-18T23:52:00+09:00,hs_nsmall,NS홈쇼핑,못난이사과,못난이사과,못난이사과,,과일,사과,확인필요,못난이사과,식품,1,4868,194233200,,,validated_paid_insert,paid_schedule_api,2026-08-24T10:00:17.598893+09:00,,,1,2026-08-24T10:00:16.507661+09:00,2026-08-24T10:00:17.598893+09:00
9d280c8b5e120da5bcfc738c6798baaa,2026-08-18,2026-08-18T22:50:00+09:00,2026-08-18T23:50:00+09:00,hs_gongyoung,공영쇼핑,강병원한우투뿔구이 130gx10팩,강병원한우투뿔구이 130gx10팩,강병원한우투뿔구이 130gx10팩,,,,미분류,,식품,7,1617,108724000,,,validated_paid_insert,paid_schedule_api,2026-08-24T10:00:17.598893+09:00,,,1,2026-08-24T10:00:16.507661+09:00,2026-08-24T10:00:17.598893+09:00
5005b655c4bde7c379f40cc08786f580,2026-08-18,2026-08-18T23:31:00+09:00,2026-08-19T00:00:00+09:00,hs_skstoa,SK스토아,(99천원 특가/핸디청소기 추가구성)락토핏 코어맥스 16개월분+무선핸디청소기 | 원산지 : 상품정보 참조,락토핏 코어맥스 16개월분+무선핸디청소기 | 원산지 : 상품정보 참조,락토핏 코어맥스 16개월분+무선핸디청소기 | 원산지 : 상품정보 참조,,,,미분류,,식품,7,52,5148000,,,validated_paid_insert,paid_schedule_api,2026-08-24T10:00:17.598893+09:00,,,1,2026-08-24T10:00:16.507661+09:00,2026-08-24T10:00:17.598893+09:00
dc75237d152557ce44e5ce18d62dd2e3,2026-08-18,2026-08-18T23:31:00+09:00,2026-08-19T00:00:00+09:00,hs_skstoa,SK스토아,(방송에서만)고단백 닭가슴살면 10팩 + 소스10팩(동치미육수5팩+저당비빔소스5팩) | 원산지 : 상품정보 참조,고단백 닭가슴살면 10팩 + 소스10팩 | 원산지 : 상품정보 참조,고단백 닭가슴살면 10팩 + 소스10팩 | 원산지 : 상품정보 참조,,,,확인필요,고단백 닭가슴살면 10팩 + 소스10팩 | 원산지 : 상품정보 참조,식품,1,189,10376100,,,validated_paid_insert,paid_schedule_api,2026-08-24T10:00:17.598893+09:00,,,1,2026-08-24T10:00:16.507661+09:00,2026-08-24T10:00:17.598893+09:00
1c7e9b28eeebd45d2624b56af72bf3d5,2026-08-18,2026-08-18T23:43:00+09:00,2026-08-19T00:45:00+09:00,hs_nsmallshopplus,NS홈쇼핑 샵플러스,리고땅콩스프레드1,리고땅콩스프레드1,리고땅콩스프레드1,,,,미분류,,식품,1,669,22411500,,,validated_paid_insert,paid_schedule_api,2026-08-24T10:00:17.598893+09:00,,,1,2026-08-24T10:00:16.507661+09:00,2026-08-24T10:00:17.598893+09:00
68c74a4c60c60a9fb6f924604bd9801e,2026-08-18,2026-08-18T23:50:00+09:00,2026-08-19T01:00:00+09:00,hs_gongyoung,공영쇼핑,[밤뜨래] 우리나라 맛밤 21봉,우리나라 맛밤 21봉,우리나라 맛밤 21봉,,,,미분류,,식품,4,1530,60853000,,,validated_paid_insert,paid_schedule_api,2026-08-24T10:00:17.598893+09:00,,,1,2026-08-24T10:00:16.507661+09:00,2026-08-24T10:00:17.598893+09:00
802d9ef2f2cd0f46b8702da097d7f0fc,2026-08-19,2026-08-19T00:35:00+09:00,2026-08-19T01:38:00+09:00,hs_kshop,KT알파쇼핑,데이즈온_파라다이스그레인,데이즈온_파라다이스그레인,데이즈온 파라다이스그레인,데이즈온,다이어트/건강식품,곡물,확정,데이즈온 파라다이스그레인,식품,2,125,29965000,,,validated_paid_insert,paid_schedule_api,2026-08-24T09:58:59.606668+09:00,,,1,2026-08-24T09:58:58.972312+09:00,2026-08-24T09:58:59.606668+09:00
4d69383614784e6051b83b7b0b17094e,2026-08-19,2026-08-19T01:00:00+09:00,2026-08-19T01:40:00+09:00,hs_hmallplus,현대홈쇼핑 플러스샵,[추가3박스] 데이즈온 파라다이스 그레인 버닝 6+3박스 (18주분),데이즈온 파라다이스 그레인 버닝 6+3박스,데이즈온 파라다이스그레인,데이즈온,다이어트/건강식품,곡물,확정,데이즈온 파라다이스그레인,식품,2,44,10567000,,,validated_paid_insert,paid_schedule_api,2026-08-24T09:58:59.606668+09:00,,,1,2026-08-24T09:58:58.972312+09:00,2026-08-24T09:58:59.606668+09:00
82722ba11bc3b582866fb6cf1795b2f1,2026-08-19,2026-08-19T01:00:00+09:00,2026-08-19T02:00:00+09:00,hs_hnsmall,홈앤쇼핑,[50% 세일] NFC 착즙 보넬드 아이엠 당근 15병 (1L X 15병),NFC 착즙 보넬드 아이엠 당근 15병,보넬드 아이엠 당근주스,보넬드,과채주스,당근,확정,NFC 착즙 보넬드 아이엠 당근,식품,1,190,23180000,,,validated_paid_insert,paid_schedule_api,2026-08-24T09:58:59.606668+09:00,,,1,2026-08-24T09:58:58.972312+09:00,2026-08-24T09:58:59.606668+09:00
c7aef670ccfe0fa18d98887488240d10,2026-08-19,2026-08-19T01:00:00+09:00,2026-08-19T02:00:00+09:00,hs_lotteimall,롯데홈쇼핑,[지엔씨] 방송최다♥[8+2박스] 비피도핏 다이어트 10박스(1박스: 450mg X 30캡슐 ),방송최다♥ 비피도핏 다이어트 10박스,방송최다♥ 비피도핏 다이어트 10박스,,,,미분류,,식품,3,76,22224000,,,validated_paid_insert,paid_schedule_api,2026-08-24T09:58:59.606668+09:00,,,1,2026-08-24T09:58:58.972312+09:00,2026-08-24T09:58:59.606668+09:00
d5cccfc11bd17925baedbd84363314cc,2026-08-19,2026-08-19T01:00:00+09:00,2026-08-19T02:00:00+09:00,hs_gongyoung,공영쇼핑,[품애복] 1등급 훈제오리 10팩 (총 1.5kg),1등급 훈제오리 10팩,1등급 훈제오리 10팩,,,,미분류,,식품,1,822,24577800,,,validated_paid_insert,paid_schedule_api,2026-08-24T09:58:59.606668+09:00,,,1,2026-08-24T09:58:58.972312+09:00,2026-08-24T09:58:59.606668+09:00
d6b4d035762425685c1d6f636bbc29ee,2026-08-19,2026-08-19T01:00:00+09:00,2026-08-19T02:01:00+09:00,hs_nsmall,NS홈쇼핑,히트상품 앵콜방송1부,히트상품 앵콜방송1부,히트상품 앵콜방송1부,,,,미분류,,식품,1,94,26226000,,,validated_paid_insert,paid_schedule_api,2026-08-24T09:58:59.606668+09:00,,,1,2026-08-24T09:58:58.972312+09:00,2026-08-24T09:58:59.606668+09:00
9b549fd246653df7295274dc6bf02bf4,2026-08-19,2026-08-19T01:40:00+09:00,2026-08-19T02:20:00+09:00,hs_hmallplus,현대홈쇼핑 플러스샵,빨간스캔들 유기농 석류+콜라겐 젤리 120포,빨간스캔들 유기농 석류+콜라겐 젤리 120포,빨간스캔들 유기농 석류 콜라겐 젤리,,건강식품/콜라겐,콜라겐,확정,빨간스캔들 유기농 석류 콜라겐 젤리,식품,1,9,1782000,,,validated_paid_insert,paid_schedule_api,2026-08-24T09:58:59.606668+09:00,,,1,2026-08-24T09:58:58.972312+09:00,2026-08-24T09:58:59.606668+09:00
b45f8e4f5c52dd600c873053119a42ce,2026-08-19,2026-08-19T02:00:00+09:00,2026-08-19T03:01:00+09:00,hs_nsmall,NS홈쇼핑,히트상품 앵콜방송 2부,히트상품 앵콜방송 2부,히트상품 앵콜방송 2부,,,,미분류,,식품,3,239,11486600,,,validated_paid_insert,paid_schedule_api,2026-08-24T09:58:59.606668+09:00,,,1,2026-08-24T09:58:58.972312+09:00,2026-08-24T09:58:59.606668+09:00
d8950186513c9880848e43f765b97e37,2026-08-19,2026-08-19T02:11:00+09:00,2026-08-19T02:51:00+09:00,hs_skstoa,SK스토아,제주 특대 은갈치 300g(4토막)*5줄 / 총 20토막(1.5kg) | 원산지 : 상품정보 참조,제주 특대 은갈치 300g *5줄 / 총 20토막 | 원산지 : 상품정보 참조,제주 특대 은갈치 300g *5줄 / 총 20토막 | 원산지 : 상품정보 참조,,,,미분류,,식품,1,101,5948900,,,validated_paid_insert,paid_schedule_api,2026-08-24T09:58:59.606668+09:00,,,1,2026-08-24T09:58:58.972312+09:00,2026-08-24T09:58:59.606668+09:00
3a786ef7efc7a0137374100a813880af,2026-08-19,2026-08-19T02:20:00+09:00,2026-08-19T03:20:00+09:00,hs_hmallplus,현대홈쇼핑 플러스샵,[방송에서만 5병더] 센비타 당근주스 100 10병,센비타 당근주스 100 10병,센비타 당근주스,센비타,과채주스,당근,확정,센비타 당근주스,식품,1,123,9963000,,,validated_paid_insert,paid_schedule_api,2026-08-24T09:58:59.606668+09:00,,,1,2026-08-24T09:58:58.972312+09:00,2026-08-24T09:58:59.606668+09:00
952efb459af63b91695380eb40ff1518,2026-08-19,2026-08-19T02:50:00+09:00,2026-08-19T03:40:00+09:00,hs_hnsmall,홈앤쇼핑,[국내산] 12곡물 옛맛 미숫가루 8박스 (총 80포),12곡물 옛맛 미숫가루 8박스,12곡물 옛맛 미숫가루 8박스,,,,미분류,,식품,6,123,3677700,,,validated_paid_insert,paid_schedule_api,2026-08-24T09:58:59.606668+09:00,,,1,2026-08-24T09:58:58.972312+09:00,2026-08-24T09:58:59.606668+09:00
70ecaeea44bf663e50b8b3c61f00df64,2026-08-19,2026-08-19T03:20:00+09:00,2026-08-19T03:51:00+09:00,hs_gongyoung,공영쇼핑,국내산 손질 아귀 300g × 10팩 / 총 3.0kg,국내산 손질 아귀 300g × 10팩 / 총 3.0kg,국내산 손질 아귀 300g × 10팩 / 총 3.0kg,,,,미분류,,식품,1,136,5426400,,,validated_paid_insert,paid_schedule_api,2026-08-24T09:58:59.606668+09:00,,,1,2026-08-24T09:58:58.972312+09:00,2026-08-24T09:58:59.606668+09:00
c1617bd22a20dee4d1b2cc3db039b3ca,2026-08-19,2026-08-19T03:20:00+09:00,2026-08-19T04:01:00+09:00,hs_nsmall,NS홈쇼핑,히트상품 앵콜방송3부,히트상품 앵콜방송3부,히트상품 앵콜방송3부,,,,미분류,,식품,4,10,3152000,,,validated_paid_insert,paid_schedule_api,2026-08-24T09:58:59.606668+09:00,,,1,2026-08-24T09:58:58.972312+09:00,2026-08-24T09:58:59.606668+09:00
d2f11173e324efb50ffc67d1e846981a,2026-08-19,2026-08-19T03:30:00+09:00,2026-08-19T03:35:00+09:00,hs_lotteimallonetv,롯데원티비,[태현] 알뜰 못난이 보조개 초록사과 3kg,알뜰 못난이 보조개 초록사과 3kg,알뜰 못난이 보조개 초록사과 3kg,,,,미분류,,식품,1,4,79600,,,validated_paid_insert,paid_schedule_api,2026-08-24T09:58:59.606668+09:00,,,1,2026-08-24T09:58:58.972312+09:00,2026-08-24T09:58:59.606668+09:00
eba26b6e09fd73c6589b84285e106430,2026-08-19,2026-08-19T03:40:00+09:00,2026-08-19T04:31:00+09:00,hs_hmall,현대홈쇼핑,[총 3.5kg] 2026년 경북산 청결 햇 고춧가루 3kg(500g 6팩) + 청양 고춧가루 500g 1팩,2026년 경북산 청결 햇 고춧가루 3kg + 청양 고춧가루 500g 1팩,2026년 경북산 청결 햇 고춧가루 3kg + 청양 고춧가루 500g 1팩,,,,미분류,,식품,3,189,19911000,,,validated_paid_insert,paid_schedule_api,2026-08-24T09:58:59.606668+09:00,,,1,2026-08-24T09:58:58.972312+09:00,2026-08-24T09:58:59.606668+09:00
e85254f85aba3bba80a44d19b5140999,2026-08-19,2026-08-19T03:53:00+09:00,2026-08-19T04:13:00+09:00,hs_gsshopmyshop,GS홈쇼핑 마이샵,망고식스 26년 햇 아이스 망고바 60g 40개,망고식스 26년 햇 아이스 망고바 60g 40개,망고식스 26년 햇 아이스 망고바 60g 40개,,,,미분류,,식품,3,28,1117200,,,validated_paid_insert,paid_schedule_api,2026-08-24T09:58:59.606668+09:00,,,1,2026-08-24T09:58:58.972312+09:00,2026-08-24T09:58:59.606668+09:00
42a547a0f6d8dfb91eb0dc83c43bcf7f,2026-08-19,2026-08-19T04:00:00+09:00,2026-08-19T05:01:00+09:00,hs_nsmall,NS홈쇼핑,히트상품 앵콜방송4부,히트상품 앵콜방송4부,히트상품 앵콜방송4부,,,,미분류,,식품,2,680,19973200,,,validated_paid_insert,paid_schedule_api,2026-08-24T09:58:59.606668+09:00,,,1,2026-08-24T09:58:58.972312+09:00,2026-08-24T09:58:59.606668+09:00
855b7da8ab2c42b3c0dcecca0cbc3a6a,2026-08-19,2026-08-19T04:00:00+09:00,2026-08-19T04:30:00+09:00,hs_lotteimall,롯데홈쇼핑,[키친스토리] 빅마마 이혜정의 꽉 채운 삼계탕 1.2kg x 8팩,빅마마 이혜정의 꽉 채운 삼계탕 1.2kg x 8팩,빅마마 이혜정의 꽉 채운 삼계탕 1.2kg x 8팩,,,,확인필요,빅마마 이혜정의 꽉 채운 삼계탕 1.2kg x 8팩,식품,2,10,758900,,,validated_paid_insert,paid_schedule_api,2026-08-24T09:58:59.606668+09:00,,,1,2026-08-24T09:58:58.972312+09:00,2026-08-24T09:58:59.606668+09:00
a4ba040e2568d97da46e8fe00070bfdc,2026-08-19,2026-08-19T04:00:00+09:00,2026-08-19T04:40:00+09:00,hs_lotteimallonetv,롯데원티비,[6박스] 에치와이 엠프로 프로바이오틱스 윌 플러스+ (1박스 : 2g*30포*2입),에치와이 엠프로 프로바이오틱스 윌 플러스+,에치와이 엠프로 프로바이오틱스 윌 플러스+,,,,미분류,,식품,1,0,0,,,validated_paid_insert,paid_schedule_api,2026-08-24T09:58:59.606668+09:00,,,1,2026-08-24T09:58:58.972312+09:00,2026-08-24T09:58:59.606668+09:00
e6eaaef84214737c417c3c070f9ea2ac,2026-08-19,2026-08-19T04:05:00+09:00,2026-08-19T04:15:00+09:00,hs_cjonstyleplus,CJ온스타일 플러스,[방송에서만] 이시형 박사의 인생 마그네슘 영양제 6+3박스,이시형 박사의 인생 마그네슘 영양제 6+3박스,이시형 박사의 인생 마그네슘,이시형,영양제/미네랄,마그네슘,확정,이시형 박사의 인생 마그네슘 영양제,식품,1,3,837000,,,validated_paid_insert,paid_schedule_api,2026-08-24T09:58:59.606668+09:00,,,1,2026-08-24T09:58:58.972312+09:00,2026-08-24T09:58:59.606668+09:00
dc233115aa10a660f6bf3ea98c102e60,2026-08-19,2026-08-19T04:09:00+09:00,2026-08-19T04:20:00+09:00,hs_shinsegae,신세계쇼핑,[효돈농협]프리미엄 제주 하우스 감귤 특등급 2.5kg (2s-m 사이즈),프리미엄 제주 하우스 감귤 특등급 2.5kg,프리미엄 제주 하우스 감귤 특등급 2.5kg,,,,미분류,,식품,3,17,620300,,,validated_paid_insert,paid_schedule_api,2026-08-24T09:58:59.606668+09:00,,,1,2026-08-24T09:58:58.972312+09:00,2026-08-24T09:58:59.606668+09:00
d885a82f967bd8e4f12c9be26f492a94,2026-08-19,2026-08-19T04:10:00+09:00,2026-08-19T05:00:00+09:00,hs_gongyoung,공영쇼핑,정성곳간 뼈없는 한우 갈비탕 10팩 (7kg),정성곳간 뼈없는 한우 갈비탕 10팩,정성곳간 뼈없는 한우 갈비탕 10팩,,,,확인필요,정성곳간 뼈없는 한우 갈비탕 10팩,식품,1,257,15394300,,,validated_paid_insert,paid_schedule_api,2026-08-24T09:58:59.606668+09:00,,,1,2026-08-24T09:58:58.972312+09:00,2026-08-24T09:58:59.606668+09:00
e50c0b71f002938ca745d9e9136da40f,2026-08-19,2026-08-19T04:16:00+09:00,2026-08-19T04:39:00+09:00,hs_kshop,KT알파쇼핑,완도전복_꼬마전복(보주),완도전복_꼬마전복,완도전복_꼬마전복,,,,미분류,,식품,1,82,2451800,,,validated_paid_insert,paid_schedule_api,2026-08-24T09:58:59.606668+09:00,,,1,2026-08-24T09:58:58.972312+09:00,2026-08-24T09:58:59.606668+09:00
587e693013bf19b8b804cf22a6fe63ae,2026-08-19,2026-08-19T04:20:00+09:00,2026-08-19T04:31:00+09:00,hs_shinsegae,신세계쇼핑,제주 탐나 감자(10kg/개당 140g 이상),제주 탐나 감자,제주 탐나 감자,,,,미분류,,식품,2,55,1404500,,,validated_paid_insert,paid_schedule_api,2026-08-24T09:58:59.606668+09:00,,,1,2026-08-24T09:58:58.972312+09:00,2026-08-24T09:58:59.606668+09:00
0197f271d9a926cf78d16ba2a0955042,2026-08-19,2026-08-19T04:37:00+09:00,2026-08-19T05:37:00+09:00,hs_shopntmall,쇼핑엔티,한복선의 풍미가득 포기김치 11kg,한복선의 풍미가득 포기김치 11kg,한복선의 풍미가득 포기김치,한복선,김치,배추,확정,한복선의 풍미가득 포기김치,식품,2,306,15269400,,,validated_paid_insert,paid_schedule_api,2026-08-24T09:58:59.606668+09:00,,,1,2026-08-24T09:58:58.972312+09:00,2026-08-24T09:58:59.606668+09:00
b46dbf17a0daa7cfe47029985bcbec35,2026-08-19,2026-08-19T04:55:00+09:00,2026-08-19T05:15:00+09:00,hs_gsshopmyshop,GS홈쇼핑 마이샵,[삼팔당땡] 저당 강원도 강냉이 5봉 + 방송에서만 저당 현미 뻥튀기 2봉 더,저당 강원도 강냉이 5봉 + 방송에서만 저당 현미 뻥튀기 2봉 더,저당 강원도 강냉이 5봉 + 방송에서만 저당 현미 뻥튀기 2봉 더,,,,확인필요,저당 강원도 강냉이 5봉 + 방송에서만 저당 현미 뻥튀기 2봉 더,식품,1,70,2093000,,,validated_paid_insert,paid_schedule_api,2026-08-24T09:58:59.606668+09:00,,,1,2026-08-24T09:58:58.972312+09:00,2026-08-24T09:58:59.606668+09:00
dca5f57b2fa83f7fdea7a5b7da3bae36,2026-08-19,2026-08-19T05:00:00+09:00,2026-08-19T06:00:00+09:00,hs_gongyoung,공영쇼핑,참기름의 정석 국산 참기름 세트 150ml X 4병+스틱들기름6매,참기름의 정석 국산 참기름 세트 150ml X 4병+스틱들기름6매,참기름의 정석 국산 참기름 세트 150ml X 4병+스틱들기름6매,,,,미분류,,식품,2,624,37377600,,,validated_paid_insert,paid_schedule_api,2026-08-24T09:58:59.606668+09:00,,,1,2026-08-24T09:58:58.972312+09:00,2026-08-24T09:58:59.606668+09:00
2d414bb4983dbc4e50203e671834f967,2026-08-19,2026-08-19T05:20:00+09:00,2026-08-19T06:31:00+09:00,hs_nsmall,NS홈쇼핑,프리바이오틱스,프리바이오틱스,프리바이오틱스,,,,미분류,,식품,1,244,29036000,,,validated_paid_insert,paid_schedule_api,2026-08-24T09:58:59.606668+09:00,,,1,2026-08-24T09:58:58.972312+09:00,2026-08-24T09:58:59.606668+09:00
c3bee346ab60749a6719e7b8938c6cf5,2026-08-19,2026-08-19T05:20:00+09:00,2026-08-19T06:00:00+09:00,hs_hmallplus,현대홈쇼핑 플러스샵,주영엔에스 식물성 오메가3 900 10개월분(751mgX60캡슐X10박스),주영엔에스 식물성 오메가3 900 10개월분,주영엔에스 식물성 오메가3 900 10개월분,,,,미분류,,식품,3,35,3725000,,,validated_paid_insert,paid_schedule_api,2026-08-24T09:58:59.606668+09:00,,,1,2026-08-24T09:58:58.972312+09:00,2026-08-24T09:58:59.606668+09:00
0f1ac62ec6fbaacefae57df7499f2b46,2026-08-19,2026-08-19T05:30:00+09:00,2026-08-19T06:16:00+09:00,hs_gsshop,GS홈쇼핑,닥터린 파비플로라x알파CD 12박스+6박스(방송에서만 6박스 더) 총 18박스(252포),닥터린 파비플로라x알파CD 12박스+6박스 총 18박스,닥터린 파비플로라x알파CD 12박스+6박스 총 18박스,,,,미분류,,식품,2,110,27470000,,,validated_paid_insert,paid_schedule_api,2026-08-24T09:58:59.606668+09:00,,,1,2026-08-24T09:58:58.972312+09:00,2026-08-24T09:58:59.606668+09:00
3f08a070318bb77471681470f99dfa2f,2026-08-19,2026-08-19T05:31:00+09:00,2026-08-19T07:32:00+09:00,hs_shinsegae,신세계쇼핑,[방송중 반값세일] 보넬 아이엠 당근 NFC 착즙주스 1L*15병,보넬 아이엠 당근 NFC 착즙주스 1L*15병,보넬드 아이엠 당근주스,보넬드,과채주스,당근,확정,보넬 아이엠 당근 NFC 착즙주스,식품,1,778,94916000,,,validated_paid_insert,paid_schedule_api,2026-08-24T09:58:59.606668+09:00,,,1,2026-08-24T09:58:58.972312+09:00,2026-08-24T09:58:59.606668+09:00
e12a3f252b88eb5554017cf5a0805761,2026-08-19,2026-08-19T05:31:00+09:00,2026-08-19T06:31:00+09:00,hs_skstoa,SK스토아,(방송에서만 반값세일) 혈당파이터 20개월분 (10박스) | 원산지 : 상품정보 참조,혈당파이터 20개월분 | 원산지 : 상품정보 참조,혈당파이터 20개월분 | 원산지 : 상품정보 참조,,,,미분류,,식품,2,211,20448000,,,validated_paid_insert,paid_schedule_api,2026-08-24T09:58:59.606668+09:00,,,1,2026-08-24T09:58:58.972312+09:00,2026-08-24T09:58:59.606668+09:00
6e659ad33711dda9089fb2f1034a07e6,2026-08-19,2026-08-19T05:37:00+09:00,2026-08-19T06:38:00+09:00,hs_kshop,KT알파쇼핑,비에날씬_다이어트유산균,비에날씬_다이어트유산균,비에날씬 프로,비에날씬,다이어트 유산균,BNR17 유산균,확정,비에날씬 다이어트유산균,식품,3,66,29874000,,,validated_paid_insert,paid_schedule_api,2026-08-24T09:58:59.606668+09:00,,,1,2026-08-24T09:58:58.972312+09:00,2026-08-24T09:58:59.606668+09:00
380b3f403def5609901d86b29d2454e6,2026-08-19,2026-08-19T05:45:00+09:00,2026-08-19T06:45:00+09:00,hs_cjonstyleplus,CJ온스타일 플러스,폴리코사놀5 30정 18박스,폴리코사놀5 30정 18박스,폴리코사놀5,,건강식품/혈행,폴리코사놀,확정,폴리코사놀5,식품,2,59,26741000,,,validated_paid_insert,paid_schedule_api,2026-08-24T09:58:59.606668+09:00,,,1,2026-08-24T09:58:58.972312+09:00,2026-08-24T09:58:59.606668+09:00
2a4e781ea81ddcc8cf264d027ac6b15f,2026-08-19,2026-08-19T06:15:00+09:00,2026-08-19T07:16:00+09:00,hs_hmall,현대홈쇼핑,[현대단독] 패밀리세트 비에날씬 프로 12박스+비에날퀸 1박스+비에날씬 플러스 1박스,패밀리세트 비에날씬 프로 12박스+비에날퀸 1박스+비에날씬 플러스 1박스,비에날씬 프로,비에날씬,다이어트 유산균,BNR17 유산균,확정,비에날씬프로,식품,4,267,159876000,,,validated_paid_insert,paid_schedule_api,2026-08-24T09:58:59.606668+09:00,,,1,2026-08-24T09:58:58.972312+09:00,2026-08-24T09:58:59.606668+09:00
2f660b148a3d6729e265bc9f8104a02d,2026-08-19,2026-08-19T06:15:00+09:00,2026-08-19T07:15:00+09:00,hs_lotteimall,롯데홈쇼핑,"[최신상]프롬바이오 위엔 매스틱 24주분 (1,100mg x 84캡슐 x 6박스)",프롬바이오 위엔 매스틱 24주분,프롬바이오 위엔 매스틱 24주분,,,,미분류,,식품,2,29,17171000,,,validated_paid_insert,paid_schedule_api,2026-08-24T09:58:59.606668+09:00,,,1,2026-08-24T09:58:58.972312+09:00,2026-08-24T09:58:59.606668+09:00
35d3bbcf642a0b3e26cfebee74d4bec4,2026-08-19,2026-08-19T06:15:00+09:00,2026-08-19T07:15:00+09:00,hs_gsshop,GS홈쇼핑,뉴트리코어 관절엔 난각막 DEM 12박스(12개월분),뉴트리코어 관절엔 난각막 DEM 12박스,뉴트리코어 관절엔 난각막 DEM 12박스,,,,확인필요,뉴트리코어 관절엔 난각막 DEM 12박스,식품,2,155,93870000,,,validated_paid_insert,paid_schedule_api,2026-08-24T09:58:59.606668+09:00,,,1,2026-08-24T09:58:58.972312+09:00,2026-08-24T09:58:59.606668+09:00
48c1fbc2ad92eb594b2ff7cbb82a16dd,2026-08-19,2026-08-19T06:30:00+09:00,2026-08-19T07:26:00+09:00,hs_nsmall,NS홈쇼핑,뼈엔MBP,뼈엔MBP,뼈엔 MBP,뼈엔,건강식품/뼈건강,MBP,확정,뼈엔MBP,식품,3,196,79650000,,,validated_paid_insert,paid_schedule_api,2026-08-24T09:58:59.606668+09:00,,,1,2026-08-24T09:58:58.972312+09:00,2026-08-24T09:58:59.606668+09:00
afb3d239529c8b951d3264881500858d,2026-08-19,2026-08-19T06:36:00+09:00,2026-08-19T07:37:00+09:00,hs_shopntmall,쇼핑엔티,[50％세일] 골드 카무트 효소 12박스 +  파로 5봉 + 복부마사지기,골드 카무트 효소 12박스 + 파로 5봉 + 복부마사지기,골드 카무트 효소 12박스 + 파로 5봉 + 복부마사지기,,,,미분류,,식품,1,279,55242000,,,validated_paid_insert,paid_schedule_api,2026-08-24T09:58:59.606668+09:00,,,1,2026-08-24T09:58:58.972312+09:00,2026-08-24T09:58:59.606668+09:00
573f4cdf40ee9eb766d73866a86a9a94,2026-08-19,2026-08-19T06:40:00+09:00,2026-08-19T07:40:00+09:00,hs_lotteimallonetv,롯데원티비,[김오곤] ★방송에서만 반값세일★[4박스] 김오곤 원장의 한방 다이어트 환 (5 g x 28포 x 4박스),★방송에서만 반값세일★ 김오곤 원장의 한방 다이어트 환,김오곤 원장의 한방 다이어트 환,김오곤,다이어트,한방 환,확정,반값세일 김오곤 원장의 한방 다이어트 환,식품,1,130,10257000,,,validated_paid_insert,paid_schedule_api,2026-08-24T09:58:59.606668+09:00,,,1,2026-08-24T09:58:58.972312+09:00,2026-08-24T09:58:59.606668+09:00
292ab7b14d2f71ebdcd0949f10054e74,2026-08-19,2026-08-19T06:41:00+09:00,2026-08-19T07:44:00+09:00,hs_nsmallshopplus,NS홈쇼핑 샵플러스,콘드로이친1,콘드로이친1,콘드로이친1,,건강식품/관절,콘드로이친,확인필요,콘드로이친1,식품,1,127,15875000,,,validated_paid_insert,paid_schedule_api,2026-08-24T09:58:59.606668+09:00,,,1,2026-08-24T09:58:58.972312+09:00,2026-08-24T09:58:59.606668+09:00
06490bb700e0f61ec19c5cee723d826a,2026-08-19,2026-08-19T06:45:00+09:00,2026-08-19T07:45:00+09:00,hs_cjonstyleplus,CJ온스타일 플러스,(직) [50%sale] 골드카무트 효소(re) 12박스+파로5봉+저당밥솥,골드카무트 효소 12박스+파로5봉+저당밥솥,골드카무트 효소 12박스+파로5봉+저당밥솥,,,,미분류,,식품,1,319,63162000,,,validated_paid_insert,paid_schedule_api,2026-08-24T09:58:59.606668+09:00,,,1,2026-08-24T09:58:58.972312+09:00,2026-08-24T09:58:59.606668+09:00
2bca741f91ef9010b1f4516984bfb5d6,2026-08-19,2026-08-19T07:15:00+09:00,2026-08-19T08:15:00+09:00,hs_gsshop,GS홈쇼핑,비에날씬 프로 다이어트 유산균(9박스)+상온보관 슬림 3박스(30포),비에날씬 프로 다이어트 유산균 +상온보관 슬림 3박스,비에날씬 프로,비에날씬,다이어트 유산균,BNR17 유산균,확정,비에날씬프로,식품,3,422,205090000,,,validated_paid_insert,paid_schedule_api,2026-08-24T09:58:59.606668+09:00,,,1,2026-08-24T09:58:58.972312+09:00,2026-08-24T09:58:59.606668+09:00
8c11c68f3c99b70f42ea8f37f8be4ef4,2026-08-19,2026-08-19T07:15:00+09:00,2026-08-19T08:15:00+09:00,hs_cjonstyle,CJ온스타일,카사베르디 유기농 와인비니거 레드6+2병+디스펜서+텀블러믹서기,카사베르디 유기농 와인비니거 레드6+2병+디스펜서+텀블러믹서기,카사베르디 유기농 와인비니거 레드6+2병+디스펜서+텀블러믹서기,,,,확인필요,카사베르디 유기농 와인비니거 레드6+2병+디스펜서+텀블러믹서기,식품,2,1193,153057000,,,validated_paid_insert,paid_schedule_api,2026-08-24T09:58:59.606668+09:00,,,1,2026-08-24T09:58:58.972312+09:00,2026-08-24T09:58:59.606668+09:00
f2fb48c56bdd148b75a9cb6d36eae3e6,2026-08-19,2026-08-19T07:25:00+09:00,2026-08-19T08:27:00+09:00,hs_nsmall,NS홈쇼핑,프리모오리진블루베리퓨레,프리모오리진블루베리퓨레,프리모오리진블루베리퓨레,,,,미분류,,식품,1,878,77264000,,,validated_paid_insert,paid_schedule_api,2026-08-24T09:58:59.606668+09:00,,,1,2026-08-24T09:58:58.972312+09:00,2026-08-24T09:58:59.606668+09:00
554631713276eb075f291d2c1aa6f3a5,2026-08-19,2026-08-19T07:31:00+09:00,2026-08-19T08:31:00+09:00,hs_skstoa,SK스토아,[방송에서만세일] 뉴밋 유기농 엑스트라버진 올리브오일 피쿠알 10박스 | 원산지 : 상품정보 참조,뉴밋 유기농 엑스트라버진 올리브오일 피쿠알 10박스 | 원산지 : 상품정보 참조,뉴밋 유기농 엑스트라버진 올리브오일,뉴밋,오일,올리브,확정,뉴밋 유기농 엑스트라버진 올리브오일 피쿠알,식품,1,795,78705000,,,validated_paid_insert,paid_schedule_api,2026-08-24T09:58:59.606668+09:00,,,1,2026-08-24T09:58:58.972312+09:00,2026-08-24T09:58:59.606668+09:00
da170bee523c7b6302a8a2259b6141ca,2026-08-19,2026-08-19T07:40:00+09:00,2026-08-19T08:40:00+09:00,hs_lotteimallonetv,롯데원티비,[에스더포뮬러] ●여에스더 포스파티딜세린 5개월분+유기농 그린 컬리케일 1박스,●여에스더 포스파티딜세린 5개월분+유기농 그린 컬리케일 1박스,●여에스더 포스파티딜세린 5개월분+유기농 그린 컬리케일 1박스,,,,미분류,,식품,9,827,73603000,,,validated_paid_insert,paid_schedule_api,2026-08-24T09:58:59.606668+09:00,,,1,2026-08-24T09:58:58.972312+09:00,2026-08-24T09:58:59.606668+09:00
07b5007dcd76c6b0a2729b89dce6b886,2026-08-19,2026-08-19T08:15:00+09:00,2026-08-19T09:25:00+09:00,hs_gsshop,GS홈쇼핑,[프롬바이오] 위엔 매스틱 4주,위엔 매스틱 4주,위엔 매스틱 4주,,,,미분류,,식품,3,294,149504000,,,validated_paid_insert,paid_schedule_api,2026-08-24T09:58:59.606668+09:00,,,1,2026-08-24T09:58:58.972312+09:00,2026-08-24T09:58:59.606668+09:00
c345215d4f1cbdb9179ae830ead6e12c,2026-08-19,2026-08-19T08:25:00+09:00,2026-08-19T09:31:00+09:00,hs_nsmall,NS홈쇼핑,비너지대마종자유,비너지대마종자유,비너지대마종자유,,건강식품/오일,대마종자유,확정,비너지대마종자유,식품,3,910,121940000,,,validated_paid_insert,paid_schedule_api,2026-08-24T09:58:59.606668+09:00,,,1,2026-08-24T09:58:58.972312+09:00,2026-08-24T09:58:59.606668+09:00
6160d7954939635250edde4a22be2127,2026-08-19,2026-08-19T08:31:00+09:00,2026-08-19T09:33:00+09:00,hs_shinsegae,신세계쇼핑,[조윤주 구성] 프라우카 허벌 겔 250ml 3개+프라우카 파우치,프라우카 허벌 겔 250ml 3개+프라우카 파우치,프라우카 허벌 겔 250ml 3개+프라우카 파우치,,,,미분류,,식품,2,214,49745000,,,validated_paid_insert,paid_schedule_api,2026-08-24T09:58:59.606668+09:00,,,1,2026-08-24T09:58:58.972312+09:00,2026-08-24T09:58:59.606668+09:00
c3adefa2c3c651a7c1e6813821846d01,2026-08-19,2026-08-19T09:20:00+09:00,2026-08-19T10:25:00+09:00,hs_gongyoung,공영쇼핑,2026 청양농협 고춧가루 매운맛 500g * 6봉 (총 3kg),2026 청양농협 고춧가루 매운맛 500g * 6봉,2026 청양농협 고춧가루 매운맛 500g * 6봉,,,,확인필요,2026 청양농협 고춧가루 매운맛 500g * 6봉,식품,2,1332,159706800,,,validated_paid_insert,paid_schedule_api,2026-08-24T09:58:59.606668+09:00,,,1,2026-08-24T09:58:58.972312+09:00,2026-08-24T09:58:59.606668+09:00
0d8756821a252e1a7a4309cac6dbb8b5,2026-08-19,2026-08-19T09:25:00+09:00,2026-08-19T10:25:00+09:00,hs_hnsmall,홈앤쇼핑,[방송에서만 11개월분][9개월분] 비에날씬프로 9병 (9개월분) +   비에날씬플러스 6박스,비에날씬프로 9병 + 비에날씬플러스 6박스,비에날씬 프로,비에날씬,다이어트 유산균,BNR17 유산균,확정,비에날씬프로,식품,3,183,84398000,,,validated_paid_insert,paid_schedule_api,2026-08-24T09:58:59.606668+09:00,,,1,2026-08-24T09:58:58.972312+09:00,2026-08-24T09:58:59.606668+09:00
fdb6f45c18ba7638d7e9a0590b28d9ae,2026-08-19,2026-08-19T09:31:00+09:00,2026-08-19T10:31:00+09:00,hs_skstoa,SK스토아,(방송에서만)알티지오메가3 비타민D 12박스에 4박스 더 (추가구성 천관보정 2개월분) | 원산지 : 상품정보 참조,알티지오메가3 비타민D 12박스에 4박스 더 | 원산지 : 상품정보 참조,알티지오메가3 비타민D 12박스에 4박스 더 | 원산지 : 상품정보 참조,,,,확인필요,알티지오메가3 비타민D 12박스에 4박스 더 | 원산지 : 상품정보 참조,식품,1,193,30494000,,,validated_paid_insert,paid_schedule_api,2026-08-24T09:58:59.606668+09:00,,,1,2026-08-24T09:58:58.972312+09:00,2026-08-24T09:58:59.606668+09:00
174a37796f5af9e6eea2f9d686444d99,2026-08-19,2026-08-19T09:32:00+09:00,2026-08-19T10:33:00+09:00,hs_shinsegae,신세계쇼핑,w100주년특집[방송중 9개월+1박스] 유한양행 당큐락 9개월분 +당큐락 플러스 1박스,w100주년특집 유한양행 당큐락 9개월분 +당큐락 플러스 1박스,w100주년특집 유한양행 당큐락 9개월분 +당큐락 플러스 1박스,,,,확인필요,w100주년특집 유한양행 당큐락 9개월분 +당큐락 플러스 1박스,식품,3,103,48894000,,,validated_paid_insert,paid_schedule_api,2026-08-24T09:58:59.606668+09:00,,,1,2026-08-24T09:58:58.972312+09:00,2026-08-24T09:58:59.606668+09:00
795dd286a1e64252f5c46fdaa95e5e52,2026-08-19,2026-08-19T09:40:00+09:00,2026-08-19T10:40:00+09:00,hs_hmallplus,현대홈쇼핑 플러스샵,[2026년산 햇고추] 태양초 청결 햇 고춧가루 3kg(500g 6팩),태양초 청결 햇 고춧가루 3kg,태양초 청결 햇 고춧가루,,조미식품,고추,확정,태양초 청결 햇 고춧가루,식품,2,949,87696000,,,validated_paid_insert,paid_schedule_api,2026-08-24T09:58:59.606668+09:00,,,1,2026-08-24T09:58:58.972312+09:00,2026-08-24T09:58:59.606668+09:00
df654b451e6a7bb9477b8cd5bb34dec8,2026-08-19,2026-08-19T09:45:00+09:00,2026-08-19T10:45:00+09:00,hs_cjonstyleplus,CJ온스타일 플러스,[특집구성]다이어트 유산균 10개월분+ 프로틴14포+날개없는선풍기,다이어트 유산균 10개월분+ 프로틴14포+날개없는선풍기,다이어트 유산균 10개월분+ 프로틴14포+날개없는선풍기,,,,미분류,,식품,3,102,56374000,,,validated_paid_insert,paid_schedule_api,2026-08-24T09:58:59.606668+09:00,,,1,2026-08-24T09:58:58.972312+09:00,2026-08-24T09:58:59.606668+09:00
91624ebe9e8dc2e81d7b408017a3f874,2026-08-19,2026-08-19T10:25:00+09:00,2026-08-19T11:35:00+09:00,hs_lotteimall,롯데홈쇼핑,[에스더포뮬러] ★최다구성★ 여에스더 포사인 콘드로이친 1200 12박스+여에스더 칼마디 3박스,★최다구성★ 여에스더 포사인 콘드로이친 1200 12박스+여에스더 칼마디 3박스,★최다구성★ 여에스더 포사인 콘드로이친 1200 12박스+여에스더 칼마디 3박스,,,,미분류,,식품,2,49,20767000,,,validated_paid_insert,paid_schedule_api,2026-08-24T09:58:59.606668+09:00,,,1,2026-08-24T09:58:58.972312+09:00,2026-08-24T09:58:59.606668+09:00
18566715ed7869f28972d7d968f14164,2026-08-19,2026-08-19T10:30:00+09:00,2026-08-19T11:31:00+09:00,hs_nsmall,NS홈쇼핑,이시형마그네슘,이시형마그네슘,이시형 박사의 인생 마그네슘,이시형,영양제/미네랄,마그네슘,확정,이시형마그네슘,식품,3,314,86698000,,,validated_paid_insert,paid_schedule_api,2026-08-24T09:58:59.606668+09:00,,,1,2026-08-24T09:58:58.972312+09:00,2026-08-24T09:58:59.606668+09:00
0ec5928ce66a0a2074da1df94bdb82d4,2026-08-19,2026-08-19T10:31:00+09:00,2026-08-19T11:32:00+09:00,hs_skstoa,SK스토아,[방송에서만8+8]헬스브릿지 유기농 엑스트라버진 올리브오일 8+8박스(총 16박스) | 원산지 : 상품정보 참조,헬스브릿지 유기농 엑스트라버진 올리브오일 8+8박스 | 원산지 : 상품정보 참조,헬스브릿지 유기농 엑스트라버진 올리브오일,,오일,올리브,확정,헬스브릿지 유기농 엑스트라버진 올리브오일,식품,1,97,19206000,,,validated_paid_insert,paid_schedule_api,2026-08-24T09:58:59.606668+09:00,,,1,2026-08-24T09:58:58.972312+09:00,2026-08-24T09:58:59.606668+09:00
efbb47a96bb547e3e937ae223027042b,2026-08-19,2026-08-19T10:32:00+09:00,2026-08-19T11:32:00+09:00,hs_shinsegae,신세계쇼핑,[국민영양] 여에스더 포스파티딜세린 5개월분 ( 430mg x 30캡슐 x 10박스) + 카무트 1박스,여에스더 포스파티딜세린 5개월분 + 카무트 1박스,여에스더 포스파티딜세린 5개월분 + 카무트 1박스,,,,미분류,,식품,9,1128,100392000,,,validated_paid_insert,paid_schedule_api,2026-08-24T09:58:59.606668+09:00,,,1,2026-08-24T09:58:58.972312+09:00,2026-08-24T09:58:59.606668+09:00
ee418f03d0b15640503da57f865b4428,2026-08-19,2026-08-19T10:35:00+09:00,2026-08-19T11:35:00+09:00,hs_shopntmall,쇼핑엔티,(TV)온작이영자의 파김치3kg,온작이영자의 파김치3kg,온작이영자의 파김치3kg,,,,미분류,,식품,2,1902,73109800,,,validated_paid_insert,paid_schedule_api,2026-08-24T09:58:59.606668+09:00,,,1,2026-08-24T09:58:58.972312+09:00,2026-08-24T09:58:59.606668+09:00
aae757f49a689cb04d13aac3c0c295bc,2026-08-19,2026-08-19T10:45:00+09:00,2026-08-19T11:45:00+09:00,hs_cjonstyleplus,CJ온스타일 플러스,뉴케어 구수한맛 밸런스업 6박스 144팩,뉴케어 구수한맛 밸런스업 6박스 144팩,뉴케어 구수한맛 밸런스업 6박스 144팩,,,,미분류,,식품,2,254,68236000,,,validated_paid_insert,paid_schedule_api,2026-08-24T09:58:59.606668+09:00,,,1,2026-08-24T09:58:58.972312+09:00,2026-08-24T09:58:59.606668+09:00
22bbb6c74c7a991957aa75c9733657f7,2026-08-19,2026-08-19T11:20:00+09:00,2026-08-19T12:01:00+09:00,hs_hmallplus,현대홈쇼핑 플러스샵,[농할] 국내산 충주 하늘작 햇 백도복숭아 2.5kg 2박스(총 5kg 박스당 7과∼11과),국내산 충주 하늘작 햇 백도복숭아 2.5kg 2박스,국내산 충주 하늘작 햇 백도복숭아 2.5kg 2박스,,,,미분류,,식품,1,493,28051700,,,validated_paid_insert,paid_schedule_api,2026-08-24T09:58:59.606668+09:00,,,1,2026-08-24T09:58:58.972312+09:00,2026-08-24T09:58:59.606668+09:00
f61a3a02ba61449ce43a198b56f19c9e,2026-08-19,2026-08-19T11:30:00+09:00,2026-08-19T12:31:00+09:00,hs_nsmall,NS홈쇼핑,완도활전복,완도활전복,완도활전복,,수산물,수산물,확정,완도활전복,식품,9,2044,102085600,,,validated_paid_insert,paid_schedule_api,2026-08-24T09:58:59.606668+09:00,,,1,2026-08-24T09:58:58.972312+09:00,2026-08-24T09:58:59.606668+09:00
afcc600e2e451422ead166cd49e1a4ce,2026-08-19,2026-08-19T11:32:00+09:00,2026-08-19T12:33:00+09:00,hs_shinsegae,신세계쇼핑,(방송에서만 2+2박스) HLB제약 어진 맥문동 진액(총 120포),HLB제약 어진 맥문동 진액,HLB제약 어진 맥문동 진액,HLB제약,전통건강즙,맥문동,확정,HLB제약 어진 맥문동 진액,식품,2,475,61095000,,,validated_paid_insert,paid_schedule_api,2026-08-24T09:58:59.606668+09:00,,,1,2026-08-24T09:58:58.972312+09:00,2026-08-24T09:58:59.606668+09:00
00e8ef8bb768516503dd264e2fb268d7,2026-08-19,2026-08-19T11:35:00+09:00,2026-08-19T12:40:00+09:00,hs_gongyoung,공영쇼핑,여수농협 돌산갓김치 2kg + 2kg +고들빼기 1kg,여수농협 돌산갓김치 2kg + 2kg +고들빼기 1kg,여수농협 돌산갓김치 2kg + 2kg +고들빼기 1kg,,,,미분류,,식품,2,3139,118968100,,,validated_paid_insert,paid_schedule_api,2026-08-24T09:58:59.606668+09:00,,,1,2026-08-24T09:58:58.972312+09:00,2026-08-24T09:58:59.606668+09:00
1d58bcf03b402378ee7c54139a14e10e,2026-08-19,2026-08-19T11:35:00+09:00,2026-08-19T12:37:00+09:00,hs_hmall,현대홈쇼핑,[방송에서 4팩더] 금산인삼 특 스지도가니탕 800g x 14팩 (10팩 + 4팩) ,금산인삼 특 스지도가니탕 800g x 14팩,금산인삼 특 스지도가니탕 800g x 14팩,,,,확인필요,금산인삼 특 스지도가니탕 800g x 14팩,식품,1,1850,110815000,,,validated_paid_insert,paid_schedule_api,2026-08-24T09:58:59.606668+09:00,,,1,2026-08-24T09:58:58.972312+09:00,2026-08-24T09:58:59.606668+09:00
20adc920a9cdc48723e73414e4372937,2026-08-19,2026-08-19T11:35:00+09:00,2026-08-19T12:35:00+09:00,hs_cjonstyle,CJ온스타일,[50%세일]뉴질랜드 프리미엄 산양유 12통+츄어블1박스,뉴질랜드 프리미엄 산양유 12통+츄어블1박스,뉴질랜드 프리미엄 산양유 12통+츄어블1박스,,,,확인필요,뉴질랜드 프리미엄 산양유 12통+츄어블1박스,식품,2,338,63459000,,,validated_paid_insert,paid_schedule_api,2026-08-24T09:58:59.606668+09:00,,,1,2026-08-24T09:58:58.972312+09:00,2026-08-24T09:58:59.606668+09:00
c8aa84eaf3e28c9cbe23e449768e8bf7,2026-08-19,2026-08-19T11:35:00+09:00,2026-08-19T12:35:00+09:00,hs_gsshop,GS홈쇼핑,[한지민 PICK] 에버콜라겐 레티놀A GPH콜라겐 6병 (24주분),에버콜라겐 레티놀A GPH콜라겐 6병,에버콜라겐 레티놀A GPH콜라겐,,건강식품/콜라겐,콜라겐,확정,에버콜라겐 레티놀A GPH콜라겐,식품,4,181,73649000,,,validated_paid_insert,paid_schedule_api,2026-08-24T09:58:59.606668+09:00,,,1,2026-08-24T09:58:58.972312+09:00,2026-08-24T09:58:59.606668+09:00
f3229d9bf020d1ba35c7be143e329fcf,2026-08-19,2026-08-19T11:35:00+09:00,2026-08-19T11:55:00+09:00,hs_lotteimall,롯데홈쇼핑,[흥국화재] ★흥Good 든든한 3N5 간편종합보험★,★흥Good 든든한 3N5 간편종합보험★,★흥Good 든든한 3N5 간편종합보험★,,,,확인필요,★흥Good 든든한 3N5 간편종합보험★,식품,1,0,0,,,validated_paid_insert,paid_schedule_api,2026-08-24T09:58:59.606668+09:00,,,1,2026-08-24T09:58:58.972312+09:00,2026-08-24T09:58:59.606668+09:00
fd0be23b7801681c8b89788534f92e7f,2026-08-19,2026-08-19T11:35:00+09:00,2026-08-19T12:34:00+09:00,hs_shopntmall,쇼핑엔티,[만블링] 한우 1++ 구이 세트 150g X 8팩 (총1.2kg),한우 1++ 구이 세트 150g X 8팩,한우 1++ 구이 세트 150g X 8팩,,,,미분류,,식품,1,493,34460700,,,validated_paid_insert,paid_schedule_api,2026-08-24T09:58:59.606668+09:00,,,1,2026-08-24T09:58:58.972312+09:00,2026-08-24T09:58:59.606668+09:00
ea0bd35de1007f7013ae2af7774fae66,2026-08-19,2026-08-19T11:38:00+09:00,2026-08-19T12:40:00+09:00,hs_kshop,KT알파쇼핑,종근당건강_루테인아스타잔틴,종근당건강_루테인아스타잔틴,종근당건강_루테인아스타잔틴,,,,미분류,,식품,1,241,28438000,,,validated_paid_insert,paid_schedule_api,2026-08-24T09:58:59.606668+09:00,,,1,2026-08-24T09:58:58.972312+09:00,2026-08-24T09:58:59.606668+09:00
b7a104cd01bb08c21d975a5ecb8ba6a3,2026-08-19,2026-08-19T11:41:00+09:00,2026-08-19T12:42:00+09:00,hs_nsmallshopplus,NS홈쇼핑 샵플러스,고춧가루1,고춧가루1,고춧가루1,,조미식품,고추,확인필요,고춧가루1,식품,2,284,26126500,,,validated_paid_insert,paid_schedule_api,2026-08-24T09:58:59.606668+09:00,,,1,2026-08-24T09:58:58.972312+09:00,2026-08-24T09:58:59.606668+09:00
4dfb911db1fce9baa1d5e979e82830da,2026-08-19,2026-08-19T12:00:00+09:00,2026-08-19T12:47:00+09:00,hs_hmallplus,현대홈쇼핑 플러스샵,[바닷가]국내산 특대사이즈 자연산 반건조 손질 통민어 300g x 10팩 ,국내산 특대사이즈 자연산 반건조 손질 통민어 300g x 10팩,국내산 특대사이즈 자연산 반건조 손질 통민어 300g x 10팩,,,,미분류,,식품,1,104,6229600,,,validated_paid_insert,paid_schedule_api,2026-08-24T09:58:59.606668+09:00,,,1,2026-08-24T09:58:58.972312+09:00,2026-08-24T09:58:59.606668+09:00
5dd59bc78db9d576b1f6f6a2796f19ba,2026-08-19,2026-08-19T12:35:00+09:00,2026-08-19T13:35:00+09:00,hs_lotteimall,롯데홈쇼핑,[비에날씬] ♡다이어트 최다구성♡ 비에날씬 프로 9개월 + 비에날씬 플러스 6박스 ,♡다이어트 최다구성♡ 비에날씬 프로 9개월 + 비에날씬 플러스 6박스,비에날씬 프로,비에날씬,다이어트 유산균,BNR17 유산균,확정,비에날씬프로,식품,3,90,44951800,,,validated_paid_insert,paid_schedule_api,2026-08-24T09:58:59.606668+09:00,,,1,2026-08-24T09:58:58.972312+09:00,2026-08-24T09:58:59.606668+09:00
cd6c9f08abb9f50209dcbc4d81ec1595,2026-08-19,2026-08-19T12:35:00+09:00,2026-08-19T13:35:00+09:00,hs_gsshop,GS홈쇼핑,"금단미인 황기활력산 4박스, 120포","금단미인 황기활력산 4박스, 120포","금단미인 황기활력산 4박스, 120포",,,,미분류,,식품,2,97,24965000,,,validated_paid_insert,paid_schedule_api,2026-08-24T09:58:59.606668+09:00,,,1,2026-08-24T09:58:58.972312+09:00,2026-08-24T09:58:59.606668+09:00
03bb36eeef7602cce19ca74d301941f8,2026-08-19,2026-08-19T12:38:00+09:00,2026-08-19T13:39:00+09:00,hs_kshop,KT알파쇼핑,도미솔_김치,도미솔_김치,도미솔_김치,,,,미분류,,식품,10,1641,81016900,,,validated_paid_insert,paid_schedule_api,2026-08-24T09:58:59.606668+09:00,,,1,2026-08-24T09:58:58.972312+09:00,2026-08-24T09:58:59.606668+09:00
4cc52040c20e95ddb02d4c9be2f47d7f,2026-08-19,2026-08-19T12:40:00+09:00,2026-08-19T13:40:00+09:00,hs_gongyoung,공영쇼핑,2026 농협 강진 쌀귀리 7kg(1kg*7팩),2026 농협 강진 쌀귀리 7kg,2026 농협 강진 쌀귀리 7kg,,,,미분류,,식품,1,1899,71972100,,,validated_paid_insert,paid_schedule_api,2026-08-24T09:58:59.606668+09:00,,,1,2026-08-24T09:58:58.972312+09:00,2026-08-24T09:58:59.606668+09:00
5fb05954083c0fb1ba4f3c64c609f92d,2026-08-19,2026-08-19T12:40:00+09:00,2026-08-19T13:21:00+09:00,hs_hmallplus,현대홈쇼핑 플러스샵,[최신상]덴프스 트루바이타민 올인원 10박스,덴프스 트루바이타민 올인원 10박스,덴프스 트루바이타민 올인원,덴프스,기타 식품,,확정,덴프스 트루바이타민 올인원,식품,2,41,11348000,,,validated_paid_insert,paid_schedule_api,2026-08-24T09:58:59.606668+09:00,,,1,2026-08-24T09:58:58.972312+09:00,2026-08-24T09:58:59.606668+09:00
31ded9c8729c02d4f5504c19eec75938,2026-08-19,2026-08-19T13:25:00+09:00,2026-08-19T14:21:00+09:00,hs_nsmall,NS홈쇼핑,이시형알부민,이시형알부민,이시형알부민,,,,미분류,,식품,3,265,52401000,,,validated_paid_insert,paid_schedule_api,2026-08-24T09:58:59.606668+09:00,,,1,2026-08-24T09:58:58.972312+09:00,2026-08-24T09:58:59.606668+09:00
0c7dd1942cd48f3adf87a325a99ef96b,2026-08-19,2026-08-19T13:35:00+09:00,2026-08-19T14:35:00+09:00,hs_cjonstyle,CJ온스타일,[방송에서만] 뼈엔 엠비피 MBP 12개월분,뼈엔 엠비피 MBP 12개월분,뼈엔 MBP,뼈엔,건강식품/뼈건강,MBP,확정,뼈엔 엠비피 MBP,식품,2,257,107076000,,,validated_paid_insert,paid_schedule_api,2026-08-24T09:58:59.606668+09:00,,,1,2026-08-24T09:58:58.972312+09:00,2026-08-24T09:58:59.606668+09:00
a309bd76d9526c580f99181f20703cd3,2026-08-19,2026-08-19T13:35:00+09:00,2026-08-19T14:35:00+09:00,hs_gsshop,GS홈쇼핑,닥터파이토 덴티백 PRO 구강유산균 M18 7박스,닥터파이토 덴티백 PRO 구강유산균 M18 7박스,닥터파이토 덴티백 PRO 구강유산균 M18,닥터파이토,유산균,유산균,확정,닥터파이토 덴티백 PRO 구강유산균 M18,식품,2,419,128042000,,,validated_paid_insert,paid_schedule_api,2026-08-24T09:58:59.606668+09:00,,,1,2026-08-24T09:58:58.972312+09:00,2026-08-24T09:58:59.606668+09:00
47749644a91a7c4422b04706836cdf0b,2026-08-19,2026-08-19T13:40:00+09:00,2026-08-19T14:40:00+09:00,hs_lotteimallonetv,롯데원티비,[도미솔김치] 도미솔 김치 4종 총10.5kg(포기김치 7kg+총각김치2kg+파김치1kg+깻잎김치0.5kg),도미솔 김치 4종 총10.5kg,도미솔 김치 4종 총10.5kg,,,,미분류,,식품,2,340,20366000,,,validated_paid_insert,paid_schedule_api,2026-08-24T09:58:59.606668+09:00,,,1,2026-08-24T09:58:58.972312+09:00,2026-08-24T09:58:59.606668+09:00
ce40478d7d16aa24c8d40cd4d8282c0c,2026-08-19,2026-08-19T13:40:00+09:00,2026-08-19T14:45:00+09:00,hs_gongyoung,공영쇼핑,문은희 속초 명태회무침 400g 3통,문은희 속초 명태회무침 400g 3통,문은희 속초 명태회무침 400g 3통,,,,미분류,,식품,1,2407,71969300,,,validated_paid_insert,paid_schedule_api,2026-08-24T09:58:59.606668+09:00,,,1,2026-08-24T09:58:58.972312+09:00,2026-08-24T09:58:59.606668+09:00
9e9599a4715286cbc5530d98396e137a,2026-08-19,2026-08-19T13:41:00+09:00,2026-08-19T14:43:00+09:00,hs_nsmallshopplus,NS홈쇼핑 샵플러스,삼육두유세트 1,삼육두유세트 1,삼육두유세트 1,,,,확인필요,삼육두유세트 1,식품,1,993,43592700,,,validated_paid_insert,paid_schedule_api,2026-08-24T09:58:59.606668+09:00,,,1,2026-08-24T09:58:58.972312+09:00,2026-08-24T09:58:59.606668+09:00
691fe76a9af5fbbba078d0a513ef57ad,2026-08-19,2026-08-19T13:45:00+09:00,2026-08-19T14:45:00+09:00,hs_cjonstyleplus,CJ온스타일 플러스,프리메로 블루베리 리얼 100% 10박스+2박스 (30mlx10포),프리메로 블루베리 리얼 100% 10박스+2박스,프리메로 블루베리 리얼,프리메로,과채주스/베리,블루베리,확정,프리메로 블루베리 리얼,식품,2,184,23628000,,,validated_paid_insert,paid_schedule_api,2026-08-24T09:58:59.606668+09:00,,,1,2026-08-24T09:58:58.972312+09:00,2026-08-24T09:58:59.606668+09:00
58a1c6b9914050967f70a41c5acc80ac,2026-08-19,2026-08-19T14:33:00+09:00,2026-08-19T15:35:00+09:00,hs_shinsegae,신세계쇼핑,(방송에서만)[9+2박스+프라이팬]★NEW 비에날씬 프로★BNR17 다이어트 유산균 비에날씬 프로9박스+슬림플러스2박스+후라이팬,★NEW 비에날씬 프로★BNR17 다이어트 유산균 비에날씬 프로9박스+슬림플러스2박스+후라이팬,비에날씬 프로,비에날씬,다이어트 유산균,BNR17 유산균,확정,비에날씬프로,식품,9,119,58770000,,,validated_paid_insert,paid_schedule_api,2026-08-24T09:58:59.606668+09:00,,,1,2026-08-24T09:58:58.972312+09:00,2026-08-24T09:58:59.606668+09:00
a6175f4da12b91af7225caae441abef6,2026-08-19,2026-08-19T14:35:00+09:00,2026-08-19T15:30:00+09:00,hs_cjonstyle,CJ온스타일,[국민영양프로젝트] 여에스더 포스파티딜세린 10박스(5개월분)+블루베리퓨레,여에스더 포스파티딜세린 10박스 +블루베리퓨레,여에스더 포스파티딜세린 10박스 +블루베리퓨레,,,,미분류,,식품,8,903,80367000,,,validated_paid_insert,paid_schedule_api,2026-08-24T09:58:59.606668+09:00,,,1,2026-08-24T09:58:58.972312+09:00,2026-08-24T09:58:59.606668+09:00
8a4629759b4a3fc36ce1c9e63a048537,2026-08-19,2026-08-19T14:40:00+09:00,2026-08-19T15:20:00+09:00,hs_lotteimallonetv,롯데원티비,[락토핏] □[전고객 4개월 더] 종근당건강 락토핏 맥스19 12개월+4개월 (총 16개월분),□ 종근당건강 락토핏 맥스19 12개월+4개월,□ 종근당건강 락토핏 맥스19 12개월+4개월,,,,미분류,,식품,1,44,5676000,,,validated_paid_insert,paid_schedule_api,2026-08-24T09:58:59.606668+09:00,,,1,2026-08-24T09:58:58.972312+09:00,2026-08-24T09:58:59.606668+09:00
db03687013ff3c0cf6a39a0c86250806,2026-08-19,2026-08-19T14:41:00+09:00,2026-08-19T15:43:00+09:00,hs_nsmallshopplus,NS홈쇼핑 샵플러스,해남땅끝마을김치1,해남땅끝마을김치1,해남땅끝마을김치,,김치,배추,확정,해남땅끝마을김치,식품,2,1238,45682200,,,validated_paid_insert,paid_schedule_api,2026-08-24T09:58:59.606668+09:00,,,1,2026-08-24T09:58:58.972312+09:00,2026-08-24T09:58:59.606668+09:00
036612f1a9395bd8d579a63fb439a5d9,2026-08-19,2026-08-19T14:45:00+09:00,2026-08-19T15:45:00+09:00,hs_cjonstyleplus,CJ온스타일 플러스,대원헬스 아스타 루지 20개월분,대원헬스 아스타 루지 20개월분,대원헬스 아스타 루지,대원헬스,건강식품/눈건강,루테인/카로티노이드,확정,대원헬스 아스타 루지,식품,2,228,30447000,,,validated_paid_insert,paid_schedule_api,2026-08-24T09:58:59.606668+09:00,,,1,2026-08-24T09:58:58.972312+09:00,2026-08-24T09:58:59.606668+09:00
73a369a5a9d1d16c873c8823d34defe1,2026-08-19,2026-08-19T14:45:00+09:00,2026-08-19T15:40:00+09:00,hs_gongyoung,공영쇼핑,신덕재 두부장인의 두부세트,신덕재 두부장인의 두부세트,신덕재 두부장인의 두부세트,,,,미분류,,식품,2,1222,36662800,,,validated_paid_insert,paid_schedule_api,2026-08-24T09:58:59.606668+09:00,,,1,2026-08-24T09:58:58.972312+09:00,2026-08-24T09:58:59.606668+09:00
091c0679d7c102c31d00a5cabd18f835,2026-08-19,2026-08-19T15:10:00+09:00,2026-08-19T16:00:00+09:00,hs_hnsmall,홈앤쇼핑,*농할할인*[상주농협]햇 황도 복숭아 4kg,*농할 * 햇 황도 복숭아 4kg,*농할 * 햇 황도 복숭아 4kg,,,,미분류,,식품,1,1960,78204000,,,validated_paid_insert,paid_schedule_api,2026-08-24T09:58:59.606668+09:00,,,1,2026-08-24T09:58:58.972312+09:00,2026-08-24T09:58:59.606668+09:00
9f8dd9deae6ecff6b60f14573d2a65e7,2026-08-19,2026-08-19T15:10:00+09:00,2026-08-19T16:12:00+09:00,hs_nsmall,NS홈쇼핑,이경제침향원,이경제침향원,이경제침향원,,,,미분류,,식품,1,284,90596000,,,validated_paid_insert,paid_schedule_api,2026-08-24T09:58:59.606668+09:00,,,1,2026-08-24T09:58:58.972312+09:00,2026-08-24T09:58:59.606668+09:00
4228eab3270772fa53b67e09fbe586b8,2026-08-19,2026-08-19T15:31:00+09:00,2026-08-19T16:32:00+09:00,hs_skstoa,SK스토아,"올레마켓 제주 은갈치 400g*4미(미당 3토막 / 총 12토막, 1.6kg) | 원산지 : 상품정보 참조",올레마켓 제주 은갈치 400g*4미 | 원산지 : 상품정보 참조,올레마켓 제주 은갈치 400g*4미 | 원산지 : 상품정보 참조,,,,미분류,,식품,1,355,23575550,,,validated_paid_insert,paid_schedule_api,2026-08-24T09:58:59.606668+09:00,,,1,2026-08-24T09:58:58.972312+09:00,2026-08-24T09:58:59.606668+09:00
8483a1e2882c9c48de2e2aa5ffe5ecfd,2026-08-19,2026-08-19T15:31:00+09:00,2026-08-19T16:32:00+09:00,hs_skstoa,SK스토아,살아있는 실의 힘 검정약콩 나또 40팩 | 원산지 : 상품정보 참조,살아있는 실의 힘 검정약콩 나또 40팩 | 원산지 : 상품정보 참조,살아있는 실의 힘 검정약콩 나또 40팩 | 원산지 : 상품정보 참조,,,,미분류,,식품,1,292,14570800,,,validated_paid_insert,paid_schedule_api,2026-08-24T09:58:59.606668+09:00,,,1,2026-08-24T09:58:58.972312+09:00,2026-08-24T09:58:59.606668+09:00
ccce970ba9cf82eba641fd88029defe6,2026-08-19,2026-08-19T15:40:00+09:00,2026-08-19T16:40:00+09:00,hs_gongyoung,공영쇼핑,명미당 제주쑥 저당떡(50개),명미당 제주쑥 저당떡,명미당 제주쑥 저당떡,,,,미분류,,식품,1,2012,80278800,,,validated_paid_insert,paid_schedule_api,2026-08-24T09:58:59.606668+09:00,,,1,2026-08-24T09:58:58.972312+09:00,2026-08-24T09:58:59.606668+09:00
37281312622a18c9dc5cb4bad7814ea8,2026-08-19,2026-08-19T15:42:00+09:00,2026-08-19T16:44:00+09:00,hs_nsmallshopplus,NS홈쇼핑 샵플러스,고춧가루4,고춧가루4,고춧가루4,,조미식품,고추,확인필요,고춧가루4,식품,2,308,37338300,,,validated_paid_insert,paid_schedule_api,2026-08-24T09:58:59.606668+09:00,,,1,2026-08-24T09:58:58.972312+09:00,2026-08-24T09:58:59.606668+09:00
9f50d08a17133e2723881523b90d5b49,2026-08-19,2026-08-19T16:00:00+09:00,2026-08-19T16:51:00+09:00,hs_hnsmall,홈앤쇼핑,정준하 야무진 포기김치 10kg + 갓석박지 1kg,정준하 야무진 포기김치 10kg + 갓석박지 1kg,정준하 야무진 포기김치 10kg + 갓석박지 1kg,,,,미분류,,식품,1,1068,53293200,,,validated_paid_insert,paid_schedule_api,2026-08-24T09:58:59.606668+09:00,,,1,2026-08-24T09:58:58.972312+09:00,2026-08-24T09:58:59.606668+09:00
48b7f86b0c50aee6bf1ea73a04fbccd8,2026-08-19,2026-08-19T16:10:00+09:00,2026-08-19T16:51:00+09:00,hs_nsmall,NS홈쇼핑,목우촌훈제오리,목우촌훈제오리,목우촌훈제오리,,,,확인필요,목우촌훈제오리,식품,8,708,40249460,,,validated_paid_insert,paid_schedule_api,2026-08-24T09:58:59.606668+09:00,,,1,2026-08-24T09:58:58.972312+09:00,2026-08-24T09:58:59.606668+09:00
579c2e25957c30b344d19bf0b2579f8b,2026-08-19,2026-08-19T16:30:00+09:00,2026-08-19T17:31:00+09:00,hs_hmall,현대홈쇼핑,베네팜 저온압착 대마종자유 250ml x 6병,베네팜 저온압착 대마종자유 250ml x 6병,베네팜 저온압착 대마종자유 250ml x 6병,,,,미분류,,식품,2,875,120041000,,,validated_paid_insert,paid_schedule_api,2026-08-24T09:58:59.606668+09:00,,,1,2026-08-24T09:58:58.972312+09:00,2026-08-24T09:58:59.606668+09:00
df5fa87648195fab1b87cc4a233d49e9,2026-08-19,2026-08-19T16:30:00+09:00,2026-08-19T18:30:00+09:00,hs_cjonstyle,CJ온스타일,(방송에서만 3통 더) 정호영 셰프의 맛좋은 백명란 400g x 5통 + 비빔용 백명란 100g x 3통,정호영 셰프의 맛좋은 백명란 400g x 5통 + 비빔용 백명란 100g x 3통,정호영 셰프의 맛좋은 백명란 400g x 5통 + 비빔용 백명란 100g x 3통,,,,미분류,,식품,2,7161,387186900,,,validated_paid_insert,paid_schedule_api,2026-08-24T09:58:59.606668+09:00,,,1,2026-08-24T09:58:58.972312+09:00,2026-08-24T09:58:59.606668+09:00
1618edfc16967edc292760bb7c7d323e,2026-08-19,2026-08-19T16:31:00+09:00,2026-08-19T17:32:00+09:00,hs_skstoa,SK스토아,●[50프로세일] 콘드로이친 1200 콘레이티+MBP+K2 12박스 + 초임계 비타민K2 2박스 | 원산지 : 상품정보 참조,● 콘드로이친 1200 콘레이티+MBP+K2 12박스 + 초임계 비타민K2 2박스 | 원산지 : 상품정보 참조,● 콘드로이친 1200 콘레이티+MBP+K2 12박스 + 초임계 비타민K2 2박스 | 원산지 : 상품정보 참조,,,,확인필요,● 콘드로이친 1200 콘레이티+MBP+K2 12박스 + 초임계 비타민K2 2박스 | 원산지 : 상품정보 참조,식품,2,490,78265000,,,validated_paid_insert,paid_schedule_api,2026-08-24T09:58:59.606668+09:00,,,1,2026-08-24T09:58:58.972312+09:00,2026-08-24T09:58:59.606668+09:00
814ce8757b133711601f65b39f6d051f,2026-08-19,2026-08-19T16:33:00+09:00,2026-08-19T17:34:00+09:00,hs_shopntmall,쇼핑엔티,(방송에서만 4팩 더!) 임성근의 국내산 특 키로도가니탕 1kg x 12팩 (총 12kg),임성근의 국내산 특 키로도가니탕 1kg x 12팩,임성근의 국내산 특 키로도가니탕 1kg x 12팩,,,,미분류,,식품,1,1262,75593800,,,validated_paid_insert,paid_schedule_api,2026-08-24T09:58:59.606668+09:00,,,1,2026-08-24T09:58:58.972312+09:00,2026-08-24T09:58:59.606668+09:00
ea41a176a71496cdcbf9901f8da0f073,2026-08-19,2026-08-19T16:35:00+09:00,2026-08-19T17:36:00+09:00,hs_lotteimall,롯데홈쇼핑,[덴마크 유산균이야기] □[덴프스]덴마크 유산균이야기 6병(12개월분),□ 덴마크 유산균이야기 6병,□ 덴마크 유산균이야기 6병,,,,미분류,,식품,1,155,27621000,,,validated_paid_insert,paid_schedule_api,2026-08-24T09:58:59.606668+09:00,,,1,2026-08-24T09:58:58.972312+09:00,2026-08-24T09:58:59.606668+09:00
b73cc541b335bc959c7876c131f46add,2026-08-19,2026-08-19T16:38:00+09:00,2026-08-19T17:42:00+09:00,hs_kshop,KT알파쇼핑,오늘제주_은갈치,오늘제주_은갈치,오늘제주_은갈치,,,,확인필요,오늘제주_은갈치,식품,3,1678,100542200,,,validated_paid_insert,paid_schedule_api,2026-08-24T09:58:59.606668+09:00,,,1,2026-08-24T09:58:58.972312+09:00,2026-08-24T09:58:59.606668+09:00
e23d08d288604a016fdfe0d79dd32a91,2026-08-19,2026-08-19T16:38:00+09:00,2026-08-19T17:39:00+09:00,hs_gsshopmyshop,GS홈쇼핑 마이샵,닥터린 콘드로이친 1200 콘레이티+MBP+K2 12개월분 + 비타민K2 2박스 더,닥터린 콘드로이친 1200 콘레이티+MBP+K2 12개월분 + 비타민K2 2박스 더,닥터린 콘드로이친 1200 콘레이티+MBP+K2 12개월분 + 비타민K2 2박스 더,,,,확인필요,닥터린 콘드로이친 1200 콘레이티+MBP+K2 12개월분 + 비타민K2 2박스 더,식품,2,326,50572000,,,validated_paid_insert,paid_schedule_api,2026-08-24T09:58:59.606668+09:00,,,1,2026-08-24T09:58:58.972312+09:00,2026-08-24T09:58:59.606668+09:00
3ef3ca0a3ace09433fe845bc43ee529a,2026-08-19,2026-08-19T16:40:00+09:00,2026-08-19T17:40:00+09:00,hs_gongyoung,공영쇼핑,[명진] 국내산병어180g(2마리)×7팩+손질가자미180g(3마리)×7팩,국내산병어180g ×7팩+손질가자미180g ×7팩,국내산병어180g ×7팩+손질가자미180g ×7팩,,,,미분류,,식품,1,3068,122413200,,,validated_paid_insert,paid_schedule_api,2026-08-24T09:58:59.606668+09:00,,,1,2026-08-24T09:58:58.972312+09:00,2026-08-24T09:58:59.606668+09:00
3a05696379622286637f467c25f0a24c,2026-08-19,2026-08-19T16:42:00+09:00,2026-08-19T17:44:00+09:00,hs_nsmallshopplus,NS홈쇼핑 샵플러스,못난이사과1,못난이사과1,못난이사과1,,,,미분류,,식품,1,1303,51989700,,,validated_paid_insert,paid_schedule_api,2026-08-24T09:58:59.606668+09:00,,,1,2026-08-24T09:58:58.972312+09:00,2026-08-24T09:58:59.606668+09:00
e0636900ebdb4e1c01e3d46ed6cd6436,2026-08-19,2026-08-19T16:45:00+09:00,2026-08-19T17:45:00+09:00,hs_cjonstyleplus,CJ온스타일 플러스,퍼플에디션 4+1 총5박스(100봉),퍼플에디션 4+1 총5박스,퍼플에디션 4+1 총5박스,,,,미분류,,식품,2,892,80957100,,,validated_paid_insert,paid_schedule_api,2026-08-24T09:58:59.606668+09:00,,,1,2026-08-24T09:58:58.972312+09:00,2026-08-24T09:58:59.606668+09:00
73c5dfd2d1856721a78c0a674fd2dca5,2026-08-19,2026-08-19T16:50:00+09:00,2026-08-19T17:41:00+09:00,hs_hnsmall,홈앤쇼핑,"리고 100% 땅콩버터 세트(크리미 453g x 3병 + 청키 453g x 3병, 총 6병)",리고 100% 땅콩버터 세트,리고 100% 땅콩버터 세트,,,,미분류,,식품,14,1985,98643400,,,validated_paid_insert,paid_schedule_api,2026-08-24T09:58:59.606668+09:00,,,1,2026-08-24T09:58:58.972312+09:00,2026-08-24T09:58:59.606668+09:00
b67a4c24133bb3f082816ebb5d41a0d1,2026-08-19,2026-08-19T16:50:00+09:00,2026-08-19T17:41:00+09:00,hs_nsmall,NS홈쇼핑,빅마마도가니탕,빅마마도가니탕,빅마마도가니탕,,,,미분류,,식품,4,2609,156233770,,,validated_paid_insert,paid_schedule_api,2026-08-24T09:58:59.606668+09:00,,,1,2026-08-24T09:58:58.972312+09:00,2026-08-24T09:58:59.606668+09:00
2458358acaea349ad72294a3b423d725,2026-08-19,2026-08-19T17:20:00+09:00,2026-08-19T18:00:00+09:00,hs_lotteimallonetv,롯데원티비,"[제주가마당 ] 제주 특대 고등어 160gx18팩, 2.88kg 이상","제주 특대 고등어 160gx18팩, 2.88kg 이상","제주 특대 고등어 160gx18팩, 2.88kg 이상",,,,미분류,,식품,1,309,13877190,,,validated_paid_insert,paid_schedule_api,2026-08-24T09:58:59.606668+09:00,,,1,2026-08-24T09:58:58.972312+09:00,2026-08-24T09:58:59.606668+09:00
2cfc3a3915715d5c5f5ba31262d1009a,2026-08-19,2026-08-19T17:30:00+09:00,2026-08-19T18:31:00+09:00,hs_hmall,현대홈쇼핑,[올바른가] 박정수 자연산 순살 옥돔 총 30토막,박정수 자연산 순살 옥돔 총 30토막,박정수 자연산 순살 옥돔 총 30토막,,,,확인필요,박정수 자연산 순살 옥돔 총 30토막,식품,1,4186,250741400,,,validated_paid_insert,paid_schedule_api,2026-08-24T09:58:59.606668+09:00,,,1,2026-08-24T09:58:58.972312+09:00,2026-08-24T09:58:59.606668+09:00
3b655b03b5bdf5aa98b2787bcec54dab,2026-08-19,2026-08-19T17:33:00+09:00,2026-08-19T18:33:00+09:00,hs_shopntmall,쇼핑엔티,[해동찬가] 볶음용 멸치 150g 3봉 + 조림용 멸치 150g 5봉 [총 8봉 1.2kg],볶음용 멸치 150g 3봉 + 조림용 멸치 150g 5봉,볶음용 멸치 150g 3봉 + 조림용 멸치 150g 5봉,,,,미분류,,식품,1,1215,36328500,,,validated_paid_insert,paid_schedule_api,2026-08-24T09:58:59.606668+09:00,,,1,2026-08-24T09:58:58.972312+09:00,2026-08-24T09:58:59.606668+09:00
5dec47d0ae387b586ae9cd9151eb578a,2026-08-19,2026-08-19T17:34:00+09:00,2026-08-19T18:35:00+09:00,hs_shinsegae,신세계쇼핑,26) 조선호텔 양념 LA갈비 400g X 8팩,26) 조선호텔 양념 LA갈비 400g X 8팩,26) 조선호텔 양념 LA갈비 400g X 8팩,,,,미분류,,식품,1,667,86643300,,,validated_paid_insert,paid_schedule_api,2026-08-24T09:58:59.606668+09:00,,,1,2026-08-24T09:58:58.972312+09:00,2026-08-24T09:58:59.606668+09:00
db96c49b258809542e30bbff6340a479,2026-08-19,2026-08-19T17:35:00+09:00,2026-08-19T18:35:00+09:00,hs_lotteimall,롯데홈쇼핑,[(주)마니커 에프앤지] 버팔로봉골드 400g 5봉+버팔로윙골드 400g 3봉,버팔로봉골드 400g 5봉+버팔로윙골드 400g 3봉,버팔로봉골드 400g 5봉+버팔로윙골드 400g 3봉,,,,미분류,,식품,1,2194,129226600,,,validated_paid_insert,paid_schedule_api,2026-08-24T09:58:59.606668+09:00,,,1,2026-08-24T09:58:58.972312+09:00,2026-08-24T09:58:59.606668+09:00
cc964a6307e81a9265f7d433a863ff27,2026-08-19,2026-08-19T17:38:00+09:00,2026-08-19T18:38:00+09:00,hs_gsshopmyshop,GS홈쇼핑 마이샵,산지애 아삭아삭 햇복숭아 총 9kg (3kg*3box),산지애 아삭아삭 햇복숭아 총 9kg,산지애 아삭아삭 햇복숭아,산지애,과일,복숭아,확정,산지애 아삭아삭 햇복숭아,식품,2,1107,66019300,,,validated_paid_insert,paid_schedule_api,2026-08-24T09:58:59.606668+09:00,,,1,2026-08-24T09:58:58.972312+09:00,2026-08-24T09:58:59.606668+09:00
cc1c154104a76b63d977315efbc92d6d,2026-08-19,2026-08-19T17:39:00+09:00,2026-08-19T18:43:00+09:00,hs_kshop,KT알파쇼핑,닥터린_콘드로이친K2,닥터린_콘드로이친K2,닥터린_콘드로이친K2,,,,미분류,,식품,2,226,35487000,,,validated_paid_insert,paid_schedule_api,2026-08-24T09:58:59.606668+09:00,,,1,2026-08-24T09:58:58.972312+09:00,2026-08-24T09:58:59.606668+09:00
a9be413ba3053b98f53c421d82a88410,2026-08-19,2026-08-19T17:40:00+09:00,2026-08-19T18:41:00+09:00,hs_hnsmall,홈앤쇼핑,관절엔 콘드로이친 1200 12박스(12개월분) + 식물성 오메가3 2개월분,관절엔 콘드로이친 1200 12박스 + 식물성 오메가3 2개월분,관절엔 콘드로이친,관절엔,건강식품/관절,콘드로이친,확정,관절엔 콘드로이친,식품,3,181,101155000,,,validated_paid_insert,paid_schedule_api,2026-08-24T09:58:59.606668+09:00,,,1,2026-08-24T09:58:58.972312+09:00,2026-08-24T09:58:59.606668+09:00
b8e5df54c798cf963823bc475ea2d630,2026-08-19,2026-08-19T17:40:00+09:00,2026-08-19T18:31:00+09:00,hs_nsmall,NS홈쇼핑,이봉원순살조기,이봉원순살조기,이봉원순살조기,,,,미분류,,식품,1,3450,137655000,,,validated_paid_insert,paid_schedule_api,2026-08-24T09:58:59.606668+09:00,,,1,2026-08-24T09:58:58.972312+09:00,2026-08-24T09:58:59.606668+09:00
e3c8517d71ba9b46ee03814f1ca8d21b,2026-08-19,2026-08-19T17:40:00+09:00,2026-08-19T18:40:00+09:00,hs_gongyoung,공영쇼핑,[주부식탁]  무뼈 닭발 150g×9팩 ,무뼈 닭발 150g×9팩,무뼈 닭발 150g×9팩,,,,미분류,,식품,1,2086,83231400,,,validated_paid_insert,paid_schedule_api,2026-08-24T09:58:59.606668+09:00,,,1,2026-08-24T09:58:58.972312+09:00,2026-08-24T09:58:59.606668+09:00
6aab43c326abcbc8ec6fa3f12a1e8e4a,2026-08-19,2026-08-19T17:42:00+09:00,2026-08-19T18:44:00+09:00,hs_nsmallshopplus,NS홈쇼핑 샵플러스,임성근갈비탕1,임성근갈비탕1,임성근갈비탕,임성근,탕/간편식,소고기,확정,임성근갈비탕,식품,3,775,46422500,,,validated_paid_insert,paid_schedule_api,2026-08-24T09:58:59.606668+09:00,,,1,2026-08-24T09:58:58.972312+09:00,2026-08-24T09:58:59.606668+09:00
8e98ce3d954a213953b1531c8652f5cf,2026-08-19,2026-08-19T17:45:00+09:00,2026-08-19T18:45:00+09:00,hs_cjonstyleplus,CJ온스타일 플러스,한우 우삼겹 130g x 9팩,한우 우삼겹 130g x 9팩,한우 우삼겹 130g x 9팩,,,,미분류,,식품,1,956,47704400,,,validated_paid_insert,paid_schedule_api,2026-08-24T09:58:59.606668+09:00,,,1,2026-08-24T09:58:58.972312+09:00,2026-08-24T09:58:59.606668+09:00
51416b73c08561f3a5cbecdca22a6bca,2026-08-19,2026-08-19T18:31:00+09:00,2026-08-19T19:32:00+09:00,hs_skstoa,SK스토아,(방송에서만)카무트® 브랜드 밀을 담은 견과바 80개입+쇼핑백2장 | 원산지 : 상품정보 참조,카무트® 브랜드 밀을 담은 견과바 80개입+쇼핑백2장 | 원산지 : 상품정보 참조,카무트® 브랜드 밀을 담은 견과바 80개입+쇼핑백2장 | 원산지 : 상품정보 참조,,,,미분류,,식품,2,865,49217700,,,validated_paid_insert,paid_schedule_api,2026-08-24T09:58:59.606668+09:00,,,1,2026-08-24T09:58:58.972312+09:00,2026-08-24T09:58:59.606668+09:00
c345e2a80571638a75b2a939b706e373,2026-08-19,2026-08-19T18:31:00+09:00,2026-08-19T19:32:00+09:00,hs_skstoa,SK스토아,이종임 더 푸짐한 도가니탕 700g x 10팩 총7kg | 원산지 : 상품정보 참조,이종임 더 푸짐한 도가니탕 700g x 10팩 총7kg | 원산지 : 상품정보 참조,이종임 더 푸짐한 도가니탕 700g x 10팩 총7kg | 원산지 : 상품정보 참조,,,,미분류,,식품,1,311,18628900,,,validated_paid_insert,paid_schedule_api,2026-08-24T09:58:59.606668+09:00,,,1,2026-08-24T09:58:58.972312+09:00,2026-08-24T09:58:59.606668+09:00
e3ed9258d8e5eaa4c1ad4dff139a4e50,2026-08-19,2026-08-19T18:32:00+09:00,2026-08-19T19:33:00+09:00,hs_shopntmall,쇼핑엔티,[초특가] 대원제약 아스타잔틴 루테인지아잔틴(아스타루지) 20개월분 + 저압냄비,대원제약 아스타잔틴 루테인지아잔틴 20개월분 + 저압냄비,대원제약 아스타잔틴 루테인지아잔틴 20개월분 + 저압냄비,,,,미분류,,식품,1,230,31740000,,,validated_paid_insert,paid_schedule_api,2026-08-24T09:58:59.606668+09:00,,,1,2026-08-24T09:58:58.972312+09:00,2026-08-24T09:58:59.606668+09:00
411ca4cf818d83ce41d1bc5ea40fb89e,2026-08-19,2026-08-19T18:40:00+09:00,2026-08-19T19:40:00+09:00,hs_gongyoung,공영쇼핑,국내산 손질 문어 1.3kg(130g×10팩),국내산 손질 문어 1.3kg,국내산 손질 문어 1.3kg,,,,확인필요,국내산 손질 문어 1.3kg,식품,1,1983,98951700,,,validated_paid_insert,paid_schedule_api,2026-08-24T09:58:59.606668+09:00,,,1,2026-08-24T09:58:58.972312+09:00,2026-08-24T09:58:59.606668+09:00
d882bb591093ff5835aee07f26977698,2026-08-19,2026-08-19T18:40:00+09:00,2026-08-19T19:36:00+09:00,hs_hnsmall,홈앤쇼핑,[방송에서만1팩더]소팔소곱창 한가득 소곱창전골 700g x 8팩,소팔소곱창 한가득 소곱창전골 700g x 8팩,소팔소곱창 한가득 소곱창전골 700g x 8팩,,,,미분류,,식품,5,2228,111157200,,,validated_paid_insert,paid_schedule_api,2026-08-24T09:58:59.606668+09:00,,,1,2026-08-24T09:58:58.972312+09:00,2026-08-24T09:58:59.606668+09:00
f120ca1f0c28117c621fcbc850f00550,2026-08-19,2026-08-19T18:42:00+09:00,2026-08-19T19:44:00+09:00,hs_nsmallshopplus,NS홈쇼핑 샵플러스,오한진알부민1,오한진알부민1,오한진 알부민,오한진,건강식품/단백질,알부민,확정,오한진알부민,식품,2,95,24381000,,,validated_paid_insert,paid_schedule_api,2026-08-24T09:58:59.606668+09:00,,,1,2026-08-24T09:58:58.972312+09:00,2026-08-24T09:58:59.606668+09:00
043f5467cd5e5077159bbc401991ab71,2026-08-19,2026-08-19T19:30:00+09:00,2026-08-19T20:38:00+09:00,hs_nsmall,NS홈쇼핑,해통령육수명장,해통령육수명장,해통령육수명장,,,,확인필요,해통령육수명장,식품,14,2331,116596770,,,validated_paid_insert,paid_schedule_api,2026-08-24T09:58:59.606668+09:00,,,1,2026-08-24T09:58:58.972312+09:00,2026-08-24T09:58:59.606668+09:00
b3d287be1b8541e03fde4af06349d9ea,2026-08-19,2026-08-19T19:31:00+09:00,2026-08-19T20:31:00+09:00,hs_skstoa,SK스토아,[방송중에만] ◆황성주 박사의 1일1생식 라이프밀 6박스+2박스+흔들컵2개◆ | 원산지 : 상품정보 참조,◆황성주 박사의 1일1생식 라이프밀 6박스+2박스+흔들컵2개◆ | 원산지 : 상품정보 참조,◆황성주 박사의 1일1생식 라이프밀 6박스+2박스+흔들컵2개◆ | 원산지 : 상품정보 참조,,,,확인필요,◆황성주 박사의 1일1생식 라이프밀 6박스+2박스+흔들컵2개◆ | 원산지 : 상품정보 참조,식품,3,485,143152000,,,validated_paid_insert,paid_schedule_api,2026-08-24T09:58:59.606668+09:00,,,1,2026-08-24T09:58:58.972312+09:00,2026-08-24T09:58:59.606668+09:00
8bb4d7a15b260d68f2eba64f7ea1db84,2026-08-19,2026-08-19T19:35:00+09:00,2026-08-19T20:45:00+09:00,hs_gsshop,GS홈쇼핑,뉴트리코어 하이퍼셀 코큐텐 앰플 조윤주 요청 패키지,뉴트리코어 하이퍼셀 코큐텐 앰플 조윤주 요청 패키지,뉴트리코어 하이퍼셀 코큐텐 앰플 조윤주 요청 패키지,,,,미분류,,식품,3,729,345771000,,,validated_paid_insert,paid_schedule_api,2026-08-24T09:58:59.606668+09:00,,,1,2026-08-24T09:58:58.972312+09:00,2026-08-24T09:58:59.606668+09:00
b211bde726e0248a522625c55b239a07,2026-08-19,2026-08-19T19:35:00+09:00,2026-08-19T20:36:00+09:00,hs_shinsegae,신세계쇼핑,[유지인pick♥] 미녀의석류콜라겐 200포 (25g x 25포 x 8Box),미녀의석류콜라겐 200포,미녀의석류콜라겐 200포,,,,확인필요,미녀의석류콜라겐 200포,식품,1,804,89244000,,,validated_paid_insert,paid_schedule_api,2026-08-24T09:58:59.606668+09:00,,,1,2026-08-24T09:58:58.972312+09:00,2026-08-24T09:58:59.606668+09:00
be02e4dc1a2e7e3640e58b685a234f38,2026-08-19,2026-08-19T19:35:00+09:00,2026-08-19T20:46:00+09:00,hs_cjonstyle,CJ온스타일,[방송에서만] 황성주 박사의 라이프 밀6 + 2박스 + 흔들컵2,황성주 박사의 라이프 밀6 + 2박스 + 흔들컵2,황성주 박사의 라이프 밀6 + 2박스 + 흔들컵2,,,,미분류,,식품,2,747,221626000,,,validated_paid_insert,paid_schedule_api,2026-08-24T09:58:59.606668+09:00,,,1,2026-08-24T09:58:58.972312+09:00,2026-08-24T09:58:59.606668+09:00
0a4e58b4a0edccbd6473fc56f4e5fd78,2026-08-19,2026-08-19T19:40:00+09:00,2026-08-19T20:40:00+09:00,hs_lotteimallonetv,롯데원티비,[방송에서만]임성근의 특키로 갈비탕 1kg x 12팩,임성근의 특키로 갈비탕 1kg x 12팩,임성근의 특키로 갈비탕 1kg x 12팩,,,,확인필요,임성근의 특키로 갈비탕 1kg x 12팩,식품,1,385,23061500,,,validated_paid_insert,paid_schedule_api,2026-08-24T09:58:59.606668+09:00,,,1,2026-08-24T09:58:58.972312+09:00,2026-08-24T09:58:59.606668+09:00
1dd1374e0cf9ba1ea1afc8b67b5d6429,2026-08-19,2026-08-19T19:40:00+09:00,2026-08-19T20:40:00+09:00,hs_gongyoung,공영쇼핑,"2026 햇사레 복숭아 천중도 4kg * 1박스(11~16과 이내, 개당 250~375g)",2026 햇사레 복숭아 천중도 4kg * 1박스,2026 햇사레 복숭아 천중도 4kg * 1박스,,,,미분류,,식품,2,4170,166383000,,,validated_paid_insert,paid_schedule_api,2026-08-24T09:58:59.606668+09:00,,,1,2026-08-24T09:58:58.972312+09:00,2026-08-24T09:58:59.606668+09:00
c78879ee0273c1a0d8d3b2aa78187e30,2026-08-19,2026-08-19T19:42:00+09:00,2026-08-19T20:43:00+09:00,hs_nsmallshopplus,NS홈쇼핑 샵플러스,유정임김치1,유정임김치1,유정임김치1,,,,미분류,,식품,4,2177,65122300,,,validated_paid_insert,paid_schedule_api,2026-08-24T09:58:59.606668+09:00,,,1,2026-08-24T09:58:58.972312+09:00,2026-08-24T09:58:59.606668+09:00
0acb4d52257aab5d9869884442fb0a33,2026-08-19,2026-08-19T20:35:00+09:00,2026-08-19T21:43:00+09:00,hs_nsmall,NS홈쇼핑,두뇌엔닥터PS,두뇌엔닥터PS,두뇌엔 닥터PS,두뇌엔,건강식품/두뇌·인지,포스파티딜세린,확정,두뇌엔닥터PS,식품,3,513,252091000,,,validated_paid_insert,paid_schedule_api,2026-08-24T09:58:59.606668+09:00,,,1,2026-08-24T09:58:58.972312+09:00,2026-08-24T09:58:59.606668+09:00
41af277fba9070557719f24ff995d852,2026-08-19,2026-08-19T20:35:00+09:00,2026-08-19T21:37:00+09:00,hs_shinsegae,신세계쇼핑,[방송에서만] 최현석 횡성축협한우 한돈한우 직화스테이크 160g*21팩(총 42장) [직],최현석 횡성축협한우 한돈한우 직화스테이크 160g*21팩,최현석 횡성축협한우 한돈한우 직화스테이크,최현석,육류,소고기/육류,확정,최현석 횡성축협한우 한돈한우 직화스테이크,식품,1,2718,162808200,,,validated_paid_insert,paid_schedule_api,2026-08-24T09:58:59.606668+09:00,,,1,2026-08-24T09:58:58.972312+09:00,2026-08-24T09:58:59.606668+09:00
ce0f9d067e152482846259026b94493e,2026-08-19,2026-08-19T20:40:00+09:00,2026-08-19T21:45:00+09:00,hs_gongyoung,공영쇼핑,한명숙 특 소한마리보양탕 800gx10팩,한명숙 특 소한마리보양탕 800gx10팩,한명숙 특 소한마리보양탕 800gx10팩,,,,미분류,,식품,5,3691,147270900,,,validated_paid_insert,paid_schedule_api,2026-08-24T09:58:59.606668+09:00,,,1,2026-08-24T09:58:58.972312+09:00,2026-08-24T09:58:59.606668+09:00
46310f23bbf17920fa4a7675e182040f,2026-08-19,2026-08-19T20:45:00+09:00,2026-08-19T21:45:00+09:00,hs_gsshop,GS홈쇼핑,비에날씬 프로 다이어트 유산균(3박스),비에날씬 프로 다이어트 유산균,비에날씬 프로,비에날씬,다이어트 유산균,BNR17 유산균,확정,비에날씬프로,식품,3,601,299166000,,,validated_paid_insert,paid_schedule_api,2026-08-24T09:58:59.606668+09:00,,,1,2026-08-24T09:58:58.972312+09:00,2026-08-24T09:58:59.606668+09:00
bd08796f259be29e313881b1e69dfccb,2026-08-19,2026-08-19T21:40:00+09:00,2026-08-19T22:40:00+09:00,hs_lotteimallonetv,롯데원티비,[교원투어 ] 교원투어 치앙마이 5/6일 패키지,교원투어 치앙마이 5/6일 패키지,교원투어 치앙마이 5/6일 패키지,,제외,,제외,교원투어,식품,1,0,0,,,validated_paid_insert,paid_schedule_api,2026-08-24T09:58:59.606668+09:00,,,1,2026-08-24T09:58:58.972312+09:00,2026-08-24T09:58:59.606668+09:00
10c60ac65a314894c6771bee3c8042a9,2026-08-19,2026-08-19T21:45:00+09:00,2026-08-19T22:50:00+09:00,hs_gongyoung,공영쇼핑,"[이경제] 이경제 흑염소 진액 眞 (70ml×30포)×8박스+1박스, 총 270포","이경제 흑염소 진액 眞 ×8박스+1박스, 총 270포",이경제 흑염소 진액 진,이경제,동물성 진액,흑염소,확정,이경제 흑염소 진액 眞 ×,식품,3,218,56258000,,,validated_paid_insert,paid_schedule_api,2026-08-24T09:58:59.606668+09:00,,,1,2026-08-24T09:58:58.972312+09:00,2026-08-24T09:58:59.606668+09:00
735c59170981bad2cbdb4e8dadbda103,2026-08-19,2026-08-19T22:36:00+09:00,2026-08-19T23:38:00+09:00,hs_shinsegae,신세계쇼핑,(방송에서만) 뉴케어 당플랜 코어 144팩 + 당플랜 안심바 36개(2봉),뉴케어 당플랜 코어 144팩 + 당플랜 안심바 36개,뉴케어 당플랜 코어 144팩 + 당플랜 안심바 36개,,,,미분류,,식품,2,114,27126000,,,validated_paid_insert,paid_schedule_api,2026-08-24T09:58:59.606668+09:00,,,1,2026-08-24T09:58:58.972312+09:00,2026-08-24T09:58:59.606668+09:00
aded405b9ede3b647f60dc7c87a8b763,2026-08-19,2026-08-19T23:43:00+09:00,2026-08-20T00:46:00+09:00,hs_nsmallshopplus,NS홈쇼핑 샵플러스,추어탕1,추어탕1,추어탕1,,,,미분류,,식품,1,709,27580100,,,validated_paid_insert,paid_schedule_api,2026-08-24T09:58:59.606668+09:00,,,1,2026-08-24T09:58:58.972312+09:00,2026-08-24T09:58:59.606668+09:00
084d5b57996a82a60614b933e2ce11ce,2026-08-19,2026-08-19T23:55:00+09:00,2026-08-20T01:00:00+09:00,hs_lotteimall,롯데홈쇼핑,[방송에서만 반값세일]♥영라뉴 장용성 파비플로라 PRO 다이어트 24주분 (440 mgx14 캡슐x12박스),♥영라뉴 장용성 파비플로라 PRO 다이어트 24주분,♥영라뉴 장용성 파비플로라 PRO 다이어트 24주분,,,,미분류,,식품,2,396,66924000,,,validated_paid_insert,paid_schedule_api,2026-08-24T09:58:59.606668+09:00,,,1,2026-08-24T09:58:58.972312+09:00,2026-08-24T09:58:59.606668+09:00
9bdda10495a1d079dc24f5878dd90f29,2026-08-20,2026-08-20T00:31:00+09:00,2026-08-20T01:31:00+09:00,hs_skstoa,SK스토아,(방송에서만 10만원 세일) 시서스 필 다이어트 24주분 (6박스) | 원산지 : 상품정보 참조,시서스 필 다이어트 24주분 | 원산지 : 상품정보 참조,시서스 필 다이어트,,다이어트,시서스,확정,시서스 필 다이어트,식품,2,98,17137300,,,captured,free_schedule_2350,2026-08-21T00:20:13.540648+09:00,,,1,2026-08-20T16:45:11.590783+09:00,2026-08-22T00:18:32.147025+09:00
2e2c61d32b4d37e4b802a00cbeada863,2026-08-20,2026-08-20T01:00:00+09:00,2026-08-20T02:01:00+09:00,hs_nsmall,NS홈쇼핑,히트상품 앵콜방송1부,히트상품 앵콜방송1부,히트상품 앵콜방송1부,,,,미분류,,식품,2,495,14800500,,,captured,free_schedule_2350,2026-08-21T00:20:13.540661+09:00,,,1,2026-08-20T16:45:11.590783+09:00,2026-08-22T00:18:32.147025+09:00
380ec5bd371e4a882c2308270f1d00e6,2026-08-20,2026-08-20T01:00:00+09:00,2026-08-20T02:00:00+09:00,hs_gsshop,GS홈쇼핑,뉴온 시서스 필 다이어트 2박스,뉴온 시서스 필 다이어트 2박스,뉴온 시서스 필 다이어트,뉴온,다이어트,시서스,확정,뉴온 시서스 필 다이어트,식품,2,195,37775400,,,captured,free_schedule_2350,2026-08-21T00:20:13.540666+09:00,,,1,2026-08-20T16:45:11.590783+09:00,2026-08-22T00:18:32.147025+09:00
39945995e51750f32ceb6683a434e80f,2026-08-20,2026-08-20T01:00:00+09:00,2026-08-20T02:00:00+09:00,hs_hnsmall,홈앤쇼핑,[뚜띠프루티]아이스 골드 망고 70g x 60팩 (총 4.2kg),아이스 골드 망고 70g x 60팩,아이스 골드 망고 70g x 60팩,,,,미분류,,식품,2,317,16153300,,,captured,free_schedule_2350,2026-08-21T00:20:13.540670+09:00,,,1,2026-08-20T16:45:11.590783+09:00,2026-08-22T00:18:32.147025+09:00
3d8e0330394676355251a5cf93f37e79,2026-08-20,2026-08-20T01:00:00+09:00,2026-08-20T01:30:00+09:00,hs_cjonstyle,CJ온스타일,우무면 3종.,우무면 3종.,우무면 3종.,,,,미분류,,식품,1,180,8064000,,,captured,free_schedule_2350,2026-08-21T00:20:13.540672+09:00,,,1,2026-08-20T16:45:11.590783+09:00,2026-08-22T00:18:32.147025+09:00
51612bd7a2e4d55c645ec7d6e573dea3,2026-08-20,2026-08-20T01:00:00+09:00,2026-08-20T02:01:00+09:00,hs_hmall,현대홈쇼핑,[보넬드]아이엠 당근주스 12병(1000ml x 12병),아이엠 당근주스 12병,보넬드 아이엠 당근주스,보넬드,과채주스,당근,확정,아이엠 당근주스,식품,2,59,12382000,,,captured,free_schedule_2350,2026-08-21T00:20:13.540675+09:00,,,1,2026-08-20T16:45:11.590783+09:00,2026-08-22T00:18:32.147025+09:00
7683d4b3d5da2162a9cdd6153aac70ae,2026-08-20,2026-08-20T01:00:00+09:00,2026-08-20T01:40:00+09:00,hs_hmallplus,현대홈쇼핑 플러스샵,[제스프리] 썬골드키위 점보 자이언트사이즈 총 3.2kg (21입 / 개당 155g 내외),썬골드키위 점보 자이언트사이즈 총 3.2kg,썬골드키위 점보 자이언트사이즈 총 3.2kg,,,,미분류,,식품,1,221,8596900,,,captured,free_schedule_2350,2026-08-21T00:20:13.540678+09:00,,,1,2026-08-20T16:45:11.590783+09:00,2026-08-22T00:18:32.147025+09:00
a51a2d82e580c8d02473bac906acc9c8,2026-08-20,2026-08-20T01:00:00+09:00,2026-08-20T01:55:00+09:00,hs_lotteimall,롯데홈쇼핑,[비에날씬] ☆슬림플러스 3박스 더☆ 비에날 씬 프로 9개월 (425mg x 30캡슐 x 9박스) + 슬림플러스 3박스 (10포 x 3박스),☆슬림플러스 3박스 더☆ 비에날 씬 프로 9개월 + 슬림플러스 3박스,비에날씬 프로,비에날씬,다이어트 유산균,BNR17 유산균,확정,비에날씬프로,식품,3,11,5506000,,,captured,free_schedule_2350,2026-08-21T00:20:13.540680+09:00,,,1,2026-08-20T16:45:11.590783+09:00,2026-08-22T00:18:32.147025+09:00
2e5be16d74a5350080cf19a7c10e68d0,2026-08-20,2026-08-20T01:31:00+09:00,2026-08-20T02:11:00+09:00,hs_skstoa,SK스토아,(방송에서만 10만원 세일) 시서스 필 다이어트 24주분 (6박스) | 원산지 : 상품정보 참조,시서스 필 다이어트 24주분 | 원산지 : 상품정보 참조,시서스 필 다이어트,,다이어트,시서스,확정,시서스 필 다이어트,식품,2,51,9175300,,,captured,free_schedule_2350,2026-08-21T00:20:13.540683+09:00,,,1,2026-08-20T16:45:11.590783+09:00,2026-08-22T00:18:32.147025+09:00
0fd592e53705d7b0f4996c4839ba356b,2026-08-20,2026-08-20T01:40:00+09:00,2026-08-20T02:20:00+09:00,hs_hmallplus,현대홈쇼핑 플러스샵,[닥터린] 콘드로이친 1200 콘레이티+MBP+K2 12개월분+비타민K2 2개월분,콘드로이친 1200 콘레이티+MBP+K2 12개월분+비타민K2 2개월분,콘드로이친 1200 콘레이티+MBP+K2 12개월분+비타민K2 2개월분,,,,미분류,,식품,2,7,2173000,,,captured,free_schedule_2350,2026-08-21T00:20:13.540685+09:00,,,1,2026-08-20T16:45:11.590783+09:00,2026-08-22T00:18:32.147025+09:00
c8b167c6907c9e5ba8f544c30ea9c8cd,2026-08-20,2026-08-20T01:44:00+09:00,2026-08-20T02:01:00+09:00,hs_nsmallshopplus,NS홈쇼핑 샵플러스,복숭아1,복숭아1,복숭아1,,,,미분류,,식품,1,82,2451800,,,captured,free_schedule_2350,2026-08-21T00:20:13.540687+09:00,,,1,2026-08-20T16:45:11.590783+09:00,2026-08-22T00:18:32.147025+09:00
7b4ce74aeeb4b9c65ff91262cc839aaf,2026-08-20,2026-08-20T02:00:00+09:00,2026-08-20T02:41:00+09:00,hs_nsmallshopplus,NS홈쇼핑 샵플러스,복숭아2,복숭아2,복숭아2,,,,미분류,,식품,1,318,9508200,,,captured,free_schedule_2350,2026-08-21T00:20:13.540690+09:00,,,1,2026-08-20T16:45:11.590783+09:00,2026-08-22T00:18:32.147025+09:00
9284ad9c96cb2abcc9d6e1f304eafd19,2026-08-20,2026-08-20T02:00:00+09:00,2026-08-20T02:41:00+09:00,hs_hmall,현대홈쇼핑,[마니커에프앤지]버팔로윙봉 시그니처 통날개구이 8팩,버팔로윙봉 시그니처 통날개구이 8팩,버팔로윙봉 시그니처 통날개구이 8팩,,,,미분류,,식품,1,304,18209600,,,captured,free_schedule_2350,2026-08-21T00:20:13.540693+09:00,,,1,2026-08-20T16:45:11.590783+09:00,2026-08-22T00:18:32.147025+09:00
a708947e5e3d044d9e1d900f030ee1ba,2026-08-20,2026-08-20T02:00:00+09:00,2026-08-20T03:00:00+09:00,hs_gsshop,GS홈쇼핑,[서울대학교 위바이옴] 최신상 두뇌엔 닥터 PS맥스 포스파티딜세린 3개월분,최신상 두뇌엔 닥터 PS맥스 포스파티딜세린 3개월분,두뇌엔 닥터PS,두뇌엔,건강식품/두뇌·인지,포스파티딜세린,확정,두뇌엔닥터PS,식품,3,35,15462000,,,captured,free_schedule_2350,2026-08-21T00:20:13.540695+09:00,,,1,2026-08-20T16:45:11.590783+09:00,2026-08-22T00:18:32.147025+09:00
aab531bafdba90e4aeb8472bae8d206c,2026-08-20,2026-08-20T02:00:00+09:00,2026-08-20T02:50:00+09:00,hs_gongyoung,공영쇼핑,"이로운떡 5종세트(40봉,120개)_서리태콩떡,호박인절미,쑥앙금절편,동부모시떡,동부비트떡","이로운떡 5종세트 _서리태콩떡,호박인절미,쑥앙금절편,동부모시떡,동부비트떡","이로운떡 5종세트 _서리태콩떡,호박인절미,쑥앙금절편,동부모시떡,동부비트떡",,,,미분류,,식품,1,271,13522900,,,captured,free_schedule_2350,2026-08-21T00:20:13.540698+09:00,,,1,2026-08-20T16:45:11.590783+09:00,2026-08-22T00:18:32.147025+09:00
cd35fa5984abdecc0e1d85278bc0c1dd,2026-08-20,2026-08-20T02:00:00+09:00,2026-08-20T02:30:00+09:00,hs_hnsmall,홈앤쇼핑,NFC 착즙 보넬드 아이엠 당근 15병 (1L X 15병),NFC 착즙 보넬드 아이엠 당근 15병,보넬드 아이엠 당근주스,보넬드,과채주스,당근,확정,NFC 착즙 보넬드 아이엠 당근,식품,1,16,3904000,,,captured,free_schedule_2350,2026-08-21T00:20:13.540701+09:00,,,1,2026-08-20T16:45:11.590783+09:00,2026-08-22T00:18:32.147025+09:00
e559cef227389b8d0e87a858f5b5e6ee,2026-08-20,2026-08-20T02:00:00+09:00,2026-08-20T03:01:00+09:00,hs_nsmall,NS홈쇼핑,히트상품 앵콜방송 2부,히트상품 앵콜방송 2부,히트상품 앵콜방송 2부,,,,미분류,,식품,4,99,7834300,,,captured,free_schedule_2350,2026-08-21T00:20:13.540703+09:00,,,1,2026-08-20T16:45:11.590783+09:00,2026-08-22T00:18:32.147025+09:00
f3dabd6576fe0764559bafdf0492ce0a,2026-08-20,2026-08-20T02:25:00+09:00,2026-08-20T02:30:00+09:00,hs_hmallplus,현대홈쇼핑 플러스샵,[이알하나] 이알하나 면역 LF300 6박스(24주분),이알하나 면역 LF300 6박스,이알하나 면역 LF300,이알하나,건강식품/면역,,확정,이알하나 면역 LF300,식품,1,0,0,,,captured,free_schedule_2350,2026-08-21T00:20:13.540706+09:00,,,1,2026-08-20T16:45:11.590783+09:00,2026-08-22T00:18:32.147025+09:00
99758e50be9ca25c39a9cc392c5b886e,2026-08-20,2026-08-20T02:30:00+09:00,2026-08-20T02:35:00+09:00,hs_hmallplus,현대홈쇼핑 플러스샵,[방송에서만 이가격][올록담]올리브3 지중해 엑스트라버진 올리브오일 캡슐 5박스 (120포),올리브3 지중해 엑스트라버진 올리브오일 캡슐 5박스,올리브3 지중해 엑스트라버진 올리브오일 캡슐,올리브3,건강식품/오일,올리브오일,확정,올리브3 지중해 엑스트라버진 올리브오일 캡슐,식품,1,2,256600,,,captured,free_schedule_2350,2026-08-21T00:20:13.540708+09:00,,,1,2026-08-20T16:45:11.590783+09:00,2026-08-22T00:18:32.147025+09:00
6b7cb0474062797854abcfa000ca40d3,2026-08-20,2026-08-20T02:31:00+09:00,2026-08-20T02:51:00+09:00,hs_gsshopmyshop,GS홈쇼핑 마이샵,하루틴 손흥민 패키지 리포좀 미네랄&멀티 비타민 12개월,하루틴 손흥민 패키지 리포좀 미네랄&멀티 비타민 12개월,하루틴 손흥민 패키지 리포좀 미네랄&멀티 비타민 12개월,,,,미분류,,식품,2,5,1311000,,,captured,free_schedule_2350,2026-08-21T00:20:13.540711+09:00,,,1,2026-08-20T16:45:11.590783+09:00,2026-08-22T00:18:32.147025+09:00
9aee8a90f41f4e2b049cc4af5f5f6589,2026-08-20,2026-08-20T02:40:00+09:00,2026-08-20T02:45:00+09:00,hs_hmallplus,현대홈쇼핑 플러스샵,[이알하나] 이알하나 면역 LF300 6박스(24주분),이알하나 면역 LF300 6박스,이알하나 면역 LF300,이알하나,건강식품/면역,,확정,이알하나 면역 LF300,식품,1,2,596000,,,captured,free_schedule_2350,2026-08-21T00:20:13.540713+09:00,,,1,2026-08-20T16:45:11.590783+09:00,2026-08-22T00:18:32.147025+09:00
ab8aea94a48da74c1f52e32db8603f7d,2026-08-20,2026-08-20T02:45:00+09:00,2026-08-20T02:50:00+09:00,hs_hmallplus,현대홈쇼핑 플러스샵,[방송에서만 이가격][올록담]올리브3 지중해 엑스트라버진 올리브오일 캡슐 5박스 (120포),올리브3 지중해 엑스트라버진 올리브오일 캡슐 5박스,올리브3 지중해 엑스트라버진 올리브오일 캡슐,올리브3,건강식품/오일,올리브오일,확정,올리브3 지중해 엑스트라버진 올리브오일 캡슐,식품,1,-1,-128300,,,captured,free_schedule_2350,2026-08-21T00:20:13.540715+09:00,,,1,2026-08-20T16:45:11.590783+09:00,2026-08-22T00:18:32.147025+09:00
f4b22219f7c33eaea49431bc42b87dcc,2026-08-20,2026-08-20T02:51:00+09:00,2026-08-20T03:51:00+09:00,hs_shopntmall,쇼핑엔티,[방송에서만 6+6] 안국약품 리포좀 오메가3 (총 12개월분),안국약품 리포좀 오메가3,안국약품 리포좀 오메가3,,,,미분류,,식품,1,64,6336000,,,captured,free_schedule_2350,2026-08-21T00:20:13.540718+09:00,,,1,2026-08-20T16:45:11.590783+09:00,2026-08-22T00:18:32.147025+09:00
e08881c22bf0f3aafc02a7afd1a7ca64,2026-08-20,2026-08-20T02:55:00+09:00,2026-08-20T03:00:00+09:00,hs_hmallplus,현대홈쇼핑 플러스샵,[이알하나] 이알하나 면역 LF300 6박스(24주분),이알하나 면역 LF300 6박스,이알하나 면역 LF300,이알하나,건강식품/면역,,확정,이알하나 면역 LF300,식품,1,0,0,,,captured,free_schedule_2350,2026-08-21T00:20:13.540720+09:00,,,1,2026-08-20T16:45:11.590783+09:00,2026-08-22T00:18:32.147025+09:00
0f1fb12757082f148c4d6bbb89e0d341,2026-08-20,2026-08-20T03:00:00+09:00,2026-08-20T03:20:00+09:00,hs_hmallplus,현대홈쇼핑 플러스샵,[셀렉스] 프로틴 고소한맛 304gx5캔+보틀1개,프로틴 고소한맛 304gx5캔+보틀1개,프로틴 고소한맛 304gx5캔 보틀1개,,단백질/프로틴,단백질,확정,프로틴 고소한맛 304gx5캔 보틀1개,식품,1,5,899000,,,captured,free_schedule_2350,2026-08-21T00:20:13.540723+09:00,,,1,2026-08-20T16:45:11.590783+09:00,2026-08-22T00:18:32.147025+09:00
3c7dac251aa345c679bdc75322cf67e1,2026-08-20,2026-08-20T03:12:00+09:00,2026-08-20T03:32:00+09:00,hs_gsshopmyshop,GS홈쇼핑 마이샵,대원헬스 혈당파이터  10박스(20개월분),대원헬스 혈당파이터 10박스,대원헬스 혈당파이터,대원헬스,건강식품/혈당관리,,확정,대원헬스 혈당파이터,식품,1,3,594000,,,captured,free_schedule_2350,2026-08-21T00:20:13.540725+09:00,,,1,2026-08-20T16:45:11.590783+09:00,2026-08-22T00:18:32.147025+09:00
43d81b02bf0208185d7f35f2a0fce707,2026-08-20,2026-08-20T03:20:00+09:00,2026-08-20T03:25:00+09:00,hs_hmallplus,현대홈쇼핑 플러스샵,[방송에서만 이가격][올록담]올리브3 지중해 엑스트라버진 올리브오일 캡슐 5박스 (120포),올리브3 지중해 엑스트라버진 올리브오일 캡슐 5박스,올리브3 지중해 엑스트라버진 올리브오일 캡슐,올리브3,건강식품/오일,올리브오일,확정,올리브3 지중해 엑스트라버진 올리브오일 캡슐,식품,1,0,0,,,captured,free_schedule_2350,2026-08-21T00:20:13.540728+09:00,,,1,2026-08-20T16:45:11.590783+09:00,2026-08-22T00:18:32.147025+09:00
cc8024d257db60e84403f625f978aef5,2026-08-20,2026-08-20T03:20:00+09:00,2026-08-20T03:51:00+09:00,hs_gongyoung,공영쇼핑,[리뉴얼] 레드플러스청양구기자17통+스푼5개_R,레드플러스청양구기자17통+스푼5개_R,레드플러스청양구기자17통+스푼5개_R,,,,미분류,,식품,1,10,1580000,,,captured,free_schedule_2350,2026-08-21T00:20:13.540730+09:00,,,1,2026-08-20T16:45:11.590783+09:00,2026-08-22T00:18:32.147025+09:00
508f72e62d97457f8b02bcea32c20d8d,2026-08-20,2026-08-20T03:25:00+09:00,2026-08-20T04:15:00+09:00,hs_hnsmall,홈앤쇼핑,"[한채원] 밥대신 현미귀리 곤약즉석밥 150g, 20개입","밥대신 현미귀리 곤약즉석밥 150g, 20개입","밥대신 현미귀리 곤약즉석밥 150g, 20개입",,,,미분류,,식품,1,168,5527200,,,captured,free_schedule_2350,2026-08-21T00:20:13.540732+09:00,,,1,2026-08-20T16:45:11.590783+09:00,2026-08-22T00:18:32.147025+09:00
f90cc93b7a03711c1c4aaee262197009,2026-08-20,2026-08-20T03:30:00+09:00,2026-08-20T03:35:00+09:00,hs_hmallplus,현대홈쇼핑 플러스샵,[이알하나] 이알하나 면역 LF300 6박스(24주분),이알하나 면역 LF300 6박스,이알하나 면역 LF300,이알하나,건강식품/면역,,확정,이알하나 면역 LF300,식품,1,0,0,,,captured,free_schedule_2350,2026-08-21T00:20:13.540735+09:00,,,1,2026-08-20T16:45:11.590783+09:00,2026-08-22T00:18:32.147025+09:00
df6da2faa3e042819a4282a3de8f0df0,2026-08-20,2026-08-20T03:35:00+09:00,2026-08-20T03:40:00+09:00,hs_hmallplus,현대홈쇼핑 플러스샵,[방송에서만 이가격][올록담]올리브3 지중해 엑스트라버진 올리브오일 캡슐 5박스 (120포),올리브3 지중해 엑스트라버진 올리브오일 캡슐 5박스,올리브3 지중해 엑스트라버진 올리브오일 캡슐,올리브3,건강식품/오일,올리브오일,확정,올리브3 지중해 엑스트라버진 올리브오일 캡슐,식품,1,0,0,,,captured,free_schedule_2350,2026-08-21T00:20:13.540737+09:00,,,1,2026-08-20T16:45:11.590783+09:00,2026-08-22T00:18:32.147025+09:00
57f5ce000f6de0553188f042ac9b48aa,2026-08-20,2026-08-20T03:39:00+09:00,2026-08-20T04:00:00+09:00,hs_shinsegae,신세계쇼핑,[상시] 그레인온 골드 카무트 효소 14박스+파로 5봉,그레인온 골드 카무트 효소 14박스+파로 5봉,그레인온 골드 카무트 효소 14박스+파로 5봉,,,,미분류,,식품,1,0,0,,,captured,free_schedule_2350,2026-08-21T00:20:13.540739+09:00,,,1,2026-08-20T16:45:11.590783+09:00,2026-08-22T00:18:32.147025+09:00
5222f616fb0a0e004b713637d7affa6f,2026-08-20,2026-08-20T03:45:00+09:00,2026-08-20T03:50:00+09:00,hs_hmallplus,현대홈쇼핑 플러스샵,[이알하나] 이알하나 면역 LF300 6박스(24주분),이알하나 면역 LF300 6박스,이알하나 면역 LF300,이알하나,건강식품/면역,,확정,이알하나 면역 LF300,식품,1,0,0,,,captured,free_schedule_2350,2026-08-21T00:20:13.540742+09:00,,,1,2026-08-20T16:45:11.590783+09:00,2026-08-22T00:18:32.147025+09:00
ef376ff8f8c173ff53b0d085e31fc95d,2026-08-20,2026-08-20T03:50:00+09:00,2026-08-20T04:00:00+09:00,hs_hmallplus,현대홈쇼핑 플러스샵,[방송에서만 이가격][올록담]올리브3 지중해 엑스트라버진 올리브오일 캡슐 5박스 (120포),올리브3 지중해 엑스트라버진 올리브오일 캡슐 5박스,올리브3 지중해 엑스트라버진 올리브오일 캡슐,올리브3,건강식품/오일,올리브오일,확정,올리브3 지중해 엑스트라버진 올리브오일 캡슐,식품,1,0,0,,,captured,free_schedule_2350,2026-08-21T00:20:13.540744+09:00,,,1,2026-08-20T16:45:11.590783+09:00,2026-08-22T00:18:32.147025+09:00
999466ecc21511e03a427fed63c9d1b9,2026-08-20,2026-08-20T03:53:00+09:00,2026-08-20T04:13:00+09:00,hs_gsshopmyshop,GS홈쇼핑 마이샵,대원헬스 아스타루지 20박스(20개월분),대원헬스 아스타루지 20박스,대원헬스 아스타 루지,대원헬스,건강식품/눈건강,루테인/카로티노이드,확정,대원헬스 아스타 루지,식품,1,1,276000,,,captured,free_schedule_2350,2026-08-21T00:20:13.540747+09:00,,,1,2026-08-20T16:45:11.590783+09:00,2026-08-22T00:18:32.147025+09:00
f37556ce851d59fd1d8f258d56ebb7ba,2026-08-20,2026-08-20T03:57:00+09:00,2026-08-20T04:18:00+09:00,hs_shopntmall,쇼핑엔티,한국야쿠르트 엠프로 프로바이오틱스 윌 플러스 6박스 (6개월분),한국야쿠르트 엠프로 프로바이오틱스 윌 플러스 6박스,한국야쿠르트 엠프로 프로바이오틱스 윌 플러스 6박스,,,,미분류,,식품,1,0,0,,,captured,free_schedule_2350,2026-08-21T00:20:13.540749+09:00,,,1,2026-08-20T16:45:11.590783+09:00,2026-08-22T00:18:32.147025+09:00
07d5a453323bc75b1c180687d693c89f,2026-08-20,2026-08-20T03:59:00+09:00,2026-08-20T04:20:00+09:00,hs_shinsegae,신세계쇼핑,윤방부 박사의 넘버원 PS 5개월분 (2g x 30포 x 5박스),윤방부 박사의 넘버원 PS 5개월분,윤방부 박사의 넘버원 PS,,건강식품/두뇌·인지,포스파티딜세린,확정,윤방부 박사의 넘버원 PS,식품,1,7,1386000,,,captured,free_schedule_2350,2026-08-21T00:20:13.540751+09:00,,,1,2026-08-20T16:45:11.590783+09:00,2026-08-22T00:18:32.147025+09:00
08c5c0059bdf94b0c39490f4faabc23b,2026-08-20,2026-08-20T04:00:00+09:00,2026-08-20T05:01:00+09:00,hs_nsmall,NS홈쇼핑,히트상품 앵콜방송4부,히트상품 앵콜방송4부,히트상품 앵콜방송4부,,,,미분류,,식품,2,463,14833700,,,captured,free_schedule_2350,2026-08-21T00:20:13.540754+09:00,,,1,2026-08-20T16:45:11.590783+09:00,2026-08-22T00:18:32.147025+09:00
e0adb75ccf9ec3d2c18ce102cabdac1c,2026-08-20,2026-08-20T04:00:00+09:00,2026-08-20T04:05:00+09:00,hs_lotteimallonetv,롯데원티비,[태현] 알뜰 못난이 보조개 초록사과 3kg,알뜰 못난이 보조개 초록사과 3kg,알뜰 못난이 보조개 초록사과 3kg,,,,미분류,,식품,1,4,79600,,,captured,free_schedule_2350,2026-08-21T00:20:13.540756+09:00,,,1,2026-08-20T16:45:11.590783+09:00,2026-08-22T00:18:32.147025+09:00
e2f879c7dee83926f69b08ccd90e7c32,2026-08-20,2026-08-20T04:00:00+09:00,2026-08-20T04:20:00+09:00,hs_hmallplus,현대홈쇼핑 플러스샵,알파CD 원데이핏 알파시클로덱스트린 난소화성말토덱스트린 14포 6+6박스 총 168포,알파CD 원데이핏 알파시클로덱스트린 난소화성말토덱스트린 14포 6+6박스 총 168포,알파CD 원데이핏 알파시클로덱스트린 난소화성말토덱스트린 14포 6+6박스 총 168포,,,,미분류,,식품,2,38,1961200,,,captured,free_schedule_2350,2026-08-21T00:20:13.540759+09:00,,,1,2026-08-20T16:45:11.590783+09:00,2026-08-22T00:18:32.147025+09:00
a48ba8293c0588439a8fbf00c762877d,2026-08-20,2026-08-20T04:15:00+09:00,2026-08-20T04:35:00+09:00,hs_lotteimall,롯데홈쇼핑,"[설아래] 설아래 문경 오미자차 90mlx14포x4박스, 총56포","설아래 문경 오미자차 90mlx14포x4박스, 총56포",설아래 문경 오미자차 90mlx14포x4박스,설아래,차/음료,오미자,확정,설아래 문경 오미자차 90mlx14포x4박스,식품,1,7,559300,,,captured,free_schedule_2350,2026-08-21T00:20:13.540761+09:00,,,1,2026-08-20T16:45:11.590783+09:00,2026-08-22T00:18:32.147025+09:00
8a2873c3bb8189bb96df9c264c72952f,2026-08-20,2026-08-20T04:19:00+09:00,2026-08-20T04:30:00+09:00,hs_shinsegae,신세계쇼핑,[방송에서만] 한끼든든 장어탕 350g x 8팩 + 1팩 더 (총 9팩),한끼든든 장어탕 350g x 8팩 + 1팩 더,한끼든든 장어탕 350g x 8팩 + 1팩 더,,,,미분류,,식품,2,12,598800,,,captured,free_schedule_2350,2026-08-21T00:20:13.540763+09:00,,,1,2026-08-20T16:45:11.590783+09:00,2026-08-22T00:18:32.147025+09:00
5fea4ca4fa917415df98d886e693573e,2026-08-20,2026-08-20T04:40:00+09:00,2026-08-20T05:20:00+09:00,hs_hmallplus,현대홈쇼핑 플러스샵,[방송에서만4+4]골드 카무트 효소 프리미엄 8박스,골드 카무트 효소 프리미엄 8박스,골드 카무트 효소,,건강식품/효소,효소,확정,골드 카무트 효소 프리미엄,식품,1,113,11187000,,,captured,free_schedule_2350,2026-08-21T00:20:13.540766+09:00,,,1,2026-08-20T16:45:11.590783+09:00,2026-08-22T00:18:32.147025+09:00
682ce29ecb4e04c40272185b27dfb3f2,2026-08-20,2026-08-20T04:41:00+09:00,2026-08-20T05:44:00+09:00,hs_nsmallshopplus,NS홈쇼핑 샵플러스,정성가득ABC주스1,정성가득ABC주스1,정성가득ABC주스1,,,,미분류,,식품,1,182,12649000,,,captured,free_schedule_2350,2026-08-21T00:20:13.540768+09:00,,,1,2026-08-20T16:45:11.590783+09:00,2026-08-22T00:18:32.147025+09:00
15a9fa24bc4d110c9fab883c8fd18b51,2026-08-20,2026-08-20T05:00:00+09:00,2026-08-20T05:31:00+09:00,hs_gsshop,GS홈쇼핑,지예찬 쭈꾸미볶음 400g 5팩,지예찬 쭈꾸미볶음 400g 5팩,지예찬 쭈꾸미볶음 400g 5팩,,,,미분류,,식품,1,158,7884200,,,captured,free_schedule_2350,2026-08-21T00:20:13.540771+09:00,,,1,2026-08-20T16:45:11.590783+09:00,2026-08-22T00:18:32.147025+09:00
5174474d4886ef8a0fd594c3282f325b,2026-08-20,2026-08-20T05:00:00+09:00,2026-08-20T06:00:00+09:00,hs_gongyoung,공영쇼핑,강병원 한우투뿔 스테이크 130gx10팩,강병원 한우투뿔 스테이크 130gx10팩,강병원 한우투뿔 스테이크 130gx10팩,,,,미분류,,식품,1,381,26631900,,,captured,free_schedule_2350,2026-08-21T00:20:13.540773+09:00,,,1,2026-08-20T16:45:11.590783+09:00,2026-08-22T00:18:32.147025+09:00
28d9162bee243e72e0c0d00faa430d27,2026-08-20,2026-08-20T05:15:00+09:00,2026-08-20T06:15:00+09:00,hs_lotteimall,롯데홈쇼핑,[홍성호 흑염소진액] ♥울릉도 마가목 흑염소♥방송에서만 체험분 3팩♥ 홍성호 울릉도 마가목 흑염소진액 프리미엄 (70ml x 33포 x 1박스),♥울릉도 마가목 흑염소♥방송에서만 체험분 3팩♥ 홍성호 울릉도 마가목 흑염소진액 프리미엄,♥울릉도 마가목 흑염소♥방송에서만 체험분 3팩♥ 홍성호 울릉도 마가목 흑염소진액 프리미엄,,,,미분류,,식품,2,60,12437000,,,captured,free_schedule_2350,2026-08-21T00:20:13.540776+09:00,,,1,2026-08-20T16:45:11.590783+09:00,2026-08-22T00:18:32.147025+09:00
fefe6c350c86c1b70fb82ea68c50ed61,2026-08-20,2026-08-20T05:15:00+09:00,2026-08-20T05:55:00+09:00,hs_gsshopmyshop,GS홈쇼핑 마이샵,최신상 갱년기유산균YT1 메노락토 오리진 9개월분 + 양우산 추가증정,최신상 갱년기유산균YT1 메노락토 오리진 9개월분 + 양우산 추가증정,최신상 갱년기유산균YT1 메노락토 오리진 9개월분 + 양우산 추가증정,,,,미분류,,식품,2,31,9269000,,,captured,free_schedule_2350,2026-08-21T00:20:13.540778+09:00,,,1,2026-08-20T16:45:11.590783+09:00,2026-08-22T00:18:32.147025+09:00
9e5e090cf8e0a3805983c58d804ac0b7,2026-08-20,2026-08-20T05:20:00+09:00,2026-08-20T06:00:00+09:00,hs_hmallplus,현대홈쇼핑 플러스샵,[방송에서만 이 구성]힐데스그레인 스펠트 15+5봉(300gx20봉)+저당밥솥,힐데스그레인 스펠트 15+5봉 +저당밥솥,힐데스그레인 스펠트 15+5봉 +저당밥솥,,,,미분류,,식품,1,33,2937000,,,captured,free_schedule_2350,2026-08-21T00:20:13.540781+09:00,,,1,2026-08-20T16:45:11.590783+09:00,2026-08-22T00:18:32.147025+09:00
ac9f6654b6d66915d091a8ad671fc478,2026-08-20,2026-08-20T05:30:00+09:00,2026-08-20T06:31:00+09:00,hs_shinsegae,신세계쇼핑,(방송에서만 50％세일) 데이즈온 원데이올인원 프리바이오틱스 유산균 12개월분 + 10일 무료체험,데이즈온 원데이올인원 프리바이오틱스 유산균 12개월분 + 10일,데이즈온 원데이올인원 프리바이오틱스 유산균 12개월분 + 10일,,,,미분류,,식품,1,203,38367000,,,captured,free_schedule_2350,2026-08-21T00:20:13.540783+09:00,,,1,2026-08-20T16:45:11.590783+09:00,2026-08-22T00:18:32.147025+09:00
b8ea890845b70a568b1baa8d8850d18b,2026-08-20,2026-08-20T05:30:00+09:00,2026-08-20T06:16:00+09:00,hs_gsshop,GS홈쇼핑,뉴트리코어 하이퍼셀 코엔자임Q10 맥스 12박스+6박스 더(방송에서만) 코큐텐 총 18개월분,뉴트리코어 하이퍼셀 코엔자임Q10 맥스 12박스+6박스 더 코큐텐 총 18개월분,뉴트리코어 하이퍼셀 코엔자임Q10 맥스 12박스+6박스 더 코큐텐 총 18개월분,,,,미분류,,식품,2,310,79990000,,,captured,free_schedule_2350,2026-08-21T00:20:13.540785+09:00,,,1,2026-08-20T16:45:11.590783+09:00,2026-08-22T00:18:32.147025+09:00
09c3d154c4086a122ad4de9a2815c403,2026-08-20,2026-08-20T05:35:00+09:00,2026-08-20T06:38:00+09:00,hs_kshop,KT알파쇼핑,HLB제약_맥문동진액,HLB제약_맥문동진액,HLB제약_맥문동진액,,,,미분류,,식품,1,185,23865000,,,captured,free_schedule_2350,2026-08-21T00:20:13.540788+09:00,,,1,2026-08-20T16:45:11.590783+09:00,2026-08-22T00:18:32.147025+09:00
2e93fe226cc19ccbe1ae5bf031ebff20,2026-08-20,2026-08-20T06:00:00+09:00,2026-08-20T07:15:00+09:00,hs_hnsmall,홈앤쇼핑,[건강동행] 락토핏 코어맥스 16개월 (180포2통 + 30포4박스) + 핸디청소기,락토핏 코어맥스 16개월 + 핸디청소기,락토핏 코어맥스 16개월 + 핸디청소기,,,,미분류,,식품,6,832,82368000,,,captured,free_schedule_2350,2026-08-21T00:20:13.540790+09:00,,,1,2026-08-20T16:45:11.590783+09:00,2026-08-22T00:18:32.147025+09:00
7b56c019323da6c3864e05786b3a9bed,2026-08-20,2026-08-20T06:00:00+09:00,2026-08-20T06:20:00+09:00,hs_hmallplus,현대홈쇼핑 플러스샵,올바른 파로 효소 골드 5박스 (총 5개월분 150포),올바른 파로 효소 골드 5박스,올바른 파로 효소 골드 5박스,,,,미분류,,식품,1,302,9029800,,,captured,free_schedule_2350,2026-08-21T00:20:13.540793+09:00,,,1,2026-08-20T16:45:11.590783+09:00,2026-08-22T00:18:32.147025+09:00
7301f23ba8fc24e8670e2c252d8af63b,2026-08-20,2026-08-20T06:15:00+09:00,2026-08-20T07:15:00+09:00,hs_lotteimall,롯데홈쇼핑,[위바이옴] □[전고객 한 박스 더!]두뇌엔 닥터 PS 맥스 6박스 + 두뇌엔 닥터PS 70 혈당케어 1박스,□ 두뇌엔 닥터 PS 맥스 6박스 + 두뇌엔 닥터PS 70 혈당케어 1박스,두뇌엔 닥터PS,두뇌엔,건강식품/두뇌·인지,포스파티딜세린,확정,두뇌엔닥터PS,식품,2,30,9396000,,,captured,free_schedule_2350,2026-08-21T00:20:13.540796+09:00,,,1,2026-08-20T16:45:11.590783+09:00,2026-08-22T00:18:32.147025+09:00
98af3c2de5ead2bdf455d702515778b1,2026-08-20,2026-08-20T06:15:00+09:00,2026-08-20T07:15:00+09:00,hs_cjonstyle,CJ온스타일,[국민영양프로젝트] 여에스더 포스파티딜세린 10박스(5개월분)+블루베리퓨레,여에스더 포스파티딜세린 10박스 +블루베리퓨레,여에스더 포스파티딜세린 10박스 +블루베리퓨레,,,,미분류,,식품,8,1080,96120000,,,captured,free_schedule_2350,2026-08-21T00:20:13.540798+09:00,,,1,2026-08-20T16:45:11.590783+09:00,2026-08-22T00:18:32.147025+09:00
cef7ea05d1de3c5c0c53fa2ba2f05ad0,2026-08-20,2026-08-20T06:15:00+09:00,2026-08-20T07:16:00+09:00,hs_hmall,현대홈쇼핑,[현대단독] 패밀리세트 비에날씬 프로 12박스+비에날퀸 1박스+비에날씬 플러스 1박스,패밀리세트 비에날씬 프로 12박스+비에날퀸 1박스+비에날씬 플러스 1박스,비에날씬 프로,비에날씬,다이어트 유산균,BNR17 유산균,확정,비에날씬프로,식품,4,287,169927000,,,captured,free_schedule_2350,2026-08-21T00:20:13.540800+09:00,,,1,2026-08-20T16:45:11.590783+09:00,2026-08-22T00:18:32.147025+09:00
e05a93c719824d967d45f844ab8491c4,2026-08-20,2026-08-20T06:30:00+09:00,2026-08-20T07:26:00+09:00,hs_nsmall,NS홈쇼핑,카사베르디와인비니거,카사베르디와인비니거,카사베르디와인비니거,,,,미분류,,식품,19,685,86625000,,,captured,free_schedule_2350,2026-08-21T00:20:13.540803+09:00,,,1,2026-08-20T16:45:11.590783+09:00,2026-08-22T00:18:32.147025+09:00
d93ff149aebd71cc0b0393985278fa86,2026-08-20,2026-08-20T06:36:00+09:00,2026-08-20T07:37:00+09:00,hs_shopntmall,쇼핑엔티,[50％세일] 골드 카무트 효소 12박스 +  파로 5봉 + 복부마사지기,골드 카무트 효소 12박스 + 파로 5봉 + 복부마사지기,골드 카무트 효소 12박스 + 파로 5봉 + 복부마사지기,,,,미분류,,식품,1,194,38412000,,,captured,free_schedule_2350,2026-08-21T00:20:13.540806+09:00,,,1,2026-08-20T16:45:11.590783+09:00,2026-08-22T00:18:32.147025+09:00
21f41f1315e71ab029476769e188b514,2026-08-20,2026-08-20T06:45:00+09:00,2026-08-20T07:45:00+09:00,hs_cjonstyleplus,CJ온스타일 플러스,[특집구성]다이어트 유산균 10개월분+ 프로틴14포+날개없는선풍기,다이어트 유산균 10개월분+ 프로틴14포+날개없는선풍기,다이어트 유산균 10개월분+ 프로틴14포+날개없는선풍기,,,,미분류,,식품,3,108,58720000,,,captured,free_schedule_2350,2026-08-21T00:20:13.540808+09:00,,,1,2026-08-20T16:45:11.590783+09:00,2026-08-22T00:18:32.147025+09:00
cfb80966faf2fbebec39c531bd04feed,2026-08-20,2026-08-20T07:25:00+09:00,2026-08-20T08:31:00+09:00,hs_nsmall,NS홈쇼핑,한삼인홍삼진플러스,한삼인홍삼진플러스,한삼인 홍삼진플러스,한삼인,건강식품/홍삼,홍삼,확정,한삼인홍삼진플러스,식품,21,304,60496000,,,captured,free_schedule_2350,2026-08-21T00:20:13.540810+09:00,,,1,2026-08-20T16:45:11.590783+09:00,2026-08-22T00:18:32.147025+09:00
1fbf9349d69d982a5bf5dcc3bac0c57f,2026-08-20,2026-08-20T07:36:00+09:00,2026-08-20T08:36:00+09:00,hs_gsshopmyshop,GS홈쇼핑 마이샵,여에스더 리포좀 NMN 울트라X 12+4박스,여에스더 리포좀 NMN 울트라X 12+4박스,여에스더 리포좀 NMN 울트라X,여에스더,건강식품/NMN,NMN,확정,여에스더 리포좀 NMN 울트라X,식품,3,177,55316000,,,captured,free_schedule_2350,2026-08-21T00:20:13.540813+09:00,,,1,2026-08-20T16:45:11.590783+09:00,2026-08-22T00:18:32.147025+09:00
6f9a4fc9efac321ff48b91b2cd8c1fa5,2026-08-20,2026-08-20T07:45:00+09:00,2026-08-20T08:45:00+09:00,hs_cjonstyleplus,CJ온스타일 플러스,여에스더 리포좀 NMN 울트라X 12+4박스,여에스더 리포좀 NMN 울트라X 12+4박스,여에스더 리포좀 NMN 울트라X,여에스더,건강식품/NMN,NMN,확정,여에스더 리포좀 NMN 울트라X,식품,2,153,48241000,,,captured,free_schedule_2350,2026-08-21T00:20:13.540815+09:00,,,1,2026-08-20T16:45:11.590783+09:00,2026-08-22T00:18:32.147025+09:00
877bb64f5ffa823e35c83bf060892369,2026-08-20,2026-08-20T08:29:00+09:00,2026-08-20T08:35:00+09:00,hs_lotteimallonetv,롯데원티비,[태현] 알뜰 못난이 보조개 초록사과 3kg,알뜰 못난이 보조개 초록사과 3kg,알뜰 못난이 보조개 초록사과 3kg,,,,미분류,,식품,1,27,537300,,,captured,free_schedule_2350,2026-08-21T00:20:13.540817+09:00,,,1,2026-08-20T16:45:11.590783+09:00,2026-08-22T00:18:32.147025+09:00
3f7cf4c45cb2873d7c740f1282d443c5,2026-08-20,2026-08-20T08:31:00+09:00,2026-08-20T09:31:00+09:00,hs_skstoa,SK스토아,[방송에서만]그린 아세로라 C 8+8박스(1.5g*14포*16박스) | 원산지 : 상품정보 참조,그린 아세로라 C 8+8박스 | 원산지 : 상품정보 참조,그린 아세로라 C,,건강식품/비타민,아세로라,확정,그린 아세로라 C,식품,2,353,80474000,,,captured,free_schedule_2350,2026-08-21T00:20:13.540819+09:00,,,1,2026-08-20T16:45:11.590783+09:00,2026-08-22T00:18:32.147025+09:00
03f7cd3445bfbd6746f04036a78af485,2026-08-20,2026-08-20T09:25:00+09:00,2026-08-20T10:25:00+09:00,hs_gsshop,GS홈쇼핑,한국인의 두유 유기농 서리태 콩물두유 10팩 1박스,한국인의 두유 유기농 서리태 콩물두유 10팩 1박스,한국인의 두유 유기농 서리태 콩물두유 10팩 1박스,,,,미분류,,식품,2,1182,114721800,,,captured,free_schedule_2350,2026-08-21T00:20:13.540822+09:00,,,1,2026-08-20T16:45:11.590783+09:00,2026-08-22T00:18:32.147025+09:00
ed2d17aebc833b5a41051ab799abe466,2026-08-20,2026-08-20T09:30:00+09:00,2026-08-20T10:31:00+09:00,hs_nsmall,NS홈쇼핑,두뇌엔닥터PS,두뇌엔닥터PS,두뇌엔 닥터PS,두뇌엔,건강식품/두뇌·인지,포스파티딜세린,확정,두뇌엔닥터PS,식품,3,274,118062000,,,captured,free_schedule_2350,2026-08-21T00:20:13.540824+09:00,,,1,2026-08-20T16:45:11.590783+09:00,2026-08-22T00:18:32.147025+09:00
abb7490c3d50c35e560645fb5bba9cfd,2026-08-20,2026-08-20T09:35:00+09:00,2026-08-20T10:36:00+09:00,hs_shopntmall,쇼핑엔티,[방송에서만 10주분] 김오곤 원장의 한방(One Punch) 다이어트 환,김오곤 원장의 한방 다이어트 환,김오곤 원장의 한방 다이어트 환,김오곤,다이어트,한방 환,확정,김오곤 원장의 한방 다이어트 환,식품,1,331,32769000,,,captured,free_schedule_2350,2026-08-21T00:20:13.540827+09:00,,,1,2026-08-20T16:45:11.590783+09:00,2026-08-22T00:18:32.147025+09:00
97ec33eac54bafcf8a7699d6e5599a54,2026-08-20,2026-08-20T09:45:00+09:00,2026-08-20T10:45:00+09:00,hs_cjonstyleplus,CJ온스타일 플러스,대원헬스 혈당파이터 10박스 (20개월분),대원헬스 혈당파이터 10박스,대원헬스 혈당파이터,대원헬스,건강식품/혈당관리,,확정,대원헬스 혈당파이터,식품,2,375,36918000,,,captured,free_schedule_2350,2026-08-21T00:20:13.540829+09:00,,,1,2026-08-20T16:45:11.590783+09:00,2026-08-22T00:18:32.147025+09:00
65992ffb188b214221c0ff648cc799fb,2026-08-20,2026-08-20T10:25:00+09:00,2026-08-20T11:35:00+09:00,hs_cjonstyle,CJ온스타일,잇몸유산균CMU 오라틱스  (1000mg x 30정) 12개월분,잇몸유산균CMU 오라틱스 12개월분,잇몸유산균CMU 오라틱스,,유산균,유산균,확정,잇몸유산균CMU 오라틱스,식품,2,381,134559000,,,captured,free_schedule_2350,2026-08-21T00:20:13.540832+09:00,,,1,2026-08-20T16:45:11.590783+09:00,2026-08-22T00:18:32.147025+09:00
968ef326c758befe852ae235599cca90,2026-08-20,2026-08-20T10:25:00+09:00,2026-08-20T11:35:00+09:00,hs_gongyoung,공영쇼핑,"도미솔김치 포기 8k+열무2k+총각2k+깻잎1k(총4종,13kg) ",도미솔김치 포기 8k+열무2k+총각2k+깻잎1k,도미솔김치 포기 8k+열무2k+총각2k+깻잎1k,,,,미분류,,식품,24,3279,195245100,,,captured,free_schedule_2350,2026-08-21T00:20:13.540834+09:00,,,1,2026-08-20T16:45:11.590783+09:00,2026-08-22T00:18:32.147025+09:00
597057086bb6c43d6279fa6aff442742,2026-08-20,2026-08-20T10:35:00+09:00,2026-08-20T11:35:00+09:00,hs_shopntmall,쇼핑엔티,[무항생제] 1등급 바짝오리불고기 2종 14팩(간장맛7+고추장맛7),1등급 바짝오리불고기 2종 14팩,1등급 바짝오리불고기 2종 14팩,,,,미분류,,식품,1,792,47440800,,,captured,free_schedule_2350,2026-08-21T00:20:13.540836+09:00,,,1,2026-08-20T16:45:11.590783+09:00,2026-08-22T00:18:32.147025+09:00
945ccff9b599125658223ed8f9f1b51c,2026-08-20,2026-08-20T10:35:00+09:00,2026-08-20T11:35:00+09:00,hs_lotteimallonetv,롯데원티비,"[방송에서만] 밥스누 The건강한 약콩100 두유 10팩 x 12박스, 총 120팩","밥스누 The건강한 약콩100 두유 10팩 x 12박스, 총 120팩","밥스누 The건강한 약콩100 두유 10팩 x 12박스, 총 120팩",,,,미분류,,식품,3,83,11060000,,,captured,free_schedule_2350,2026-08-21T00:20:13.540838+09:00,,,1,2026-08-20T16:45:11.590783+09:00,2026-08-22T00:18:32.147025+09:00
83f7442ce05417a857b82b2e74a91ef4,2026-08-20,2026-08-20T10:37:00+09:00,2026-08-20T11:38:00+09:00,hs_kshop,KT알파쇼핑,프롬바이오_위건강엔매스틱,프롬바이오_위건강엔매스틱,프롬바이오 매스틱,프롬바이오,건강식품/위건강,매스틱,확정,프롬바이오 위건강엔매스틱,식품,2,66,38234000,,,captured,free_schedule_2350,2026-08-21T00:20:13.540841+09:00,,,1,2026-08-20T16:45:11.590783+09:00,2026-08-22T00:18:32.147025+09:00
1f9d74e704f244b1eb058792468a7b15,2026-08-20,2026-08-20T10:40:00+09:00,2026-08-20T11:40:00+09:00,hs_hmallplus,현대홈쇼핑 플러스샵,[2026년산 햇고추] 태양초 청결 햇 고춧가루 3kg(500g 6팩),태양초 청결 햇 고춧가루 3kg,태양초 청결 햇 고춧가루,,조미식품,고추,확정,태양초 청결 햇 고춧가루,식품,2,838,78103200,,,captured,free_schedule_2350,2026-08-21T00:20:13.540843+09:00,,,1,2026-08-20T16:45:11.590783+09:00,2026-08-22T00:18:32.147025+09:00
02f04d08b5f5476dce7d60b309973c79,2026-08-20,2026-08-20T11:30:00+09:00,2026-08-20T12:31:00+09:00,hs_nsmall,NS홈쇼핑,임성근포기김치,임성근포기김치,임성근포기김치,,,,미분류,,식품,3,2785,111121500,,,captured,free_schedule_2350,2026-08-21T00:20:13.540845+09:00,,,1,2026-08-20T16:45:11.590783+09:00,2026-08-22T00:18:32.147025+09:00
b7c15fd9f909d1828f33619b8e9dfab4,2026-08-20,2026-08-20T11:32:00+09:00,2026-08-20T12:34:00+09:00,hs_shinsegae,신세계쇼핑,26년산 안면도 태양초 고춧가루 4kg(500g X 8봉),26년산 안면도 태양초 고춧가루 4kg,26년산 안면도 태양초 고춧가루 4kg,,,,미분류,,식품,9,257,31626900,,,captured,free_schedule_2350,2026-08-21T00:20:13.540848+09:00,,,1,2026-08-20T16:45:11.590783+09:00,2026-08-22T00:18:32.147025+09:00
bd1a2ac8d18ec729ca578bfd18521f85,2026-08-20,2026-08-20T11:32:00+09:00,2026-08-20T12:34:00+09:00,hs_shinsegae,신세계쇼핑,삼육두유 검은콩 볶은귀리 60팩 + 흑임자두유 45팩 (총105팩),삼육두유 검은콩 볶은귀리 60팩 + 흑임자두유 45팩,삼육두유 검은콩 볶은귀리 60팩 + 흑임자두유 45팩,,,,미분류,,식품,8,440,24940000,,,captured,free_schedule_2350,2026-08-21T00:20:13.540850+09:00,,,1,2026-08-20T16:45:11.590783+09:00,2026-08-22T00:18:32.147025+09:00
0af91f32dab466f1c85054f0f45b1b12,2026-08-20,2026-08-20T11:35:00+09:00,2026-08-20T12:35:00+09:00,hs_gsshop,GS홈쇼핑,닥터파이토 덴티백 PRO 구강유산균 M18 14박스,닥터파이토 덴티백 PRO 구강유산균 M18 14박스,닥터파이토 덴티백 PRO 구강유산균 M18,닥터파이토,유산균,유산균,확정,닥터파이토 덴티백 PRO 구강유산균 M18,식품,2,472,143896000,,,captured,free_schedule_2350,2026-08-21T00:20:13.540853+09:00,,,1,2026-08-20T16:45:11.590783+09:00,2026-08-22T00:18:32.147025+09:00
5da0642245e5e2e11b7197b52e80759d,2026-08-20,2026-08-20T11:35:00+09:00,2026-08-20T12:35:00+09:00,hs_lotteimall,롯데홈쇼핑,[에버콜라겐] ○[76주+미니2병] NEW 에버콜라겐 레티놀 A 19병+미니2병,○ NEW 에버콜라겐 레티놀 A 19병+미니2병,○ NEW 에버콜라겐 레티놀 A 19병+미니2병,,,,미분류,,식품,5,58,31182000,,,captured,free_schedule_2350,2026-08-21T00:20:13.540855+09:00,,,1,2026-08-20T16:45:11.590783+09:00,2026-08-22T00:18:32.147025+09:00
6390f42c7985cfed20215eb258d43d07,2026-08-20,2026-08-20T11:35:00+09:00,2026-08-20T12:40:00+09:00,hs_hnsmall,홈앤쇼핑,[방송에서만 6+3][더블]데이즈온 파라다이스 그레인 버닝 12주분(700mg x 28정 x 6박스)+3박스 더,데이즈온 파라다이스 그레인 버닝 12주분 +3박스 더,데이즈온 파라다이스그레인,데이즈온,다이어트/건강식품,곡물,확정,데이즈온 파라다이스그레인,식품,2,650,155423000,,,captured,free_schedule_2350,2026-08-21T00:20:13.540858+09:00,,,1,2026-08-20T16:45:11.590783+09:00,2026-08-22T00:18:32.147025+09:00
7758245d05b5119c60505724d3ba943c,2026-08-20,2026-08-20T11:35:00+09:00,2026-08-20T12:40:00+09:00,hs_gongyoung,공영쇼핑,우리콩 우렁강된장 100g×6통+멸치강된장 100g×6통,우리콩 우렁강된장 100g×6통+멸치강된장 100g×6통,우리콩 우렁강된장 100g×6통+멸치강된장 100g×6통,,,,미분류,,식품,1,2099,83750100,,,captured,free_schedule_2350,2026-08-21T00:20:13.540860+09:00,,,1,2026-08-20T16:45:11.590783+09:00,2026-08-22T00:18:32.147025+09:00
8f7ef673ee1cc955698f838562779d87,2026-08-20,2026-08-20T11:35:00+09:00,2026-08-20T12:35:00+09:00,hs_lotteimallonetv,롯데원티비,[방송에서만 프로틴!] BNR17 다이어트 유산균 9개월 +  프로틴 14포 + 텀블러,BNR17 다이어트 유산균 9개월 + 프로틴 14포 + 텀블러,BNR17 다이어트 유산균 9개월 + 프로틴 14포 + 텀블러,,,,미분류,,식품,3,9,2957800,,,captured,free_schedule_2350,2026-08-21T00:20:13.540863+09:00,,,1,2026-08-20T16:45:11.590783+09:00,2026-08-22T00:18:32.147025+09:00
a427224f3824874de312a5a9c1c41139,2026-08-20,2026-08-20T11:36:00+09:00,2026-08-20T12:36:00+09:00,hs_gsshopmyshop,GS홈쇼핑 마이샵,덴프스 트루바이타민 올인원 멀티비타민&루테인&밀크씨슬 10개월분,덴프스 트루바이타민 올인원 멀티비타민&루테인&밀크씨슬 10개월분,덴프스 트루바이타민 올인원,덴프스,기타 식품,,확정,덴프스 트루바이타민 올인원,식품,2,109,30052000,,,captured,free_schedule_2350,2026-08-21T00:20:13.540865+09:00,,,1,2026-08-20T16:45:11.590783+09:00,2026-08-22T00:18:32.147025+09:00
040606927213f8b96e4b6a59a5b6958a,2026-08-20,2026-08-20T12:25:00+09:00,2026-08-20T13:16:00+09:00,hs_hmall,현대홈쇼핑,[콩사랑영농] 서리태콩즙 99.8 총 60팩 세트 (15팩 x 4박스 (팩당 180ml)),서리태콩즙 99.8 총 60팩 세트 ),서리태콩즙 99.8 총 60팩 세트 ),,,,미분류,,식품,2,1150,79905000,,,captured,free_schedule_2350,2026-08-21T00:20:13.540867+09:00,,,1,2026-08-20T16:45:11.590783+09:00,2026-08-22T00:18:32.147025+09:00
b30fb6a3ddc445b058aa7c90b0156fdc,2026-08-20,2026-08-20T12:31:00+09:00,2026-08-20T13:31:00+09:00,hs_skstoa,SK스토아,(방송에서만 4개월분 더) 락토핏 맥스19 유산균 12개월분+4개월분 더 (총 8통 16개월분) | 원산지 : 상품정보 참조,락토핏 맥스19 유산균 12개월분+4개월분 더 | 원산지 : 상품정보 참조,락토핏 맥스19 유산균 12개월분+4개월분 더 | 원산지 : 상품정보 참조,,,,미분류,,식품,1,95,12255000,,,captured,free_schedule_2350,2026-08-21T00:20:13.540869+09:00,,,1,2026-08-20T16:45:11.590783+09:00,2026-08-22T00:18:32.147025+09:00
cdb56432f84a7853537537ef737cfcd1,2026-08-20,2026-08-20T12:35:00+09:00,2026-08-20T12:40:00+09:00,hs_lotteimallonetv,롯데원티비,[핫딜] 베지밀 검은콩 고칼슘 두유 190ml x 48팩,베지밀 검은콩 고칼슘 두유 190ml x 48팩,베지밀 검은콩 고칼슘 두유 190ml x 48팩,,,,미분류,,식품,1,6,177000,,,captured,free_schedule_2350,2026-08-21T00:20:13.540872+09:00,,,1,2026-08-20T16:45:11.590783+09:00,2026-08-22T00:18:32.147025+09:00
a26dfed374bb056805ab764fd92ca43c,2026-08-20,2026-08-20T12:36:00+09:00,2026-08-20T13:37:00+09:00,hs_gsshopmyshop,GS홈쇼핑 마이샵,[SALE]종근당 아이클리어 루테인 지아잔틴아스타잔틴 미니 12개월분,종근당 아이클리어 루테인 지아잔틴아스타잔틴 미니 12개월분,종근당 아이클리어 루테인 지아잔틴아스타잔틴 미니 12개월분,,,,미분류,,식품,1,249,29631000,,,captured,free_schedule_2350,2026-08-21T00:20:13.540874+09:00,,,1,2026-08-20T16:45:11.590783+09:00,2026-08-22T00:18:32.147025+09:00
b6ba37a03599ef7acc7c4f0d03c98909,2026-08-20,2026-08-20T12:40:00+09:00,2026-08-20T13:30:00+09:00,hs_gongyoung,공영쇼핑,[유기농] 26년 햇 농바름 무안 밤고구마 6kg(개당 100g~300g),26년 햇 농바름 무안 밤고구마 6kg,26년 햇 농바름 무안 밤고구마 6kg,,,,미분류,,식품,1,1883,61950700,,,captured,free_schedule_2350,2026-08-21T00:20:13.540876+09:00,,,1,2026-08-20T16:45:11.590783+09:00,2026-08-22T00:18:32.147025+09:00
3ac0a562bbc9bc93da4274856d357d0e,2026-08-20,2026-08-20T12:41:00+09:00,2026-08-20T13:43:00+09:00,hs_nsmallshopplus,NS홈쇼핑 샵플러스,콘드로이친1,콘드로이친1,콘드로이친1,,건강식품/관절,콘드로이친,확인필요,콘드로이친1,식품,2,153,24128500,,,captured,free_schedule_2350,2026-08-21T00:20:13.540878+09:00,,,1,2026-08-20T16:45:11.590783+09:00,2026-08-22T00:18:32.147025+09:00
bedb3746d3eaafbaff704aa671c5f11e,2026-08-20,2026-08-20T13:30:00+09:00,2026-08-20T14:20:00+09:00,hs_gongyoung,공영쇼핑,(특등급) 하늘작 충주 복숭아 2.5kg×2상자,하늘작 충주 복숭아 2.5kg×2상자,하늘작 충주 복숭아 2.5kg×2상자,,,,미분류,,식품,1,1473,61718700,,,captured,free_schedule_2350,2026-08-21T00:20:13.540881+09:00,,,1,2026-08-20T16:45:11.590783+09:00,2026-08-22T00:18:32.147025+09:00
e9b3cefa1d40c834743d62ea95fa02a4,2026-08-20,2026-08-20T13:33:00+09:00,2026-08-20T14:34:00+09:00,hs_shinsegae,신세계쇼핑,[방송에서만]대원헬스 블루베리킹 퓨레 12박스,대원헬스 블루베리킹 퓨레 12박스,대원헬스 블루베리킹 퓨레 12박스,,,,미분류,,식품,1,625,49375000,,,captured,free_schedule_2350,2026-08-21T00:20:13.540883+09:00,,,1,2026-08-20T16:45:11.590783+09:00,2026-08-22T00:18:32.147025+09:00
10523bb6d242ab73ec335670d1236b14,2026-08-20,2026-08-20T13:34:00+09:00,2026-08-20T14:34:00+09:00,hs_shopntmall,쇼핑엔티,제주산 당찬여주 발효효소 10박스(10개월분),제주산 당찬여주 발효효소 10박스,제주산 당찬여주 발효효소,,건강식품/혈당관리,,확정,제주산 당찬여주 발효효소,식품,2,131,24318000,,,captured,free_schedule_2350,2026-08-21T00:20:13.540885+09:00,,,1,2026-08-20T16:45:11.590783+09:00,2026-08-22T00:18:32.147025+09:00
29a258c8b71d7b5301f3ab81b679d177,2026-08-20,2026-08-20T13:35:00+09:00,2026-08-20T14:37:00+09:00,hs_nsmall,NS홈쇼핑,제주산여주발효효소,제주산여주발효효소,제주산여주발효효소,,,,미분류,,식품,4,407,73547800,,,captured,free_schedule_2350,2026-08-21T00:20:13.540887+09:00,,,1,2026-08-20T16:45:11.590783+09:00,2026-08-22T00:18:32.147025+09:00
8a100206eb2d903acb29449fea42431d,2026-08-20,2026-08-20T13:35:00+09:00,2026-08-20T14:35:00+09:00,hs_gsshop,GS홈쇼핑,관절엔 콘드로이친1200 8개월분 (900mg x 60정 x 8박스),관절엔 콘드로이친1200 8개월분,관절엔 콘드로이친,관절엔,건강식품/관절,콘드로이친,확정,관절엔 콘드로이친,식품,3,465,251813000,,,captured,free_schedule_2350,2026-08-21T00:20:13.540889+09:00,,,1,2026-08-20T16:45:11.590783+09:00,2026-08-22T00:18:32.147025+09:00
245da21c9840731f79eeaad96cad48b4,2026-08-20,2026-08-20T13:37:00+09:00,2026-08-20T14:17:00+09:00,hs_gsshopmyshop,GS홈쇼핑 마이샵,올레비다 유기농 올리브오일 8병+포 1박스 (산도 0.15 최고스펙 스페인 올리브유),올레비다 유기농 올리브오일 8병+포 1박스,올레비다 유기농 올리브오일 8병+포 1박스,,,,미분류,,식품,2,365,28323500,,,captured,free_schedule_2350,2026-08-21T00:20:13.540892+09:00,,,1,2026-08-20T16:45:11.590783+09:00,2026-08-22T00:18:32.147025+09:00
65a5d2a03c28742daa94453764219754,2026-08-20,2026-08-20T13:38:00+09:00,2026-08-20T14:41:00+09:00,hs_kshop,KT알파쇼핑,대원제약_혈당파이터,대원제약_혈당파이터,대원제약_혈당파이터,,,,미분류,,식품,1,233,23067000,,,captured,free_schedule_2350,2026-08-21T00:20:13.540894+09:00,,,1,2026-08-20T16:45:11.590783+09:00,2026-08-22T00:18:32.147025+09:00
92477675c37608b58c94c17827d8f7ac,2026-08-20,2026-08-20T13:40:00+09:00,2026-08-20T14:20:00+09:00,hs_lotteimallonetv,롯데원티비,[순수식품] ☆방송에서만 반값세일☆[5박스] 오가닉 퓨어 블루베리즙 5박스(20g*14포*5박스),☆방송에서만 반값세일☆ 오가닉 퓨어 블루베리즙 5박스,반값세일 오가닉 퓨어 블루베리즙,,과채주스/베리,블루베리,확정,반값세일 오가닉 퓨어 블루베리즙,식품,1,58,4054200,,,captured,free_schedule_2350,2026-08-21T00:20:13.540896+09:00,,,1,2026-08-20T16:45:11.590783+09:00,2026-08-22T00:18:32.147025+09:00
c791dfb715282f651fb9b75db8870184,2026-08-20,2026-08-20T13:40:00+09:00,2026-08-20T14:40:00+09:00,hs_hmallplus,현대홈쇼핑 플러스샵,[2026년산 햇고추] 태양초 청결 햇 고춧가루 3kg(500g 6팩),태양초 청결 햇 고춧가루 3kg,태양초 청결 햇 고춧가루,,조미식품,고추,확정,태양초 청결 햇 고춧가루,식품,2,672,61122000,,,captured,free_schedule_2350,2026-08-21T00:20:13.540899+09:00,,,1,2026-08-20T16:45:11.590783+09:00,2026-08-22T00:18:32.147025+09:00
723415cc8ae1cffbe77a3bc5c8d8772d,2026-08-20,2026-08-20T13:41:00+09:00,2026-08-20T14:42:00+09:00,hs_nsmallshopplus,NS홈쇼핑 샵플러스,못난이사과1,못난이사과1,못난이사과1,,,,미분류,,식품,1,638,25456200,,,captured,free_schedule_2350,2026-08-21T00:20:13.540901+09:00,,,1,2026-08-20T16:45:11.590783+09:00,2026-08-22T00:18:32.147025+09:00
0661f063d0e4ca5eeded4563eb46af3d,2026-08-20,2026-08-20T14:20:00+09:00,2026-08-20T15:00:00+09:00,hs_lotteimallonetv,롯데원티비,[리얼닥터] ☆방송에서만 이 가격☆[10개월분] 리얼닥터 멀티비타민123 미네랄 3박스(980mg x 100정 x 3박스),☆방송에서만 이 가격☆ 리얼닥터 멀티비타민123 미네랄 3박스,☆방송에서만 이 가격☆ 리얼닥터 멀티비타민123 미네랄 3박스,,,,미분류,,식품,1,111,5316900,,,captured,free_schedule_2350,2026-08-21T00:20:13.540903+09:00,,,1,2026-08-20T16:45:11.590783+09:00,2026-08-22T00:18:32.147025+09:00
8b2128821b02423732a4d0e0ad24050d,2026-08-20,2026-08-20T14:20:00+09:00,2026-08-20T15:10:00+09:00,hs_hnsmall,홈앤쇼핑,[특등급] 고추잠자리 26년 햇 100% 고춧가루 3kg (500g x 6봉),고추잠자리 26년 햇 100% 고춧가루 3kg,고추잠자리 26년 햇 100% 고춧가루 3kg,,,,미분류,,식품,2,349,33102000,,,captured,free_schedule_2350,2026-08-21T00:20:13.540906+09:00,,,1,2026-08-20T16:45:11.590783+09:00,2026-08-22T00:18:32.147025+09:00
7c771715616de065aeafc5d20cff1df8,2026-08-20,2026-08-20T14:35:00+09:00,2026-08-20T15:30:00+09:00,hs_cjonstyle,CJ온스타일,[50% SALE] 액티브 프로 12박스+보틀2개,액티브 프로 12박스+보틀2개,액티브 프로 12박스+보틀2개,,,,미분류,,식품,2,210,46410000,,,captured,free_schedule_2350,2026-08-21T00:20:13.540917+09:00,,,1,2026-08-20T16:45:11.590783+09:00,2026-08-22T00:18:32.147025+09:00
d377a8131896d92a662db45d5c693ff3,2026-08-20,2026-08-20T14:35:00+09:00,2026-08-20T14:40:00+09:00,hs_lotteimall,롯데홈쇼핑,[태현] 알뜰 못난이 보조개 초록사과 3kg,알뜰 못난이 보조개 초록사과 3kg,알뜰 못난이 보조개 초록사과 3kg,,,,미분류,,식품,1,62,1233800,,,captured,free_schedule_2350,2026-08-21T00:20:13.540919+09:00,,,1,2026-08-20T16:45:11.590783+09:00,2026-08-22T00:18:32.147025+09:00
f3eb5a3bed30a0aac62303fe1f24b8f9,2026-08-20,2026-08-20T14:35:00+09:00,2026-08-20T15:35:00+09:00,hs_gsshop,GS홈쇼핑,여에스더 국민영양프로젝트 다이어트유산균(12주) +카무트 발효 효소 1박스,여에스더 국민영양프로젝트 다이어트유산균 +카무트 발효 효소 1박스,여에스더 국민영양프로젝트 다이어트유산균 +카무트 발효 효소 1박스,,,,미분류,,식품,9,984,87576000,,,captured,free_schedule_2350,2026-08-21T00:20:13.540922+09:00,,,1,2026-08-20T16:45:11.590783+09:00,2026-08-22T00:18:32.147025+09:00
e2b16b4c74eef95ab9d6889a2791a0de,2026-08-20,2026-08-20T14:38:00+09:00,2026-08-20T15:39:00+09:00,hs_kshop,KT알파쇼핑,로지나_알부민,로지나_알부민,로지나_알부민,,,,미분류,,식품,2,162,41280000,,,captured,free_schedule_2350,2026-08-21T00:20:13.540924+09:00,,,1,2026-08-20T16:45:11.590783+09:00,2026-08-22T00:18:32.147025+09:00
6a5cfc66d3fdbea6579575e4b2451c82,2026-08-20,2026-08-20T14:57:00+09:00,2026-08-20T15:38:00+09:00,hs_gsshopmyshop,GS홈쇼핑 마이샵,고려은단 멀티비타민 올인원 맨 30정 5+1박스 (6개월분),고려은단 멀티비타민 올인원 맨 30정 5+1박스,고려은단 멀티비타민 올인원 맨 30정 5+1박스,,,,미분류,,식품,4,223,17617000,,,captured,free_schedule_2350,2026-08-21T00:20:13.540926+09:00,,,1,2026-08-20T16:45:11.590783+09:00,2026-08-22T00:18:32.147025+09:00
65375c88c11424f714715d89a1ca91e6,2026-08-20,2026-08-20T15:10:00+09:00,2026-08-20T16:00:00+09:00,hs_hnsmall,홈앤쇼핑,[방송에서만]카사베르디 유기농 레드와인 비니거(500ml x 6병)+비니거 2병+디스펜서1개+텀블러믹서기 1개,카사베르디 유기농 레드와인 비니거 +비니거 2병+디스펜서1개+텀블러믹서기 1개,카사베르디 유기농 레드와인 비니거 +비니거 2병+디스펜서1개+텀블러믹서기 1개,,,,미분류,,식품,2,415,53175000,,,captured,free_schedule_2350,2026-08-21T00:20:13.540929+09:00,,,1,2026-08-20T16:45:11.590783+09:00,2026-08-22T00:18:32.147025+09:00
e42b29c3bc39f3fd3e41c30fdaea5424,2026-08-20,2026-08-20T15:10:00+09:00,2026-08-20T16:00:00+09:00,hs_gongyoung,공영쇼핑,진짜미식가 국산 21곡면 15팩 + 소스,진짜미식가 국산 21곡면 15팩 + 소스,진짜미식가 국산 21곡면 15팩 + 소스,,,,미분류,,식품,1,709,28289100,,,captured,free_schedule_2350,2026-08-21T00:20:13.540931+09:00,,,1,2026-08-20T16:45:11.590783+09:00,2026-08-22T00:18:32.147025+09:00
3deeb688bb5342f1566ea177c9c2fc3f,2026-08-20,2026-08-20T15:33:00+09:00,2026-08-20T16:34:00+09:00,hs_shopntmall,쇼핑엔티,[판판26] 김하진의 궁중 한우 도가니수육탕12팩,김하진의 궁중 한우 도가니수육탕12팩,김하진의 궁중 한우 도가니수육탕12팩,,,,미분류,,식품,1,813,48698700,,,captured,free_schedule_2350,2026-08-21T00:20:13.540933+09:00,,,1,2026-08-20T16:45:11.590783+09:00,2026-08-22T00:18:32.147025+09:00
fdcef0dfc8482d504641b8a868d918ed,2026-08-20,2026-08-20T15:38:00+09:00,2026-08-20T16:38:00+09:00,hs_gsshopmyshop,GS홈쇼핑 마이샵,hy 야쿠르트 프로바이오틱스 & 혈당콜레스테롤 케어 3+1통(240포/8개월분),hy 야쿠르트 프로바이오틱스 & 혈당콜레스테롤 케어 3+1통,hy 야쿠르트 프로바이오틱스 & 혈당콜레스테롤 케어 3+1통,,,,미분류,,식품,1,325,29250000,,,captured,free_schedule_2350,2026-08-21T00:20:13.540936+09:00,,,1,2026-08-20T16:45:11.590783+09:00,2026-08-22T00:18:32.147025+09:00
2e750056f78421db8139aa772a0dde9a,2026-08-20,2026-08-20T15:42:00+09:00,2026-08-20T16:44:00+09:00,hs_nsmallshopplus,NS홈쇼핑 샵플러스,고춧가루1,고춧가루1,고춧가루1,,조미식품,고추,확인필요,고춧가루1,식품,2,233,18576700,,,captured,free_schedule_2350,2026-08-21T00:20:13.540938+09:00,,,1,2026-08-20T16:45:11.590783+09:00,2026-08-22T00:18:32.147025+09:00
507e27d01b526939db226f8934390795,2026-08-20,2026-08-20T15:45:00+09:00,2026-08-20T16:36:00+09:00,hs_hmall,현대홈쇼핑,국내산 산골 알밤 50g X 20봉,국내산 산골 알밤 50g X 20봉,국내산 산골 알밤 50g X 20봉,,,,미분류,,식품,1,2373,94682700,,,captured,free_schedule_2350,2026-08-21T00:20:13.540940+09:00,,,1,2026-08-20T16:45:11.590783+09:00,2026-08-22T00:18:32.147025+09:00
40cce39720a4896958c6d138b8ed2a71,2026-08-20,2026-08-20T16:00:00+09:00,2026-08-20T16:50:00+09:00,hs_hnsmall,홈앤쇼핑,[목포수협] 26년  햇 새우육젓 2kg (500gx4통),26년 햇 새우육젓 2kg,26년 햇 새우육젓 2kg,,,,미분류,,식품,2,1464,90570600,,,captured,free_schedule_2350,2026-08-21T00:20:13.540943+09:00,,,1,2026-08-20T16:45:11.590783+09:00,2026-08-22T00:18:32.147025+09:00
9fa3f714c4c86c477df92849b406bda0,2026-08-20,2026-08-20T16:00:00+09:00,2026-08-20T16:50:00+09:00,hs_gongyoung,공영쇼핑,[강순옥 명인] 명인명찬 8종 세트,명인명찬 8종 세트,명인명찬 8종 세트,,,,미분류,,식품,1,1094,54590600,,,captured,free_schedule_2350,2026-08-21T00:20:13.540945+09:00,,,1,2026-08-20T16:45:11.590783+09:00,2026-08-22T00:18:32.147025+09:00
4a0ca27a00f5a756b725bf34f5b89434,2026-08-20,2026-08-20T16:20:00+09:00,2026-08-20T17:00:00+09:00,hs_hmallplus,현대홈쇼핑 플러스샵,[솔직한우] 1++ 한우 불고기 1kg(불고기 200g5팩/냉동),1++ 한우 불고기 1kg,1++ 한우 불고기 1kg,,,,미분류,,식품,2,213,12758700,,,captured,free_schedule_2350,2026-08-21T00:20:13.540947+09:00,,,1,2026-08-20T16:45:11.590783+09:00,2026-08-22T00:18:32.147025+09:00
98568c423f2a85218f213a2d6f6b0d15,2026-08-20,2026-08-20T16:30:00+09:00,2026-08-20T17:32:00+09:00,hs_nsmall,NS홈쇼핑,임성근소갈비찜,임성근소갈비찜,임성근소갈비찜,,,,미분류,,식품,2,3244,194315600,,,captured,free_schedule_2350,2026-08-21T00:20:13.540950+09:00,,,1,2026-08-20T16:45:11.590783+09:00,2026-08-22T00:18:32.147025+09:00
b6071d2d3b8b2c005532059f9e21a306,2026-08-20,2026-08-20T16:30:00+09:00,2026-08-20T17:30:00+09:00,hs_cjonstyle,CJ온스타일,알렉스 우삼겹 160g x 12팩 총 1.92kg,알렉스 우삼겹 160g x 12팩 총 1.92kg,알렉스 우삼겹 160g x 12팩 총 1.92kg,,,,미분류,,식품,2,2136,154890200,,,captured,free_schedule_2350,2026-08-21T00:20:13.540952+09:00,,,1,2026-08-20T16:45:11.590783+09:00,2026-08-22T00:18:32.147025+09:00
872d402d27e37dc4f4c7ee75ff33434c,2026-08-20,2026-08-20T16:33:00+09:00,2026-08-20T17:33:00+09:00,hs_shopntmall,쇼핑엔티,[만블링] 한우 1++ 구이 세트 150g X 8팩 (총1.2kg),한우 1++ 구이 세트 150g X 8팩,한우 1++ 구이 세트 150g X 8팩,,,,미분류,,식품,1,714,49908600,,,captured,free_schedule_2350,2026-08-21T00:20:13.540954+09:00,,,1,2026-08-20T16:45:11.590783+09:00,2026-08-22T00:18:32.147025+09:00
c6c5833e8b458f3197cc71a7b69e1c78,2026-08-20,2026-08-20T16:34:00+09:00,2026-08-20T17:35:00+09:00,hs_shinsegae,신세계쇼핑,[방송에서만] 조선호텔 진한 한우도가니탕 1kg X 5팩(총 15인분),조선호텔 진한 한우도가니탕 1kg X 5팩,조선호텔 진한 한우도가니탕 1kg X 5팩,,,,미분류,,식품,4,1302,91066900,,,captured,free_schedule_2350,2026-08-21T00:20:13.540957+09:00,,,1,2026-08-20T16:45:11.590783+09:00,2026-08-22T00:18:32.147025+09:00
2aa040728901bf53b87202a0ef072de6,2026-08-20,2026-08-20T16:35:00+09:00,2026-08-20T17:35:00+09:00,hs_gsshop,GS홈쇼핑,뉴트리원 이병헌 루테인지아잔틴164 GR 15박스(15개월분),뉴트리원 이병헌 루테인지아잔틴164 GR 15박스,뉴트리원 이병헌 루테인지아잔틴164 GR,뉴트리원,건강식품/눈건강,루테인/카로티노이드,확정,뉴트리원 이병헌 루테인지아잔틴164 GR,식품,3,490,92950000,,,captured,free_schedule_2350,2026-08-21T00:20:13.540959+09:00,,,1,2026-08-20T16:45:11.590783+09:00,2026-08-22T00:18:32.147025+09:00
5898b47a6c471e7899399e7ab59488e3,2026-08-20,2026-08-20T16:35:00+09:00,2026-08-20T17:35:00+09:00,hs_lotteimall,롯데홈쇼핑,[뉴트리코어] ○방송에서만[12박스] 뉴트리코어 관절엔 DEM 12박스(1박스:900mgX30정),○방송에서만 뉴트리코어 관절엔 DEM 12박스,○방송에서만 뉴트리코어 관절엔 DEM 12박스,,,,미분류,,식품,2,40,25482000,,,captured,free_schedule_2350,2026-08-21T00:20:13.540962+09:00,,,1,2026-08-20T16:45:11.590783+09:00,2026-08-22T00:18:32.147025+09:00
de259f405f9a8bb5d8593cc4822c4a9b,2026-08-20,2026-08-20T16:35:00+09:00,2026-08-20T17:31:00+09:00,hs_hmall,현대홈쇼핑,[TV] 덴프스 덴마크 유산균 이야기 6박스(12개월분),덴프스 덴마크 유산균 이야기 6박스,덴프스 덴마크 유산균 이야기,덴프스,유산균,유산균,확정,덴프스 덴마크 유산균 이야기,식품,1,212,41976000,,,captured,free_schedule_2350,2026-08-21T00:20:13.540964+09:00,,,1,2026-08-20T16:45:11.590783+09:00,2026-08-22T00:18:32.147025+09:00
a613eaca0f4745b9c239a736745c42ec,2026-08-20,2026-08-20T16:40:00+09:00,2026-08-20T17:40:00+09:00,hs_lotteimallonetv,롯데원티비,[프리메로] ★방송에서만 70프로 세일★ 프리메로 NFC 유기농 레몬즙 10박스 (1박스: 20g x 14포),★방송에서만 70프로 세일★ 프리메로 NFC 유기농 레몬즙 10박스,프리메로 유기농 레몬즙,프리메로,과채주스,레몬,확정,70프로 세일 프리메로 NFC 유기농 레몬즙,식품,1,243,11907000,,,captured,free_schedule_2350,2026-08-21T00:20:13.540966+09:00,,,1,2026-08-20T16:45:11.590783+09:00,2026-08-22T00:18:32.147025+09:00
0cad2ec34de843ab118075075c013905,2026-08-20,2026-08-20T16:42:00+09:00,2026-08-20T17:44:00+09:00,hs_nsmallshopplus,NS홈쇼핑 샵플러스,미금치김치1,미금치김치1,미금치김치1,,,,미분류,,식품,2,1874,56089600,,,captured,free_schedule_2350,2026-08-21T00:20:13.540969+09:00,,,1,2026-08-20T16:45:11.590783+09:00,2026-08-22T00:18:32.147025+09:00
dbffdc16076ad936abcac50cf4dd72fe,2026-08-20,2026-08-20T16:50:00+09:00,2026-08-20T17:40:00+09:00,hs_gongyoung,공영쇼핑,진미로 순살족발 세트(순살족발150g×9팩+못난이120g×1팩+미니족250gx2팩),진미로 순살족발 세트,진미로 순살족발 세트,,,,미분류,,식품,3,2274,90712600,,,captured,free_schedule_2350,2026-08-21T00:20:13.540971+09:00,,,1,2026-08-20T16:45:11.590783+09:00,2026-08-22T00:18:32.147025+09:00
e23a18253d71cde235fbda54c687acde,2026-08-20,2026-08-20T16:50:00+09:00,2026-08-20T17:40:00+09:00,hs_hnsmall,홈앤쇼핑,[NEW]박수홍 뼈없는 특 갈비탕 900g x 10봉(총20인분),박수홍 뼈없는 특 갈비탕 900g x 10봉,박수홍 뼈없는 특 갈비탕 900g x 10봉,,,,미분류,,식품,1,1371,97203900,,,captured,free_schedule_2350,2026-08-21T00:20:13.540973+09:00,,,1,2026-08-20T16:45:11.590783+09:00,2026-08-22T00:18:32.147025+09:00
e87175da469b4e40e542b835c5822ade,2026-08-20,2026-08-20T17:00:00+09:00,2026-08-20T17:40:00+09:00,hs_hmallplus,현대홈쇼핑 플러스샵,유기농 냉동 블루베리 5+2팩(3.5kg),유기농 냉동 블루베리 5+2팩,유기농 냉동 블루베리 5+2팩,,,,미분류,,식품,2,850,50915000,,,captured,free_schedule_2350,2026-08-21T00:20:13.540976+09:00,,,1,2026-08-20T16:45:11.590783+09:00,2026-08-22T00:18:32.147025+09:00
0ff2ad075b9e5e2219674299708e6962,2026-08-20,2026-08-20T17:30:00+09:00,2026-08-20T18:32:00+09:00,hs_nsmall,NS홈쇼핑,임성근키로갈비탕,임성근키로갈비탕,임성근키로갈비탕,,,,미분류,,식품,2,2537,151966300,,,captured,free_schedule_2350,2026-08-21T00:20:13.540978+09:00,,,1,2026-08-20T16:45:11.590783+09:00,2026-08-22T00:18:32.147025+09:00
44751e4589d1e9895623271a50922a0b,2026-08-20,2026-08-20T17:30:00+09:00,2026-08-20T18:30:00+09:00,hs_cjonstyle,CJ온스타일,[방송에서만] 황성주 박사의 라이프 밀6 + 2박스 + 흔들컵2,황성주 박사의 라이프 밀6 + 2박스 + 흔들컵2,황성주 박사의 라이프 밀6 + 2박스 + 흔들컵2,,,,미분류,,식품,2,175,52003000,,,captured,free_schedule_2350,2026-08-21T00:20:13.540981+09:00,,,1,2026-08-20T16:45:11.590783+09:00,2026-08-22T00:18:32.147025+09:00
c1ca8ac1d284a41c61301990d434d714,2026-08-20,2026-08-20T17:30:00+09:00,2026-08-20T18:30:00+09:00,hs_cjonstyle,CJ온스타일,[1등 생식] 황성주 박사의 라이프 밀 4박스+흔들컵1,황성주 박사의 라이프 밀 4박스+흔들컵1,황성주 박사의 라이프 밀 4박스+흔들컵1,,,,미분류,,식품,1,,,,,missing,free_schedule_2350,2026-08-21T00:20:13.540983+09:00,,,,2026-08-20T16:45:11.590783+09:00,2026-08-20T16:45:11.590783+09:00
c6e3af8df8a7addde8e790594d6ce6ad,2026-08-20,2026-08-20T17:30:00+09:00,2026-08-20T18:31:00+09:00,hs_hmall,현대홈쇼핑,[N][하루틴]프리미엄 리포좀 비타민C 프로 12+3개월분 + 비타민C스틱 3박스+싸인텀블러,프리미엄 리포좀 비타민C 프로 12+3개월분 + 비타민C스틱 3박스+싸인텀블러,프리미엄 리포좀 비타민C 프로 12+3개월분 + 비타민C스틱 3박스+싸인텀블러,,,,미분류,,식품,2,565,108284000,,,captured,free_schedule_2350,2026-08-21T00:20:13.540986+09:00,,,1,2026-08-20T16:45:11.590783+09:00,2026-08-22T00:18:32.147025+09:00
cf8b4aa116c7369b1b9e75d00c6d0786,2026-08-20,2026-08-20T17:31:00+09:00,2026-08-20T18:31:00+09:00,hs_skstoa,SK스토아,"(방송에서만 반값세일, 저당밥솥 추가구성) 종근당건강 당케어프로 12개월분 | 원산지 : 상품정보 참조",종근당건강 당케어프로 12개월분 | 원산지 : 상품정보 참조,종근당건강 당케어프로,종근당건강,건강식품/혈당관리,,확정,종근당건강 당케어프로,식품,1,314,40506000,,,captured,free_schedule_2350,2026-08-21T00:20:13.540988+09:00,,,1,2026-08-20T16:45:11.590783+09:00,2026-08-22T00:18:32.147025+09:00
6c9c18bd1c36a17de676ab280517f7dd,2026-08-20,2026-08-20T17:34:00+09:00,2026-08-20T18:35:00+09:00,hs_shinsegae,신세계쇼핑,조선호텔 포기김치 9kg,조선호텔 포기김치 9kg,조선호텔 포기김치 9kg,,,,미분류,,식품,2,1445,97027500,,,captured,free_schedule_2350,2026-08-21T00:20:13.540990+09:00,,,1,2026-08-20T16:45:11.590783+09:00,2026-08-22T00:18:32.147025+09:00
26835809c3bc8b680029d210c38ede76,2026-08-20,2026-08-20T17:35:00+09:00,2026-08-20T18:35:00+09:00,hs_lotteimall,롯데홈쇼핑,"[방송에서만 1팩 더] 빅마마 이혜정의 매콤 소갈비찜 7팩 x 500g, 총3.5kg (6 + 1팩)","빅마마 이혜정의 매콤 소갈비찜 7팩 x 500g, 총3.5kg","빅마마 이혜정의 매콤 소갈비찜 7팩 x 500g, 총3.5kg",,,,미분류,,식품,1,1593,111350700,,,captured,free_schedule_2350,2026-08-21T00:20:13.540992+09:00,,,1,2026-08-20T16:45:11.590783+09:00,2026-08-22T00:18:32.147025+09:00
8b85a8649a2ad3dba22a77347ba81d19,2026-08-20,2026-08-20T17:35:00+09:00,2026-08-20T18:35:00+09:00,hs_gsshop,GS홈쇼핑,"워커힐 치킨스테이크 2종 16팩 ( 허브솔트9팩, 청양매콤7팩)",워커힐 치킨스테이크 2종 16팩,워커힐 치킨스테이크 2종 16팩,,,,미분류,,식품,1,1351,80924900,,,captured,free_schedule_2350,2026-08-21T00:20:13.540995+09:00,,,1,2026-08-20T16:45:11.590783+09:00,2026-08-22T00:18:32.147025+09:00
3f3a034e80485230dbcaad448a08aee6,2026-08-20,2026-08-20T17:39:00+09:00,2026-08-20T18:43:00+09:00,hs_kshop,KT알파쇼핑,옥주부_돈까스,옥주부_돈까스,옥주부_돈까스,,,,미분류,,식품,1,1228,73557200,,,captured,free_schedule_2350,2026-08-21T00:20:13.540997+09:00,,,1,2026-08-20T16:45:11.590783+09:00,2026-08-22T00:18:32.147025+09:00
22df206d0ae33032f81f45f651f77faa,2026-08-20,2026-08-20T17:40:00+09:00,2026-08-20T18:40:00+09:00,hs_hnsmall,홈앤쇼핑,[무료체험5팩]황성주박사의 국산콩두유 Plus 5박스(100팩/ 검은콩고칼슘&비타민D+호두아몬드+검은콩과21곡),황성주박사의 국산콩두유 Plus 5박스,황성주박사의 국산콩두유 Plus 5박스,,,,미분류,,식품,14,1443,86399200,,,captured,free_schedule_2350,2026-08-21T00:20:13.540999+09:00,,,1,2026-08-20T16:45:11.590783+09:00,2026-08-22T00:18:32.147025+09:00
be27aca3c141e9053957406cdc316a07,2026-08-20,2026-08-20T17:40:00+09:00,2026-08-20T18:40:00+09:00,hs_hmallplus,현대홈쇼핑 플러스샵,2026년 햇 경북산 청결 고춧가루 3kg(500g 6팩) + 청양 고춧가루 500g 1팩,2026년 햇 경북산 청결 고춧가루 3kg + 청양 고춧가루 500g 1팩,2026년 햇 경북산 청결 고춧가루 3kg + 청양 고춧가루 500g 1팩,,,,미분류,,식품,3,356,36949300,,,captured,free_schedule_2350,2026-08-21T00:20:13.541002+09:00,,,1,2026-08-20T16:45:11.590783+09:00,2026-08-22T00:18:32.147025+09:00
d36fb63224784c615b03b4ce4a90d860,2026-08-20,2026-08-20T17:42:00+09:00,2026-08-20T18:43:00+09:00,hs_nsmallshopplus,NS홈쇼핑 샵플러스,멸치세트1,멸치세트1,멸치세트1,,,,미분류,,식품,1,1093,32680700,,,captured,free_schedule_2350,2026-08-21T00:20:13.541004+09:00,,,1,2026-08-20T16:45:11.590783+09:00,2026-08-22T00:18:32.147025+09:00
925c6d5caf9deb82c20676a57b575aac,2026-08-20,2026-08-20T18:30:00+09:00,2026-08-20T19:35:00+09:00,hs_cjonstyle,CJ온스타일,[방송에서만]갱년기엔 ERr731 10박스+2박스 더,갱년기엔 ERr731 10박스+2박스 더,갱년기엔 ERr731 10박스+2박스 더,,,,미분류,,식품,2,279,90448000,,,captured,free_schedule_2350,2026-08-21T00:20:13.541007+09:00,,,1,2026-08-20T16:45:11.590783+09:00,2026-08-22T00:18:32.147025+09:00
d5e8de645bde9d1aa93cc8b02d84681c,2026-08-20,2026-08-20T18:32:00+09:00,2026-08-20T19:33:00+09:00,hs_shopntmall,쇼핑엔티,[50％세일] 대원제약 혈당파이터 20개월분 + 저압냄비,대원제약 혈당파이터 20개월분 + 저압냄비,대원제약 혈당파이터 20개월분 + 저압냄비,,,,미분류,,식품,1,303,29997000,,,captured,free_schedule_2350,2026-08-21T00:20:13.541009+09:00,,,1,2026-08-20T16:45:11.590783+09:00,2026-08-22T00:18:32.147025+09:00
4e71becf37e46e8430a355c6d0f6b9ea,2026-08-20,2026-08-20T18:40:00+09:00,2026-08-20T19:40:00+09:00,hs_gongyoung,공영쇼핑,제주흑돼지 양념왕구이 7팩 (2.1kg),제주흑돼지 양념왕구이 7팩,제주흑돼지 양념왕구이 7팩,,,,미분류,,식품,1,2938,87846200,,,captured,free_schedule_2350,2026-08-21T00:20:13.541011+09:00,,,1,2026-08-20T16:45:11.590783+09:00,2026-08-22T00:18:32.147025+09:00
b4d3b1e89a75896cdf7223e0b5dfe620,2026-08-20,2026-08-20T18:42:00+09:00,2026-08-20T19:23:00+09:00,hs_nsmallshopplus,NS홈쇼핑 샵플러스,굴비1,굴비1,굴비1,,수산물,굴비,확인필요,굴비1,식품,2,782,31201800,,,captured,free_schedule_2350,2026-08-21T00:20:13.541014+09:00,,,1,2026-08-20T16:45:11.590783+09:00,2026-08-22T00:18:32.147025+09:00
99d918fa5d07daa1a805c2fb02d77f25,2026-08-20,2026-08-20T19:30:00+09:00,2026-08-20T20:37:00+09:00,hs_nsmall,NS홈쇼핑,비에날씬프로,비에날씬프로,비에날씬 프로,비에날씬,다이어트 유산균,BNR17 유산균,확정,비에날씬프로,식품,24,240,109051040,,,captured,free_schedule_2350,2026-08-21T00:20:13.541016+09:00,,,1,2026-08-20T16:45:11.590783+09:00,2026-08-22T00:18:32.147025+09:00
65ab6e4e1daf70bbbd30e9063efe2f55,2026-08-20,2026-08-20T19:33:00+09:00,2026-08-20T20:33:00+09:00,hs_shopntmall,쇼핑엔티,(방송에서만 1팩 더) 국내산 직화구이 무뼈닭발 9팩,국내산 직화구이 무뼈닭발 9팩,국내산 직화구이 무뼈닭발,,육류/간편식,닭,확정,국내산 직화구이 무뼈닭발,식품,2,1895,75610500,,,captured,free_schedule_2350,2026-08-21T00:20:13.541018+09:00,,,1,2026-08-20T16:45:11.590783+09:00,2026-08-22T00:18:32.147025+09:00
10efb78d451d707213f0885df0b4706d,2026-08-20,2026-08-20T19:35:00+09:00,2026-08-20T20:36:00+09:00,hs_shinsegae,신세계쇼핑,(방송에서만) 프롬바이오 위엔 매스틱 연질캡슐 6박스(24주분),프롬바이오 위엔 매스틱 연질캡슐 6박스,프롬바이오 매스틱,프롬바이오,건강식품/위건강,매스틱,확정,프롬바이오 위엔 매스틱 연질캡슐,식품,2,141,83459000,,,captured,free_schedule_2350,2026-08-21T00:20:13.541020+09:00,,,1,2026-08-20T16:45:11.590783+09:00,2026-08-22T00:18:32.147025+09:00
1b16e1e6d27af0d584d68762c9fc10f7,2026-08-20,2026-08-20T19:35:00+09:00,2026-08-20T20:45:00+09:00,hs_hnsmall,홈앤쇼핑,[1++ 한우] 이재훈셰프 스테이크 7+1팩(팩당 150g),이재훈셰프 스테이크 7+1팩,이재훈셰프 스테이크 7+1팩,,,,미분류,,식품,1,3671,260273900,,,captured,free_schedule_2350,2026-08-21T00:20:13.541022+09:00,,,1,2026-08-20T16:45:11.590783+09:00,2026-08-22T00:18:32.147025+09:00
64123f66bd63f277c1e249cd12e72262,2026-08-20,2026-08-20T19:35:00+09:00,2026-08-20T20:45:00+09:00,hs_cjonstyle,CJ온스타일,[50%Sale] [최대역가] 골드파로효소 캡슐레이션 30포 X 14박스 + 효소선물세트,골드파로효소 캡슐레이션 30포 X 14박스 + 효소선물세트,골드 파로효소,,건강식품/효소,효소,확정,골드파로효소,식품,1,2137,510743000,,,captured,free_schedule_2350,2026-08-21T00:20:13.541024+09:00,,,1,2026-08-20T16:45:11.590783+09:00,2026-08-22T00:18:32.147025+09:00
a3d39beffd6c18277373760ad7aa2899,2026-08-20,2026-08-20T19:45:00+09:00,2026-08-20T20:45:00+09:00,hs_cjonstyleplus,CJ온스타일 플러스,[동가게PICK]골리 애사비 구미 7통+3통,골리 애사비 구미 7통+3통,골리 애사비 구미 7통+3통,,,,미분류,,식품,2,321,69048000,,,captured,free_schedule_2350,2026-08-21T00:20:13.541027+09:00,,,1,2026-08-20T16:45:11.590783+09:00,2026-08-22T00:18:32.147025+09:00
508fb9f39786da07890f82c0d722c938,2026-08-20,2026-08-20T20:35:00+09:00,2026-08-20T21:36:00+09:00,hs_shinsegae,신세계쇼핑,26) 조선호텔 양념 LA갈비 400g X 8팩,26) 조선호텔 양념 LA갈비 400g X 8팩,26) 조선호텔 양념 LA갈비 400g X 8팩,,,,미분류,,식품,1,653,84824700,,,validated_paid,paid_schedule_api,2026-08-21T18:04:15.104261+09:00,,,1,2026-08-20T16:45:11.590783+09:00,2026-08-22T00:18:32.147025+09:00
d0f9629947eeb43fcbb653eb7aa6266a,2026-08-20,2026-08-20T20:35:00+09:00,2026-08-20T21:42:00+09:00,hs_nsmall,NS홈쇼핑,보넬드토마토주스,보넬드토마토주스,보넬드토마토주스,보넬드,과채주스,토마토,확정,보넬드토마토주스,식품,1,5294,317110600,,,validated_paid,paid_schedule_api,2026-08-21T18:04:15.104261+09:00,,,1,2026-08-20T16:45:11.590783+09:00,2026-08-22T00:18:32.147025+09:00
25766b52f4878a4f3e215ed3128e0673,2026-08-20,2026-08-20T20:40:00+09:00,2026-08-20T21:40:00+09:00,hs_lotteimallonetv,롯데원티비,[뉴케어] ○T[더블]뉴케어 당플랜코어 144팩(165mlX24팩X6박스) + 한입 영양 안심바 2봉(18개입X2봉),○T 뉴케어 당플랜코어 144팩 + 한입 영양 안심바 2봉,○T 뉴케어 당플랜코어 144팩 + 한입 영양 안심바 2봉,,,,미분류,,식품,2,119,30287000,,,validated_paid,paid_schedule_api,2026-08-21T18:05:06.769824+09:00,,,1,2026-08-20T16:45:11.590783+09:00,2026-08-22T00:18:32.147025+09:00
c30012271acb5f5c732cd1325d90c81f,2026-08-20,2026-08-20T20:40:00+09:00,2026-08-20T21:40:00+09:00,hs_hmallplus,현대홈쇼핑 플러스샵,후버 NFC 100% 토마토주스 200ml x 60팩,후버 NFC 100% 토마토주스 200ml x 60팩,후버 NFC 100% 토마토주스 200ml x 60팩,,,,미분류,,식품,1,1888,113091200,,,validated_paid,paid_schedule_api,2026-08-21T18:05:06.769824+09:00,,,1,2026-08-20T16:45:11.590783+09:00,2026-08-22T00:18:32.147025+09:00
cadfb167ce7057a201dcb5ef7c204803,2026-08-20,2026-08-20T20:40:00+09:00,2026-08-20T21:45:00+09:00,hs_gongyoung,공영쇼핑,[26년 햇복분자] 고창 복분자 발효농축분말 12통+스푼5개,고창 복분자 발효농축분말 12통+스푼5개,고창 복분자 발효농축분말 12통+스푼5개,,,,미분류,,식품,2,2592,191773000,,,validated_paid,paid_schedule_api,2026-08-21T18:05:06.769824+09:00,,,1,2026-08-20T16:45:11.590783+09:00,2026-08-22T00:18:32.147025+09:00
e9fb159abcea1355f9fb232a5dd90af3,2026-08-20,2026-08-20T20:45:00+09:00,2026-08-20T21:45:00+09:00,hs_lotteimall,롯데홈쇼핑,[와이즈바이옴] ★단독!전고객 혈당측정기 증정★[9개월패키지]유한양행 당큐락 9개월분(190mg*30캡슐*9개입)+8주분(190mg*14캡슐*4박스),★ !전고객 혈당측정기 증정★ 유한양행 당큐락 9개월분 +8주분,★ !전고객 혈당측정기 증정★ 유한양행 당큐락 9개월분 +8주분,,,,미분류,,식품,2,553,275974000,,,validated_paid,paid_schedule_api,2026-08-21T18:05:06.769824+09:00,,,1,2026-08-20T16:45:11.590783+09:00,2026-08-22T00:18:32.147025+09:00
1c7cdf2f84231d79dd79043b38610505,2026-08-20,2026-08-20T21:40:00+09:00,2026-08-20T22:46:00+09:00,hs_nsmall,NS홈쇼핑,국내산촉촉오징어,국내산촉촉오징어,국내산촉촉오징어,,,,미분류,,식품,6,1915,151977200,,,validated_paid,paid_schedule_api,2026-08-21T18:05:06.769824+09:00,,,1,2026-08-20T16:45:11.590783+09:00,2026-08-22T00:18:32.147025+09:00
70b021e47811bd8ff0e8f69cfd83236e,2026-08-20,2026-08-20T21:43:00+09:00,2026-08-20T22:44:00+09:00,hs_nsmallshopplus,NS홈쇼핑 샵플러스,고춧가루4,고춧가루4,고춧가루4,,조미식품,고추,확인필요,고춧가루4,식품,2,338,41628900,,,validated_paid,paid_schedule_api,2026-08-21T18:05:06.769824+09:00,,,1,2026-08-20T16:45:11.590783+09:00,2026-08-22T00:18:32.147025+09:00
0024d8d9c3a011d256c8977a9554f8fd,2026-08-20,2026-08-20T22:43:00+09:00,2026-08-20T23:44:00+09:00,hs_nsmallshopplus,NS홈쇼핑 샵플러스,해남땅끝마을김치1,해남땅끝마을김치1,해남땅끝마을김치,,김치,배추,확정,해남땅끝마을김치,식품,2,1106,40811400,,,validated_paid,paid_schedule_api,2026-08-21T18:05:06.769824+09:00,,,1,2026-08-20T16:45:11.590783+09:00,2026-08-22T00:18:32.147025+09:00
fd15464b444df17c2dfe88a0c3cecfe2,2026-08-20,2026-08-20T22:50:00+09:00,2026-08-20T23:50:00+09:00,hs_gongyoung,공영쇼핑,26 자연향 경북 홍로 정과 4kg*1박스,26 자연향 경북 홍로 정과 4kg*1박스,26 자연향 경북 홍로 정과 4kg*1박스,,,,미분류,,식품,2,2186,78387400,,,validated_paid,paid_schedule_api,2026-08-21T18:05:06.769824+09:00,,,1,2026-08-20T16:45:11.590783+09:00,2026-08-22T00:18:32.147025+09:00
0cd578d62c8cda503dec03972ef783cd,2026-08-20,2026-08-20T22:55:00+09:00,2026-08-20T23:55:00+09:00,hs_gsshop,GS홈쇼핑,"최현석 닭다리살스테이크 14팩(매콤바베큐 8팩, 오리엔탈갈릭 6팩)",최현석 닭다리살스테이크 14팩,최현석 닭다리살스테이크,최현석,육류,소고기/육류,확정,최현석 닭다리살스테이크,식품,1,2832,169636800,,,validated_paid,paid_schedule_api,2026-08-21T18:05:06.769824+09:00,,,1,2026-08-20T16:45:11.590783+09:00,2026-08-22T00:18:32.147025+09:00
18b37f1df325ac5163b110ac8f7b5421,2026-08-20,2026-08-20T23:31:00+09:00,2026-08-21T00:00:00+09:00,hs_skstoa,SK스토아,(방송에서만)베키아에누보 바질모짜샌드위치 2팩(6개)+바질토마토치즈샌드위치 2팩(6개)+올리브치아바타 1팩(8개)+크리미머쉬룸바게트샌드위치 1팩(3개)/총 23개 | 원산지 : 상품정보 참조,베키아에누보 바질모짜샌드위치 2팩 +바질토마토치즈샌드위치 2팩 +올리브치아바타 1팩 +크리미머쉬룸바게트샌드위치 1팩 /총 23개 | 원산지 : 상품정보 참조,베키아에누보 바질모짜샌드위치 2팩 +바질토마토치즈샌드위치 2팩 +올리브치아바타 1팩 +크리미머쉬룸바게트샌드위치 1팩 /총 23개 | 원산지 : 상품정보 참조,,,,미분류,,식품,1,430,25327000,49,62,final,free_detail_nextday,2026-08-22T00:18:33.380322+09:00,success,2026-08-22T00:18:33.378184+09:00,1,2026-08-20T16:45:11.590783+09:00,2026-08-22T00:18:32.147025+09:00
4f20e9368cf3ceea2cfad2581deddcd8,2026-08-20,2026-08-20T23:40:00+09:00,2026-08-21T00:40:00+09:00,hs_hmallplus,현대홈쇼핑 플러스샵,베스트넛츠 프리미엄 견과 100봉 (20g x 20봉 x 5박스),베스트넛츠 프리미엄 견과 100봉,베스트넛츠 프리미엄 견과 100봉,,,,미분류,,식품,1,625,56187500,39,42,final,free_detail_nextday,2026-08-22T00:18:34.923993+09:00,success,2026-08-22T00:18:34.922137+09:00,1,2026-08-20T16:45:11.590783+09:00,2026-08-22T00:18:32.147025+09:00
0de74f27e71faaf70bbc5289b18d48f5,2026-08-20,2026-08-20T23:50:00+09:00,2026-08-21T01:00:00+09:00,hs_gongyoung,공영쇼핑,[이종임] 한우 특 내장탕 10팩 (7kg),한우 특 내장탕 10팩,한우 특 내장탕 10팩,,,,미분류,,식품,1,1786,89121400,12,27,final,free_detail_nextday,2026-08-22T00:18:36.446513+09:00,success,2026-08-22T00:18:36.444657+09:00,1,2026-08-20T16:45:11.590783+09:00,2026-08-22T00:18:32.147025+09:00
1474571cf2a42b3ca6e39ad21b489215,2026-08-20,2026-08-20T23:55:00+09:00,2026-08-21T01:00:00+09:00,hs_cjonstyle,CJ온스타일,1. 수정픽 최다구성 GNC 비피도 핏 다이어트 유산균 8+2박스,1. 수정픽 최다구성 GNC 비피도 핏 다이어트 유산균 8+2박스,1. 수정픽 최다구성 GNC 비피도 핏 다이어트 유산균 8+2박스,,,,미분류,,식품,3,268,77686000,59,32,final,free_detail_nextday,2026-08-22T00:18:38.064421+09:00,success,2026-08-22T00:18:38.062433+09:00,1,2026-08-20T16:45:11.590783+09:00,2026-08-22T00:18:32.147025+09:00
4eb0f25046385484db0739bd1eaaa798,2026-08-21,2026-08-21T00:31:00+09:00,2026-08-21T01:31:00+09:00,hs_skstoa,SK스토아,[방송에서만]그린 아세로라 C 8+8박스(1.5g*14포*16박스) | 원산지 : 상품정보 참조,그린 아세로라 C 8+8박스 | 원산지 : 상품정보 참조,그린 아세로라 C,,건강식품/비타민,아세로라,확정,그린 아세로라 C,식품,2,143,32618000,,,captured,free_schedule_2350,2026-08-22T00:18:44.196647+09:00,,,1,2026-08-20T16:45:11.819029+09:00,2026-08-23T00:02:56.216113+09:00
a80dba2970ca621a9a5cbe04f575113a,2026-08-21,2026-08-21T00:58:00+09:00,2026-08-21T01:39:00+09:00,hs_gsshopmyshop,GS홈쇼핑 마이샵,삼육케어 당뇨영양식 96팩 (본품 중 체험분 5팩 제공),삼육케어 당뇨영양식 96팩,삼육케어 당뇨영양식 96팩,,,,미분류,,식품,1,68,7412000,,,captured,free_schedule_2350,2026-08-22T00:18:44.196658+09:00,,,1,2026-08-20T16:45:11.819029+09:00,2026-08-23T00:02:56.216113+09:00
1c4dfd7b5e1bf2166f8eb1e77968ddba,2026-08-21,2026-08-21T01:00:00+09:00,2026-08-21T01:51:00+09:00,hs_hmall,현대홈쇼핑,데이즈온 그린 아세로라C 14포 8+8박스+보틀 (총 224포) ,데이즈온 그린 아세로라C 14포 8+8박스+보틀,그린 아세로라 C,,건강식품/비타민,아세로라,확정,그린 아세로라 C,식품,2,122,29014000,,,captured,free_schedule_2350,2026-08-22T00:18:44.196661+09:00,,,1,2026-08-20T16:45:11.819029+09:00,2026-08-23T00:02:56.216113+09:00
2391b0b2755a398ea8f361a2fe3c63c0,2026-08-21,2026-08-21T01:00:00+09:00,2026-08-21T02:00:00+09:00,hs_gongyoung,공영쇼핑,[72팩]하루약콩 두유,하루약콩 두유,하루약콩 두유,,두유,콩,확정,하루약콩 두유,식품,2,584,23149600,,,captured,free_schedule_2350,2026-08-22T00:18:44.196664+09:00,,,1,2026-08-20T16:45:11.819029+09:00,2026-08-23T00:02:56.216113+09:00
2c964cae89533148c1150a01723fa0f3,2026-08-21,2026-08-21T01:00:00+09:00,2026-08-21T01:30:00+09:00,hs_cjonstyle,CJ온스타일,파래김 200매,파래김 200매,파래김 200매,,,,미분류,,식품,2,289,11491100,,,captured,free_schedule_2350,2026-08-22T00:18:44.196666+09:00,,,1,2026-08-20T16:45:11.819029+09:00,2026-08-23T00:02:56.216113+09:00
40e63906ce2a7bbbb8298091553fb069,2026-08-21,2026-08-21T01:00:00+09:00,2026-08-21T02:01:00+09:00,hs_nsmall,NS홈쇼핑,히트상품 앵콜방송1부,히트상품 앵콜방송1부,히트상품 앵콜방송1부,,,,미분류,,식품,2,683,31151700,,,captured,free_schedule_2350,2026-08-22T00:18:44.196668+09:00,,,1,2026-08-20T16:45:11.819029+09:00,2026-08-23T00:02:56.216113+09:00
f406facf6de34076fb3b2f2c9a9d003d,2026-08-21,2026-08-21T01:30:00+09:00,2026-08-21T02:00:00+09:00,hs_gsshop,GS홈쇼핑,뉴온 시서스 필 다이어트 6박스,뉴온 시서스 필 다이어트 6박스,뉴온 시서스 필 다이어트,뉴온,다이어트,시서스,확정,뉴온 시서스 필 다이어트,식품,2,11,3109800,,,captured,free_schedule_2350,2026-08-22T00:18:44.196670+09:00,,,1,2026-08-20T16:45:11.819029+09:00,2026-08-23T00:02:56.216113+09:00
6bd14a0ec735d4ee6d646cf71f1a5de1,2026-08-21,2026-08-21T01:31:00+09:00,2026-08-21T02:11:00+09:00,hs_skstoa,SK스토아,[방송에서만]그린 아세로라 C 8+8박스(1.5g*14포*16박스) | 원산지 : 상품정보 참조,그린 아세로라 C 8+8박스 | 원산지 : 상품정보 참조,그린 아세로라 C,,건강식품/비타민,아세로라,확정,그린 아세로라 C,식품,2,,,,,missing,free_schedule_2350,2026-08-22T00:18:44.196673+09:00,,,,2026-08-20T16:45:11.819029+09:00,2026-08-20T16:45:11.819029+09:00
70a6841ae46c9ded2a6a4499cb19f745,2026-08-21,2026-08-21T01:31:00+09:00,2026-08-21T02:11:00+09:00,hs_skstoa,SK스토아,[방송에서만]그린 아세로라 C 8+8박스(1.5g*14포*16박스) | 원산지 : 상품정보 참조,그린 아세로라 C 8+8박스 | 원산지 : 상품정보 참조,그린 아세로라 C,,건강식품/비타민,아세로라,확정,그린 아세로라 C,식품,2,44,10236000,,,captured,free_schedule_2350,2026-08-22T00:18:44.196675+09:00,,,1,2026-08-20T17:37:07.703688+09:00,2026-08-23T00:02:56.216113+09:00
cc5bcf44fca105a8a5d054088925d40a,2026-08-21,2026-08-21T01:32:00+09:00,2026-08-21T02:32:00+09:00,hs_shopntmall,쇼핑엔티,[방송에서만 세일] 뉴트리원 카무트효소 골드S 12+1박스,뉴트리원 카무트효소 골드S 12+1박스,뉴트리원 카무트효소 골드S 12+1박스,,,,미분류,,식품,1,45,7605000,,,captured,free_schedule_2350,2026-08-22T00:18:44.196678+09:00,,,1,2026-08-20T16:45:11.819029+09:00,2026-08-23T00:02:56.216113+09:00
654bd39fdeb4627b7defd94a4fd814ed,2026-08-21,2026-08-21T01:40:00+09:00,2026-08-21T02:20:00+09:00,hs_hmallplus,현대홈쇼핑 플러스샵,팔레오 초임계 알티지 오메가3 10개월분,팔레오 초임계 알티지 오메가3 10개월분,팔레오 초임계 알티지 오메가3 10개월분,,,,미분류,,식품,1,9,1602000,,,captured,free_schedule_2350,2026-08-22T00:18:44.196680+09:00,,,1,2026-08-20T16:45:11.819029+09:00,2026-08-23T00:02:56.216113+09:00
fef228a7341017e8b5da5655bd43a21e,2026-08-21,2026-08-21T02:00:00+09:00,2026-08-21T03:01:00+09:00,hs_nsmall,NS홈쇼핑,히트상품 앵콜방송 2부,히트상품 앵콜방송 2부,히트상품 앵콜방송 2부,,,,미분류,,식품,3,317,14074500,,,captured,free_schedule_2350,2026-08-22T00:18:44.196682+09:00,,,1,2026-08-20T16:45:11.819029+09:00,2026-08-23T00:02:56.216113+09:00
d6db96bbf61100b63b73217e8fa89bc1,2026-08-21,2026-08-21T02:05:00+09:00,2026-08-21T02:10:00+09:00,hs_lotteimallonetv,롯데원티비,[프리메로] ★[8박스]프리메로 유기농 토마토 NFC 100 (1박스: 40g x 10포),★ 프리메로 유기농 토마토 NFC 100,프리메로 유기농 토마토 NFC,프리메로,과채주스,토마토,확정,프리메로 유기농 토마토 NFC,식품,1,0,0,,,captured,free_schedule_2350,2026-08-22T00:18:44.196684+09:00,,,1,2026-08-20T16:45:11.819029+09:00,2026-08-23T00:02:56.216113+09:00
0418a128d3e8eb63341331ce4e179f7d,2026-08-21,2026-08-21T02:25:00+09:00,2026-08-21T02:30:00+09:00,hs_lotteimallonetv,롯데원티비,[프리메로] ☆[8박스]프리메로 유기농 토마토 NFC 100 (1박스: 40g x 10포),☆ 프리메로 유기농 토마토 NFC 100,프리메로 유기농 토마토 NFC,프리메로,과채주스,토마토,확정,프리메로 유기농 토마토 NFC,식품,1,1,98000,,,captured,free_schedule_2350,2026-08-22T00:18:44.196686+09:00,,,1,2026-08-20T16:45:11.819029+09:00,2026-08-23T00:02:56.216113+09:00
f4f5b53e4759350ccbc494b6b236e81a,2026-08-21,2026-08-21T02:45:00+09:00,2026-08-21T02:50:00+09:00,hs_lotteimallonetv,롯데원티비,[프리메로] ◆[8박스]프리메로 유기농 토마토 NFC 100 (1박스: 40g x 10포),◆ 프리메로 유기농 토마토 NFC 100,프리메로 유기농 토마토 NFC,프리메로,과채주스,토마토,확정,프리메로 유기농 토마토 NFC,식품,1,0,0,,,captured,free_schedule_2350,2026-08-22T00:18:44.196688+09:00,,,1,2026-08-20T16:45:11.819029+09:00,2026-08-23T00:02:56.216113+09:00
4d5af3390cb087044b3140fe3ae2b835,2026-08-21,2026-08-21T02:51:00+09:00,2026-08-21T03:12:00+09:00,hs_gsshopmyshop,GS홈쇼핑 마이샵,뉴온 시서스 필 다이어트 6박스,뉴온 시서스 필 다이어트 6박스,뉴온 시서스 필 다이어트,뉴온,다이어트,시서스,확정,뉴온 시서스 필 다이어트,식품,2,0,0,,,captured,free_schedule_2350,2026-08-22T00:18:44.196690+09:00,,,1,2026-08-20T16:45:11.819029+09:00,2026-08-23T00:02:56.216113+09:00
29b5792975b606a26e5acd33808e1ebc,2026-08-21,2026-08-21T03:00:00+09:00,2026-08-21T04:02:00+09:00,hs_nsmall,NS홈쇼핑,히트상품 앵콜방송3부,히트상품 앵콜방송3부,히트상품 앵콜방송3부,,,,미분류,,식품,8,84,6148300,,,captured,free_schedule_2350,2026-08-22T00:18:44.196692+09:00,,,1,2026-08-20T16:45:11.819029+09:00,2026-08-23T00:02:56.216113+09:00
cd0f6be2c0c32d18a33aaf00ae077ed5,2026-08-21,2026-08-21T03:00:00+09:00,2026-08-21T03:51:00+09:00,hs_gongyoung,공영쇼핑,[100% 국내산 천연 햇 벌꿀]농협안심특화꿀 아까시꽃꿀 5병,농협안심특화꿀 아까시꽃꿀 5병,농협안심특화꿀 아까시꽃꿀 5병,,,,미분류,,식품,1,172,10302800,,,captured,free_schedule_2350,2026-08-22T00:18:44.196694+09:00,,,1,2026-08-20T16:45:11.819029+09:00,2026-08-23T00:02:56.216113+09:00
67d1caf9d681d43693dbb5b44f3498b2,2026-08-21,2026-08-21T03:05:00+09:00,2026-08-21T03:10:00+09:00,hs_lotteimallonetv,롯데원티비,[프리메로] □[8박스]프리메로 유기농 토마토 NFC 100 (1박스: 40g x 10포),□ 프리메로 유기농 토마토 NFC 100,프리메로 유기농 토마토 NFC,프리메로,과채주스,토마토,확정,프리메로 유기농 토마토 NFC,식품,1,0,0,,,captured,free_schedule_2350,2026-08-22T00:18:44.196696+09:00,,,1,2026-08-20T16:45:11.819029+09:00,2026-08-23T00:02:56.216113+09:00
519d568fed10086fc8fb6bce198b5962,2026-08-21,2026-08-21T03:20:00+09:00,2026-08-21T04:00:00+09:00,hs_hmallplus,현대홈쇼핑 플러스샵,[방송에서만]뉴트리케이 두뇌엔포커스 PS 80(8+4박스. 총 12박스),뉴트리케이 두뇌엔포커스 PS 80,뉴트리케이 두뇌엔포커스 PS 80,,,,미분류,,식품,2,12,2410000,,,captured,free_schedule_2350,2026-08-22T00:18:44.196699+09:00,,,1,2026-08-20T16:45:11.819029+09:00,2026-08-23T00:02:56.216113+09:00
ff48eebdf5a57e6a4cb5f852280eb1b0,2026-08-21,2026-08-21T03:25:00+09:00,2026-08-21T03:30:00+09:00,hs_lotteimallonetv,롯데원티비,[프리메로] ◎[8박스]프리메로 유기농 토마토 NFC 100 (1박스: 40g x 10포),◎ 프리메로 유기농 토마토 NFC 100,프리메로 유기농 토마토 NFC,프리메로,과채주스,토마토,확정,프리메로 유기농 토마토 NFC,식품,1,0,0,,,captured,free_schedule_2350,2026-08-22T00:18:44.196701+09:00,,,1,2026-08-20T16:45:11.819029+09:00,2026-08-23T00:02:56.216113+09:00
d06fa1334303d2bde986181ca62b27db,2026-08-21,2026-08-21T03:45:00+09:00,2026-08-21T03:50:00+09:00,hs_lotteimallonetv,롯데원티비,[봉래헌] 메이필드 호텔 LA갈비 400g * 8팩(1),메이필드 호텔 LA갈비 400g * 8팩,메이필드 호텔 LA갈비,메이필드호텔,육류/갈비,소고기,확정,메이필드 호텔 LA갈비,식품,1,0,0,,,captured,free_schedule_2350,2026-08-22T00:18:44.196703+09:00,,,1,2026-08-20T16:45:11.819029+09:00,2026-08-23T00:02:56.216113+09:00
3ec477c48124c7c436d0e6f3721c7d2c,2026-08-21,2026-08-21T03:59:00+09:00,2026-08-21T04:19:00+09:00,hs_shinsegae,신세계쇼핑,[상시] 보넬 아이엠 당근 NFC 착즙주스 1L*15병,보넬 아이엠 당근 NFC 착즙주스 1L*15병,보넬드 아이엠 당근주스,보넬드,과채주스,당근,확정,보넬 아이엠 당근 NFC 착즙주스,식품,1,7,1708000,,,captured,free_schedule_2350,2026-08-22T00:18:44.196705+09:00,,,1,2026-08-20T16:45:11.819029+09:00,2026-08-23T00:02:56.216113+09:00
16487eaf88f8dcfef234eb75ecf32a05,2026-08-21,2026-08-21T04:00:00+09:00,2026-08-21T04:20:00+09:00,hs_hmallplus,현대홈쇼핑 플러스샵,(총 13박스) 오리아나 캐나다 야생 블루베리 100% 12박스+1박스 더(20gx14포x13박스),오리아나 캐나다 야생 블루베리 100% 12박스+1박스 더,오리아나 캐나다 야생 블루베리 100% 12박스+1박스 더,,,,미분류,,식품,3,1,258000,,,captured,free_schedule_2350,2026-08-22T00:18:44.196707+09:00,,,1,2026-08-20T16:45:11.819029+09:00,2026-08-23T00:02:56.216113+09:00
4de5be26b2e8c228c86d1e709bc152fb,2026-08-21,2026-08-21T04:00:00+09:00,2026-08-21T04:05:00+09:00,hs_lotteimallonetv,롯데원티비,[봉래헌] 메이필드 호텔 LA갈비 400g * 8팩(2),메이필드 호텔 LA갈비 400g * 8팩,메이필드 호텔 LA갈비,메이필드호텔,육류/갈비,소고기,확정,메이필드 호텔 LA갈비,식품,1,,,,,missing,free_schedule_2350,2026-08-22T00:18:44.196709+09:00,,,,2026-08-20T16:45:11.819029+09:00,2026-08-20T17:37:07.703688+09:00
5e65768470bf168c1af66b204289f3ea,2026-08-21,2026-08-21T04:00:00+09:00,2026-08-21T05:02:00+09:00,hs_nsmall,NS홈쇼핑,히트상품 앵콜방송4부,히트상품 앵콜방송4부,히트상품 앵콜방송4부,,,,미분류,,식품,2,726,25247400,,,captured,free_schedule_2350,2026-08-22T00:18:44.196711+09:00,,,1,2026-08-20T16:45:11.819029+09:00,2026-08-23T00:02:56.216113+09:00
22c7f7f8c9c24b344070d5aa7b301396,2026-08-21,2026-08-21T04:01:00+09:00,2026-08-21T04:06:00+09:00,hs_lotteimallonetv,롯데원티비,[봉래헌] 메이필드 호텔 LA갈비 400g * 8팩(2),메이필드 호텔 LA갈비 400g * 8팩,메이필드 호텔 LA갈비,메이필드호텔,육류/갈비,소고기,확정,메이필드 호텔 LA갈비,식품,1,0,0,,,captured,free_schedule_2350,2026-08-22T00:18:44.196713+09:00,,,1,2026-08-20T19:03:11.303958+09:00,2026-08-23T00:02:56.216113+09:00
4c18ba31b20079cae56f32c1ea645d8d,2026-08-21,2026-08-21T04:05:00+09:00,2026-08-21T04:15:00+09:00,hs_cjonstyleplus,CJ온스타일 플러스,[방송에서만] 이시형 박사의 인생 마그네슘 영양제 6+3박스,이시형 박사의 인생 마그네슘 영양제 6+3박스,이시형 박사의 인생 마그네슘,이시형,영양제/미네랄,마그네슘,확정,이시형 박사의 인생 마그네슘 영양제,식품,1,3,837000,,,captured,free_schedule_2350,2026-08-22T00:18:44.196715+09:00,,,1,2026-08-20T16:45:11.819029+09:00,2026-08-23T00:02:56.216113+09:00
a2b1ff8dcee51bc11c734cd01f11df34,2026-08-21,2026-08-21T04:10:00+09:00,2026-08-21T05:00:00+09:00,hs_gongyoung,공영쇼핑,(100% 국산밤) 공주 맛밤 50g*15봉,공주 맛밤 50g*15봉,공주 맛밤 50g*15봉,,,,미분류,,식품,1,725,21677500,,,captured,free_schedule_2350,2026-08-22T00:18:44.196717+09:00,,,1,2026-08-20T16:45:11.819029+09:00,2026-08-23T00:02:56.216113+09:00
3966b1b19591899dd9261fb709273e0a,2026-08-21,2026-08-21T04:15:00+09:00,2026-08-21T04:20:00+09:00,hs_lotteimallonetv,롯데원티비,[봉래헌] 메이필드 호텔 LA갈비 400g * 8팩(3),메이필드 호텔 LA갈비 400g * 8팩,메이필드 호텔 LA갈비,메이필드호텔,육류/갈비,소고기,확정,메이필드 호텔 LA갈비,식품,1,,,,,missing,free_schedule_2350,2026-08-22T00:18:44.196719+09:00,,,,2026-08-20T16:45:11.819029+09:00,2026-08-20T17:37:07.703688+09:00
9233a0523e382bdeb2f512fbcb67e9f1,2026-08-21,2026-08-21T04:16:00+09:00,2026-08-21T04:21:00+09:00,hs_lotteimallonetv,롯데원티비,[봉래헌] 메이필드 호텔 LA갈비 400g * 8팩(3),메이필드 호텔 LA갈비 400g * 8팩,메이필드 호텔 LA갈비,메이필드호텔,육류/갈비,소고기,확정,메이필드 호텔 LA갈비,식품,1,0,0,,,captured,free_schedule_2350,2026-08-22T00:18:44.196721+09:00,,,1,2026-08-20T19:03:11.303958+09:00,2026-08-23T00:02:56.216113+09:00
1eccf17c0076f8a429e85972c3ee61d6,2026-08-21,2026-08-21T04:19:00+09:00,2026-08-21T04:30:00+09:00,hs_shinsegae,신세계쇼핑,[방송에서만] 앱솔리 또또뻥 국내산 현미 8봉 + 호라산밀앤파로 8봉,앱솔리 또또뻥 국내산 현미 8봉 + 호라산밀앤파로 8봉,앱솔리 또또뻥 국내산 현미 8봉 + 호라산밀앤파로 8봉,,,,미분류,,식품,4,37,1476300,,,captured,free_schedule_2350,2026-08-22T00:18:44.196723+09:00,,,1,2026-08-20T16:45:11.819029+09:00,2026-08-23T00:02:56.216113+09:00
2cc7c3453b443327346a03a7400e188c,2026-08-21,2026-08-21T04:30:00+09:00,2026-08-21T05:00:00+09:00,hs_cjonstyleplus,CJ온스타일 플러스,대원헬스 혈당파이터 20개월분 (30정X20박스),대원헬스 혈당파이터 20개월분,대원헬스 혈당파이터,대원헬스,건강식품/혈당관리,,확정,대원헬스 혈당파이터,식품,2,13,1684000,,,captured,free_schedule_2350,2026-08-22T00:18:44.196725+09:00,,,1,2026-08-20T16:45:11.819029+09:00,2026-08-23T00:02:56.216113+09:00
507dea970280a6bade29afc9ad3232f2,2026-08-21,2026-08-21T04:30:00+09:00,2026-08-21T05:30:00+09:00,hs_shinsegae,신세계쇼핑,삼육두유 검은콩 볶은귀리 60팩 + 흑임자두유 45팩 (총105팩),삼육두유 검은콩 볶은귀리 60팩 + 흑임자두유 45팩,삼육두유 검은콩 볶은귀리 60팩 + 흑임자두유 45팩,,,,미분류,,식품,8,425,24140500,,,captured,free_schedule_2350,2026-08-22T00:18:44.196727+09:00,,,1,2026-08-20T16:45:11.819029+09:00,2026-08-23T00:02:56.216113+09:00
b279c3199b4da54d06f0de3753bf6ea5,2026-08-21,2026-08-21T04:30:00+09:00,2026-08-21T05:21:00+09:00,hs_hmall,현대홈쇼핑,보리담은 찰보리빵 100개(오리지날60개+쑥20개+유자20개),보리담은 찰보리빵 100개,보리담은 찰보리빵 100개,,,,미분류,,식품,1,921,36747900,,,captured,free_schedule_2350,2026-08-22T00:18:44.196729+09:00,,,1,2026-08-20T16:45:11.819029+09:00,2026-08-23T00:02:56.216113+09:00
b57772f5d8325a939ba99f2985bea9f4,2026-08-21,2026-08-21T04:30:00+09:00,2026-08-21T04:35:00+09:00,hs_lotteimallonetv,롯데원티비,[봉래헌] 메이필드 호텔 LA갈비 400g * 8팩(1),메이필드 호텔 LA갈비 400g * 8팩,메이필드 호텔 LA갈비,메이필드호텔,육류/갈비,소고기,확정,메이필드 호텔 LA갈비,식품,1,,,,,missing,free_schedule_2350,2026-08-22T00:18:44.196731+09:00,,,,2026-08-20T16:45:11.819029+09:00,2026-08-20T17:37:07.703688+09:00
5f86d7a0fa5fa31030f5d7ac9dc67cc2,2026-08-21,2026-08-21T04:31:00+09:00,2026-08-21T04:36:00+09:00,hs_lotteimallonetv,롯데원티비,[봉래헌] 메이필드 호텔 LA갈비 400g * 8팩(1),메이필드 호텔 LA갈비 400g * 8팩,메이필드 호텔 LA갈비,메이필드호텔,육류/갈비,소고기,확정,메이필드 호텔 LA갈비,식품,1,0,0,,,captured,free_schedule_2350,2026-08-22T00:18:44.196733+09:00,,,1,2026-08-20T19:03:11.303958+09:00,2026-08-23T00:02:56.216113+09:00
f14b6d4fb803607468dc394d5cdd044a,2026-08-21,2026-08-21T04:37:00+09:00,2026-08-21T05:36:00+09:00,hs_shopntmall,쇼핑엔티,[이번달 중 단이틀] 종근당건강 아이클리어 루테인 20개월분,종근당건강 아이클리어 루테인 20개월분,종근당건강 아이클리어 루테인,종근당건강,건강식품/눈건강,루테인/카로티노이드,확정,종근당건강 아이클리어 루테인,식품,1,48,7632000,,,captured,free_schedule_2350,2026-08-22T00:18:44.196735+09:00,,,1,2026-08-20T16:45:11.819029+09:00,2026-08-23T00:02:56.216113+09:00
57376582794533a814c3ac43699365cd,2026-08-21,2026-08-21T04:40:00+09:00,2026-08-21T05:40:00+09:00,hs_nsmallshopplus,NS홈쇼핑 샵플러스,갈비탕1,갈비탕1,갈비탕1,,,,미분류,,식품,1,,,,,missing,free_schedule_2350,2026-08-22T00:18:44.196737+09:00,,,,2026-08-20T16:45:11.819029+09:00,2026-08-20T17:37:07.703688+09:00
34c72565dd3412fd9ed9ec8e99f6c067,2026-08-21,2026-08-21T04:41:00+09:00,2026-08-21T05:42:00+09:00,hs_nsmallshopplus,NS홈쇼핑 샵플러스,갈비탕1,갈비탕1,갈비탕1,,,,미분류,,식품,1,255,15274500,,,captured,free_schedule_2350,2026-08-22T00:18:44.196739+09:00,,,1,2026-08-20T19:03:11.303958+09:00,2026-08-23T00:02:56.216113+09:00
3c8293e39b5bb47a16afed295dd479cb,2026-08-21,2026-08-21T04:45:00+09:00,2026-08-21T04:50:00+09:00,hs_lotteimallonetv,롯데원티비,[봉래헌] 메이필드 호텔 LA갈비 400g * 8팩(2),메이필드 호텔 LA갈비 400g * 8팩,메이필드 호텔 LA갈비,메이필드호텔,육류/갈비,소고기,확정,메이필드 호텔 LA갈비,식품,1,,,,,missing,free_schedule_2350,2026-08-22T00:18:44.196741+09:00,,,,2026-08-20T16:45:11.819029+09:00,2026-08-20T17:37:07.703688+09:00
800d421ddb269508e703b8e3f3554549,2026-08-21,2026-08-21T04:46:00+09:00,2026-08-21T04:51:00+09:00,hs_lotteimallonetv,롯데원티비,[봉래헌] 메이필드 호텔 LA갈비 400g * 8팩(2),메이필드 호텔 LA갈비 400g * 8팩,메이필드 호텔 LA갈비,메이필드호텔,육류/갈비,소고기,확정,메이필드 호텔 LA갈비,식품,1,0,0,,,captured,free_schedule_2350,2026-08-22T00:18:44.196743+09:00,,,1,2026-08-20T19:03:11.303958+09:00,2026-08-23T00:02:56.216113+09:00
bbf655a40a0efd1e2d9fbf05f858d907,2026-08-21,2026-08-21T04:55:00+09:00,2026-08-21T05:00:00+09:00,hs_lotteimallonetv,롯데원티비,[태현] 알뜰 못난이 보조개 초록사과 3kg,알뜰 못난이 보조개 초록사과 3kg,알뜰 못난이 보조개 초록사과 3kg,,,,미분류,,식품,1,,,,,missing,free_schedule_2350,2026-08-22T00:18:44.196745+09:00,,,,2026-08-20T16:45:11.819029+09:00,2026-08-20T17:37:07.703688+09:00
8d0b68c28e4c43e68b48cc5a75461ec4,2026-08-21,2026-08-21T04:56:00+09:00,2026-08-21T05:01:00+09:00,hs_lotteimallonetv,롯데원티비,[태현] 알뜰 못난이 보조개 초록사과 3kg,알뜰 못난이 보조개 초록사과 3kg,알뜰 못난이 보조개 초록사과 3kg,,,,미분류,,식품,1,7,139300,,,captured,free_schedule_2350,2026-08-22T00:18:44.196747+09:00,,,1,2026-08-20T19:03:11.303958+09:00,2026-08-23T00:02:56.216113+09:00
efe20e34ade56f935582d1b48236fe53,2026-08-21,2026-08-21T05:00:00+09:00,2026-08-21T05:42:00+09:00,hs_nsmall,NS홈쇼핑,단호박,단호박,단호박,,,,미분류,,식품,1,696,20810400,,,captured,free_schedule_2350,2026-08-22T00:18:44.196749+09:00,,,1,2026-08-20T16:45:11.819029+09:00,2026-08-23T00:02:56.216113+09:00
21d6d1f4c4bfddfd74622dbe43b26e5f,2026-08-21,2026-08-21T05:15:00+09:00,2026-08-21T05:35:00+09:00,hs_gsshopmyshop,GS홈쇼핑 마이샵,"TROO 동결건조 블루베리 25팩 + 방송에서만 2팩 더, 총 27팩(팩당 15g, 원과 투입중량 약 115g)","TROO 동결건조 블루베리 25팩 + 방송에서만 2팩 더, 총 27팩","TROO 동결건조 블루베리 25팩 + 방송에서만 2팩 더, 총 27팩",,,,미분류,,식품,2,28,2796000,,,captured,free_schedule_2350,2026-08-22T00:18:44.196751+09:00,,,1,2026-08-20T16:45:11.819029+09:00,2026-08-23T00:02:56.216113+09:00
77a2039d208048d498c92309f436389c,2026-08-21,2026-08-21T05:15:00+09:00,2026-08-21T05:45:00+09:00,hs_cjonstyleplus,CJ온스타일 플러스,연잎밥,연잎밥,연잎밥,,,,미분류,,식품,1,109,4349100,,,captured,free_schedule_2350,2026-08-22T00:18:44.196753+09:00,,,1,2026-08-20T16:45:11.819029+09:00,2026-08-23T00:02:56.216113+09:00
b906e0a03328f741b63dff21375b63a5,2026-08-21,2026-08-21T05:15:00+09:00,2026-08-21T06:15:00+09:00,hs_lotteimall,롯데홈쇼핑,[닥터린] ☆반값세일특별구성[12개월+비타민K2] 닥터린 콘드로이친 1200 콘레이티+MBP 12박스+닥터린 초임계 비타민K2 2박스,☆반값세일특별구성 닥터린 콘드로이친 1200 콘레이티+MBP 12박스+닥터린 초임계 비타민K2 2박스,☆반값세일특별구성 닥터린 콘드로이친 1200 콘레이티+MBP 12박스+닥터린 초임계 비타민K2 2박스,,,,미분류,,식품,2,109,17670500,,,captured,free_schedule_2350,2026-08-22T00:18:44.196755+09:00,,,1,2026-08-20T16:45:11.819029+09:00,2026-08-23T00:02:56.216113+09:00
3c2d0a2db76f71ad426d92864edc93ea,2026-08-21,2026-08-21T05:20:00+09:00,2026-08-21T06:20:00+09:00,hs_hmallplus,현대홈쇼핑 플러스샵,[50%세일] 닥터린 콘드로이친 1200 콘레이티+MBP+K2 12개월분+비타민K2 2개월분,닥터린 콘드로이친 1200 콘레이티+MBP+K2 12개월분+비타민K2 2개월분,닥터린 콘드로이친 1200 콘레이티+MBP+K2 12개월분+비타민K2 2개월분,,,,미분류,,식품,2,113,18003500,,,captured,free_schedule_2350,2026-08-22T00:18:44.196757+09:00,,,1,2026-08-20T16:45:11.819029+09:00,2026-08-23T00:02:56.216113+09:00
cc627ad3c090d8de9ce49f37f8e28f21,2026-08-21,2026-08-21T05:20:00+09:00,2026-08-21T06:16:00+09:00,hs_hmall,현대홈쇼핑,(총 12박스 초특가) 블루베리빌 100% 유기농 블루베리 10박스+2박스 더(30gx15포x12박스),블루베리빌 100% 유기농 블루베리 10박스+2박스 더,블루베리빌 100% 유기농 블루베리 10박스+2박스 더,,,,미분류,,식품,3,170,36224100,,,captured,free_schedule_2350,2026-08-22T00:18:44.196759+09:00,,,1,2026-08-20T16:45:11.819029+09:00,2026-08-23T00:02:56.216113+09:00
3a80bc03b30a96841c4f8525ad37c2db,2026-08-21,2026-08-21T05:30:00+09:00,2026-08-21T06:01:00+09:00,hs_gsshop,GS홈쇼핑,주안이네 국내산 포기김치 10kg,주안이네 국내산 포기김치 10kg,주안이네 국내산 포기김치 10kg,,,,미분류,,식품,1,115,5738500,,,captured,free_schedule_2350,2026-08-22T00:18:44.196761+09:00,,,1,2026-08-20T16:45:11.819029+09:00,2026-08-23T00:02:56.216113+09:00
b884eb529bc44502cd7c2fe05202ed32,2026-08-21,2026-08-21T05:31:00+09:00,2026-08-21T06:31:00+09:00,hs_skstoa,SK스토아,[방송에서만] HLB제약 어진 맥문동 진액 2박스+2박스 (총 120포) | 원산지 : 상품정보 참조,HLB제약 어진 맥문동 진액 2박스+2박스 | 원산지 : 상품정보 참조,HLB제약 어진 맥문동 진액,HLB제약,전통건강즙,맥문동,확정,HLB제약 어진 맥문동 진액,식품,1,192,24768000,,,captured,free_schedule_2350,2026-08-22T00:18:44.196763+09:00,,,1,2026-08-20T16:45:11.819029+09:00,2026-08-23T00:02:56.216113+09:00
588654cc463ef5b9d0997297de336ccd,2026-08-21,2026-08-21T05:35:00+09:00,2026-08-21T05:55:00+09:00,hs_gsshopmyshop,GS홈쇼핑 마이샵,한생원 천연 육수팩 4팩(해물2 해장2) 천연버섯소금3종,한생원 천연 육수팩 4팩 천연버섯소금3종,한생원 천연 육수팩 4팩 천연버섯소금3종,,,,미분류,,식품,1,28,977200,,,captured,free_schedule_2350,2026-08-22T00:18:44.196765+09:00,,,1,2026-08-20T16:45:11.819029+09:00,2026-08-23T00:02:56.216113+09:00
1c1e6879978570ef4c91fac3f8b29091,2026-08-21,2026-08-21T05:36:00+09:00,2026-08-21T06:36:00+09:00,hs_shopntmall,쇼핑엔티,[50％세일] 종근당건강 락토핏 당케어 프로 12통(12개월) + 저당밥솥,종근당건강 락토핏 당케어 프로 12통 + 저당밥솥,종근당건강 락토핏 당케어 프로 12통 + 저당밥솥,,,,미분류,,식품,1,114,15846000,,,captured,free_schedule_2350,2026-08-22T00:18:44.196767+09:00,,,1,2026-08-20T16:45:11.819029+09:00,2026-08-23T00:02:56.216113+09:00
5dc56ba02db27353dc4eae9ead33bcb7,2026-08-21,2026-08-21T05:40:00+09:00,2026-08-21T06:40:00+09:00,hs_nsmallshopplus,NS홈쇼핑 샵플러스,메이준두뇌엔PS1,메이준두뇌엔PS1,메이준두뇌엔PS1,,,,미분류,,식품,3,,,,,missing,free_schedule_2350,2026-08-22T00:18:44.196769+09:00,,,,2026-08-20T16:45:11.819029+09:00,2026-08-20T17:37:07.703688+09:00
78c2eafc2627fc3d3ec0f726f56a5bbd,2026-08-21,2026-08-21T05:40:00+09:00,2026-08-21T06:32:00+09:00,hs_nsmall,NS홈쇼핑,상황버섯쌀,상황버섯쌀,상황버섯쌀,,,,미분류,,식품,2,311,47129000,,,captured,free_schedule_2350,2026-08-22T00:18:44.196771+09:00,,,1,2026-08-20T16:45:11.819029+09:00,2026-08-23T00:02:56.216113+09:00
4b34a7f6e07388563b9f457808746931,2026-08-21,2026-08-21T05:41:00+09:00,2026-08-21T06:42:00+09:00,hs_nsmallshopplus,NS홈쇼핑 샵플러스,메이준두뇌엔PS1,메이준두뇌엔PS1,메이준두뇌엔PS1,,,,미분류,,식품,3,75,14055000,,,captured,free_schedule_2350,2026-08-22T00:18:44.196773+09:00,,,1,2026-08-20T19:03:11.303958+09:00,2026-08-23T00:02:56.216113+09:00
da771ab9516fe406bb4c1e2c9fe48870,2026-08-21,2026-08-21T05:45:00+09:00,2026-08-21T06:45:00+09:00,hs_cjonstyleplus,CJ온스타일 플러스,대원헬스 아스타 루지 20개월분,대원헬스 아스타 루지 20개월분,대원헬스 아스타 루지,대원헬스,건강식품/눈건강,루테인/카로티노이드,확정,대원헬스 아스타 루지,식품,2,160,21741000,,,captured,free_schedule_2350,2026-08-22T00:18:44.196775+09:00,,,1,2026-08-20T16:45:11.819029+09:00,2026-08-23T00:02:56.216113+09:00
622ed2610468ca5d035d0a5a65b5e3a9,2026-08-21,2026-08-21T05:55:00+09:00,2026-08-21T06:36:00+09:00,hs_gsshopmyshop,GS홈쇼핑 마이샵,당당한 누에환 6박스,당당한 누에환 6박스,당당한 누에환 6박스,,,,미분류,,식품,1,104,16536000,,,captured,free_schedule_2350,2026-08-22T00:18:44.196777+09:00,,,1,2026-08-20T16:45:11.819029+09:00,2026-08-23T00:02:56.216113+09:00
87e4af9d30a9ba1ce8cf5f0d5eb392d4,2026-08-21,2026-08-21T06:15:00+09:00,2026-08-21T07:16:00+09:00,hs_hmall,현대홈쇼핑,[더현대적인] 패밀리세트 비에날씬 프로 12박스+프로틴 2주+플러스 2박스(20포)+글라스 에어프라이,패밀리세트 비에날씬 프로 12박스+프로틴 2주+플러스 2박스 +글라스 에어프라이,비에날씬 프로,비에날씬,다이어트 유산균,BNR17 유산균,확정,비에날씬프로,식품,4,161,103086000,,,captured,free_schedule_2350,2026-08-22T00:18:44.196779+09:00,,,1,2026-08-20T16:45:11.819029+09:00,2026-08-23T00:02:56.216113+09:00
b2ecbaa37e395bcceeeadd738d61edf9,2026-08-21,2026-08-21T06:15:00+09:00,2026-08-21T07:15:00+09:00,hs_lotteimall,롯데홈쇼핑,[♥3X 한 박스 더♥]여에스더 리포좀 글루타치온 다이렉트 12X 알파 네트워크 12박스+여에스더 글루타치온 3X 1박스,여에스더 리포좀 글루타치온 다이렉트 12X 알파 네트워크 12박스+여에스더 글루타치온 3X 1박스,여에스더 리포좀 글루타치온 다이렉트 12X 알파 네트워크,여에스더,건강식품/글루타치온,글루타치온,확정,여에스더 리포좀 글루타치온 다이렉트 12X 알파 네트워크,식품,2,60,22210000,,,captured,free_schedule_2350,2026-08-22T00:18:44.196782+09:00,,,1,2026-08-20T16:45:11.819029+09:00,2026-08-23T00:02:56.216113+09:00
c521bf65b80952d2bc26734f4485873a,2026-08-21,2026-08-21T06:15:00+09:00,2026-08-21T07:15:00+09:00,hs_cjonstyle,CJ온스타일,[50%Sale] 최신상 골드파로효소 캡슐레이션 30포 X 10박스 + 무선텀블러믹서기,최신상 골드파로효소 캡슐레이션 30포 X 10박스 + 무선텀블러믹서기,골드 파로효소,,건강식품/효소,효소,확정,골드파로효소,식품,2,552,100602000,,,captured,free_schedule_2350,2026-08-22T00:18:44.196784+09:00,,,1,2026-08-20T16:45:11.819029+09:00,2026-08-23T00:02:56.216113+09:00
c2470946f7e569f7083a51e320c89b68,2026-08-21,2026-08-21T06:30:00+09:00,2026-08-21T07:27:00+09:00,hs_nsmall,NS홈쇼핑,그레이스빈서리태콩물,그레이스빈서리태콩물,그레이스빈서리태콩물,,,,미분류,,식품,3,538,74573000,,,captured,free_schedule_2350,2026-08-22T00:18:44.196786+09:00,,,1,2026-08-20T16:45:11.819029+09:00,2026-08-23T00:02:56.216113+09:00
3420b1c5f1a325e448e14b22c9438735,2026-08-21,2026-08-21T06:40:00+09:00,2026-08-21T07:40:00+09:00,hs_lotteimallonetv,롯데원티비,[안국약품] ♥방송에서만 6개월 더♥토비콤 루테인 지아잔틴 플러스 12개월분(500 mgx30캡슐x12박스),♥방송에서만 6개월 더♥토비콤 루테인 지아잔틴 플러스 12개월분,♥방송에서만 6개월 더♥토비콤 루테인 지아잔틴 플러스 12개월분,,,,미분류,,식품,1,,,,,missing,free_schedule_2350,2026-08-22T00:18:44.196788+09:00,,,,2026-08-20T16:45:11.819029+09:00,2026-08-20T17:37:07.703688+09:00
08e1d3ba4b2c8efecbb271edaa4ffe25,2026-08-21,2026-08-21T06:41:00+09:00,2026-08-21T07:40:00+09:00,hs_lotteimallonetv,롯데원티비,[안국약품] ♥방송에서만 6개월 더♥토비콤 루테인 지아잔틴 플러스 12개월분(500 mgx30캡슐x12박스),♥방송에서만 6개월 더♥토비콤 루테인 지아잔틴 플러스 12개월분,♥방송에서만 6개월 더♥토비콤 루테인 지아잔틴 플러스 12개월분,,,,미분류,,식품,1,54,6912000,,,captured,free_schedule_2350,2026-08-22T00:18:44.196790+09:00,,,1,2026-08-20T19:03:11.303958+09:00,2026-08-23T00:02:56.216113+09:00
a25785db449f0eea5ac90af8f912e5b0,2026-08-21,2026-08-21T06:41:00+09:00,2026-08-21T07:42:00+09:00,hs_nsmallshopplus,NS홈쇼핑 샵플러스,하성벌꿀 1,하성벌꿀 1,하성벌꿀 1,,,,확인필요,하성벌꿀 1,식품,1,387,23181300,,,captured,free_schedule_2350,2026-08-22T00:18:44.196792+09:00,,,1,2026-08-20T19:03:11.303958+09:00,2026-08-23T00:02:56.216113+09:00
391cd9ea75e91b2b85fa5d3fbc5d9838,2026-08-21,2026-08-21T07:15:00+09:00,2026-08-21T08:15:00+09:00,hs_cjonstyle,CJ온스타일,[최다 11개월] 프로 다이어트유산균 9개월분+플러스 60포,프로 다이어트유산균 9개월분+플러스 60포,프로 다이어트유산균 9개월분+플러스 60포,,,,미분류,,식품,3,286,143660000,,,captured,free_schedule_2350,2026-08-22T00:18:44.196794+09:00,,,1,2026-08-20T16:45:11.819029+09:00,2026-08-23T00:02:56.216113+09:00
e0efb1eee9348555f816d067ed2be79b,2026-08-21,2026-08-21T07:15:00+09:00,2026-08-21T08:16:00+09:00,hs_hmall,현대홈쇼핑,[두드림]아이클타임 키성장 에프지오 FGO x 5박스(5개월분)+츄어블 칼슘 마그네슘 비타민D3 K2 3박스,아이클타임 키성장 에프지오 FGO x 5박스 +츄어블 칼슘 마그네슘 비타민D3 K2 3박스,아이클타임 키성장 에프지오 FGO x 5박스 +츄어블 칼슘 마그네슘 비타민D3 K2 3박스,,,,미분류,,식품,2,66,44864000,,,captured,free_schedule_2350,2026-08-22T00:18:44.196796+09:00,,,1,2026-08-20T16:45:11.819029+09:00,2026-08-23T00:02:56.216113+09:00
bba278122d45d013816befdd9e05a170,2026-08-21,2026-08-21T07:31:00+09:00,2026-08-21T08:32:00+09:00,hs_shinsegae,신세계쇼핑,"(방송에서만!) 왕의 맥문동 진액 스틱 6+2, 8박스(8개월분) (10g x 240포)","왕의 맥문동 진액 스틱 6+2, 8박스","왕의 맥문동 진액 스틱 6+2, 8박스",,,,미분류,,식품,2,344,117296000,,,captured,free_schedule_2350,2026-08-22T00:18:44.196798+09:00,,,1,2026-08-20T16:45:11.819029+09:00,2026-08-23T00:02:56.216113+09:00
29029ed17b9bdeee37ff6610140581d8,2026-08-21,2026-08-21T07:40:00+09:00,2026-08-21T08:40:00+09:00,hs_nsmallshopplus,NS홈쇼핑 샵플러스,종근당 루테인 1,종근당 루테인 1,종근당 루테인 1,,,,미분류,,식품,1,,,,,missing,free_schedule_2350,2026-08-22T00:18:44.196799+09:00,,,,2026-08-20T16:45:11.819029+09:00,2026-08-20T17:37:07.703688+09:00
6074507358672ddf33aed62f931cb66b,2026-08-21,2026-08-21T07:41:00+09:00,2026-08-21T08:42:00+09:00,hs_nsmallshopplus,NS홈쇼핑 샵플러스,종근당 루테인 1,종근당 루테인 1,종근당 루테인 1,,,,미분류,,식품,1,127,14986000,,,captured,free_schedule_2350,2026-08-22T00:18:44.196801+09:00,,,1,2026-08-20T19:03:11.303958+09:00,2026-08-23T00:02:56.216113+09:00
775db2fb4ecfd1292be7869a8a8058ac,2026-08-21,2026-08-21T07:45:00+09:00,2026-08-21T08:45:00+09:00,hs_cjonstyleplus,CJ온스타일 플러스,[단독/최다] 종근당 건강 락토핏 당케어프로 유산균 10+10+1통(총21통/21개월분),종근당 건강 락토핏 당케어프로 유산균 10+10+1통,종근당 건강 락토핏 당케어프로 유산균 10+10+1통,,,,미분류,,식품,2,330,64974000,,,captured,free_schedule_2350,2026-08-22T00:18:44.196803+09:00,,,1,2026-08-20T16:45:11.819029+09:00,2026-08-23T00:02:56.216113+09:00
801b75a66ab436244df4caa9ade85372,2026-08-21,2026-08-21T08:15:00+09:00,2026-08-21T09:25:00+09:00,hs_hnsmall,홈앤쇼핑,"[방송중 구성] 갱년기엔이알하나 10박스(40주) + 이알하나(2박스, 2개월)",갱년기엔이알하나 10박스 + 이알하나,갱년기엔이알하나 10박스 + 이알하나,,,,미분류,,식품,2,347,112144000,,,captured,free_schedule_2350,2026-08-22T00:18:44.196805+09:00,,,1,2026-08-20T16:45:11.819029+09:00,2026-08-23T00:02:56.216113+09:00
5faf91d72d203666d288877b404a7cc7,2026-08-21,2026-08-21T08:25:00+09:00,2026-08-21T09:27:00+09:00,hs_nsmall,NS홈쇼핑,뉴밋올리브오일,뉴밋올리브오일,뉴밋 유기농 엑스트라버진 올리브오일,뉴밋,오일,올리브,확정,뉴밋올리브오일,식품,7,1073,106164800,,,captured,free_schedule_2350,2026-08-22T00:18:44.196807+09:00,,,1,2026-08-20T16:45:11.819029+09:00,2026-08-23T00:02:56.216113+09:00
3deb70ef6d6289cc55e44bdb89b812fc,2026-08-21,2026-08-21T08:31:00+09:00,2026-08-21T09:31:00+09:00,hs_skstoa,SK스토아,[방송에서만세일] 뉴밋 유기농 엑스트라버진 올리브오일 피쿠알 10박스 | 원산지 : 상품정보 참조,뉴밋 유기농 엑스트라버진 올리브오일 피쿠알 10박스 | 원산지 : 상품정보 참조,뉴밋 유기농 엑스트라버진 올리브오일,뉴밋,오일,올리브,확정,뉴밋 유기농 엑스트라버진 올리브오일 피쿠알,식품,1,623,61677000,,,captured,free_schedule_2350,2026-08-22T00:18:44.196809+09:00,,,1,2026-08-20T16:45:11.819029+09:00,2026-08-23T00:02:56.216113+09:00
5fd3c8c5cad2d5fd3d7523a5223cbd7a,2026-08-21,2026-08-21T08:31:00+09:00,2026-08-21T09:32:00+09:00,hs_shinsegae,신세계쇼핑,*최신상* [방송중 +3박스] 이시형 박사의 인생 마그네슘 영양제 6+3박스 / 총 9박스,*최신상* 이시형 박사의 인생 마그네슘 영양제 6+3박스 / 총 9박스,이시형 박사의 인생 마그네슘,이시형,영양제/미네랄,마그네슘,확정,이시형 박사의 인생 마그네슘 영양제,식품,3,375,104625000,,,captured,free_schedule_2350,2026-08-22T00:18:44.196811+09:00,,,1,2026-08-20T16:45:11.819029+09:00,2026-08-23T00:02:56.216113+09:00
0ad77ac6b93f3e095f367a719c3323d2,2026-08-21,2026-08-21T08:35:00+09:00,2026-08-21T10:35:00+09:00,hs_shopntmall,쇼핑엔티,[50％세일] 골드 카무트 효소 12박스 +  파로 5봉 + 복부마사지기,골드 카무트 효소 12박스 + 파로 5봉 + 복부마사지기,골드 카무트 효소 12박스 + 파로 5봉 + 복부마사지기,,,,미분류,,식품,1,576,114048000,,,captured,free_schedule_2350,2026-08-22T00:18:44.196813+09:00,,,1,2026-08-20T16:45:11.819029+09:00,2026-08-23T00:02:56.216113+09:00
9203ac4fdc41db715237697659f90064,2026-08-21,2026-08-21T08:36:00+09:00,2026-08-21T09:36:00+09:00,hs_gsshopmyshop,GS홈쇼핑 마이샵,프로메가 알티지오메가3 비타민D 10박스,프로메가 알티지오메가3 비타민D 10박스,프로메가 알티지오메가3 비타민D 10박스,,,,미분류,,식품,1,281,30629000,,,captured,free_schedule_2350,2026-08-22T00:18:44.196815+09:00,,,1,2026-08-20T16:45:11.819029+09:00,2026-08-23T00:02:56.216113+09:00
9c08312f32587585a4d48f83a231d581,2026-08-21,2026-08-21T08:40:00+09:00,2026-08-21T09:20:00+09:00,hs_hmallplus,현대홈쇼핑 플러스샵,2026년 햇 경북산 청결 고춧가루 3kg(500g 6팩) + 청양 고춧가루 500g 1팩,2026년 햇 경북산 청결 고춧가루 3kg + 청양 고춧가루 500g 1팩,2026년 햇 경북산 청결 고춧가루 3kg + 청양 고춧가루 500g 1팩,,,,미분류,,식품,3,275,28682100,,,captured,free_schedule_2350,2026-08-22T00:18:44.196817+09:00,,,1,2026-08-20T16:45:11.819029+09:00,2026-08-23T00:02:56.216113+09:00
2d647804def3d522512c172820aa9634,2026-08-21,2026-08-21T09:20:00+09:00,2026-08-21T10:25:00+09:00,hs_cjonstyle,CJ온스타일,키성장 에스클래스 그로우업 맥스 24주,키성장 에스클래스 그로우업 맥스 24주,키성장 에스클래스 그로우업 맥스 24주,,,,미분류,,식품,2,239,232393000,,,captured,free_schedule_2350,2026-08-22T00:18:44.196820+09:00,,,1,2026-08-20T16:45:11.819029+09:00,2026-08-23T00:02:56.216113+09:00
16dbb7434112d172afc2e9e25cd51492,2026-08-21,2026-08-21T09:32:00+09:00,2026-08-21T10:32:00+09:00,hs_shinsegae,신세계쇼핑,[세일] 그레인온 골드 카무트효소 12박스 +파로 5봉 +필리니 파로면 4봉,그레인온 골드 카무트효소 12박스 +파로 5봉 +필리니 파로면 4봉,그레인온 골드 카무트효소 12박스 +파로 5봉 +필리니 파로면 4봉,,,,미분류,,식품,3,406,82418000,,,captured,free_schedule_2350,2026-08-22T00:18:44.196822+09:00,,,1,2026-08-20T16:45:11.819029+09:00,2026-08-23T00:02:56.216113+09:00
18e119489ff3861017633521f30ec96f,2026-08-21,2026-08-21T10:25:00+09:00,2026-08-21T11:35:00+09:00,hs_cjonstyle,CJ온스타일,[방송에서만 50%세일]장용성 파비플로라 다이어트 12박스,장용성 파비플로라 다이어트 12박스,장용성 파비플로라 다이어트 12박스,,,,미분류,,식품,2,480,80160000,,,captured,free_schedule_2350,2026-08-22T00:18:44.196824+09:00,,,1,2026-08-20T16:45:11.819029+09:00,2026-08-23T00:02:56.216113+09:00
225a81796e395112aacca4d18f4d395c,2026-08-21,2026-08-21T10:25:00+09:00,2026-08-21T11:32:00+09:00,hs_nsmall,NS홈쇼핑,이시형마그네슘,이시형마그네슘,이시형 박사의 인생 마그네슘,이시형,영양제/미네랄,마그네슘,확정,이시형마그네슘,식품,3,895,248797000,,,captured,free_schedule_2350,2026-08-22T00:18:44.196826+09:00,,,1,2026-08-20T16:45:11.819029+09:00,2026-08-23T00:02:56.216113+09:00
8717ceea1582fc2f548ad0efcf8561fc,2026-08-21,2026-08-21T10:25:00+09:00,2026-08-21T11:35:00+09:00,hs_gongyoung,공영쇼핑,한식대가 김미라의 황태채구이 150g×10통,한식대가 김미라의 황태채구이 150g×10통,한식대가 김미라의 황태채구이 150g×10통,,,,미분류,,식품,1,2055,96379500,,,captured,free_schedule_2350,2026-08-22T00:18:44.196828+09:00,,,1,2026-08-20T16:45:11.819029+09:00,2026-08-23T00:02:56.216113+09:00
6bb8db685f4fa5deb3a47c71da34c269,2026-08-21,2026-08-21T10:31:00+09:00,2026-08-21T11:31:00+09:00,hs_skstoa,SK스토아,(99천원 특가/복부 마사지기 추가구성)락토핏 코어맥스 16개월분+복부 마사지기 | 원산지 : 상품정보 참조,락토핏 코어맥스 16개월분+복부 마사지기 | 원산지 : 상품정보 참조,락토핏 코어맥스 16개월분+복부 마사지기 | 원산지 : 상품정보 참조,,,,미분류,,식품,7,418,41382000,,,captured,free_schedule_2350,2026-08-22T00:18:44.196830+09:00,,,1,2026-08-20T19:03:11.303958+09:00,2026-08-23T00:02:56.216113+09:00
947633d1a1d2725776c7fa6a74354239,2026-08-21,2026-08-21T10:31:00+09:00,2026-08-21T11:31:00+09:00,hs_skstoa,SK스토아,(99천원 특가/복부 마사지기 추가구성)락토핏 코어맥스 16개월분+복부 마사지기 | 원산지 : 상품정보 참조,락토핏 코어맥스 16개월분+복부 마사지기 | 원산지 : 상품정보 참조,락토핏 코어맥스 16개월분+복부 마사지기 | 원산지 : 상품정보 참조,,,,미분류,,식품,7,,,,,missing,free_schedule_2350,2026-08-22T00:18:44.196832+09:00,,,,2026-08-20T16:45:11.819029+09:00,2026-08-20T17:37:07.703688+09:00
95f6ddc05dab15929a7d90cf5fe1de52,2026-08-21,2026-08-21T10:35:00+09:00,2026-08-21T11:35:00+09:00,hs_shopntmall,쇼핑엔티,[이번달 중 단이틀] 종근당건강 아이클리어 루테인 20개월분,종근당건강 아이클리어 루테인 20개월분,종근당건강 아이클리어 루테인,종근당건강,건강식품/눈건강,루테인/카로티노이드,확정,종근당건강 아이클리어 루테인,식품,1,181,28779000,,,captured,free_schedule_2350,2026-08-22T00:18:44.196835+09:00,,,1,2026-08-20T16:45:11.819029+09:00,2026-08-23T00:02:56.216113+09:00
e570335b3d7b54334c74b2ad88257be0,2026-08-21,2026-08-21T10:38:00+09:00,2026-08-21T11:43:00+09:00,hs_kshop,KT알파쇼핑,데이즈온_파라다이스그레인,데이즈온_파라다이스그레인,데이즈온 파라다이스그레인,데이즈온,다이어트/건강식품,곡물,확정,데이즈온 파라다이스그레인,식품,2,237,57258000,,,captured,free_schedule_2350,2026-08-22T00:18:44.196837+09:00,,,1,2026-08-20T16:45:11.819029+09:00,2026-08-23T00:02:56.216113+09:00
a50f00bc45d97771ca6cf56067511af8,2026-08-21,2026-08-21T10:41:00+09:00,2026-08-21T11:43:00+09:00,hs_nsmallshopplus,NS홈쇼핑 샵플러스,고춧가루1,고춧가루1,고춧가루1,,조미식품,고추,확인필요,고춧가루1,식품,2,392,47656200,,,captured,free_schedule_2350,2026-08-22T00:18:44.196839+09:00,,,1,2026-08-20T19:03:11.303958+09:00,2026-08-23T00:02:56.216113+09:00
7a22ff06d1aa09b7010705caa118ee06,2026-08-21,2026-08-21T11:32:00+09:00,2026-08-21T12:33:00+09:00,hs_shinsegae,신세계쇼핑,(방송에서만 할인) 닥터파이토 덴티백 구강유산균 14병( 1g x 30정 x14개월분),닥터파이토 덴티백 구강유산균 14병,닥터파이토 덴티백 구강유산균 14병,,,,미분류,,식품,2,248,74464000,,,captured,free_schedule_2350,2026-08-22T00:18:44.196841+09:00,,,1,2026-08-20T16:45:11.819029+09:00,2026-08-23T00:02:56.216113+09:00
e7906c7afea0d8432cbcef22c56f56fe,2026-08-21,2026-08-21T11:35:00+09:00,2026-08-21T12:40:00+09:00,hs_gongyoung,공영쇼핑,강화섬쌀 나들미 (특등급) 20kg*1포,강화섬쌀 나들미 20kg*1포,강화섬쌀 나들미 20kg*1포,,,,미분류,,식품,2,1241,95432900,,,captured,free_schedule_2350,2026-08-22T00:18:44.196843+09:00,,,1,2026-08-20T16:45:11.819029+09:00,2026-08-23T00:02:56.216113+09:00
39f6eab57107c898f3b468508d127708,2026-08-21,2026-08-21T11:41:00+09:00,2026-08-21T12:43:00+09:00,hs_nsmallshopplus,NS홈쇼핑 샵플러스,실속햇멸치1,실속햇멸치1,실속햇멸치1,,,,확인필요,실속햇멸치1,식품,1,1251,37404900,,,captured,free_schedule_2350,2026-08-22T00:18:44.196845+09:00,,,1,2026-08-20T19:03:11.303958+09:00,2026-08-23T00:02:56.216113+09:00
c31f8107ee604c949dea8e28f7b666b3,2026-08-21,2026-08-21T12:30:00+09:00,2026-08-21T13:31:00+09:00,hs_nsmall,NS홈쇼핑,골드파로효소,골드파로효소,골드 파로효소,,건강식품/효소,효소,확정,골드파로효소,식품,11,346,82564000,,,captured,free_schedule_2350,2026-08-22T00:18:44.196847+09:00,,,1,2026-08-20T16:45:11.819029+09:00,2026-08-23T00:02:56.216113+09:00
0f8c04a4bfcf0c34adb8e463d0a50dc4,2026-08-21,2026-08-21T12:35:00+09:00,2026-08-21T13:30:00+09:00,hs_gsshop,GS홈쇼핑,덴프스 LGG 덴마크 유산균이야기 12개월분,덴프스 LGG 덴마크 유산균이야기 12개월분,덴프스 덴마크 유산균 이야기,덴프스,유산균,유산균,확정,덴프스 LGG 덴마크 유산균이야기,식품,2,247,48588000,,,captured,free_schedule_2350,2026-08-22T00:18:44.196849+09:00,,,1,2026-08-20T16:45:11.819029+09:00,2026-08-23T00:02:56.216113+09:00
12e29dce3fd41916ccb7b2b02af4d4e9,2026-08-21,2026-08-21T12:35:00+09:00,2026-08-21T13:35:00+09:00,hs_lotteimall,롯데홈쇼핑,[에스더포뮬러] ●여에스더 포스파티딜세린 5개월분+NFC 유기농 레몬즙 100 1박스 ,●여에스더 포스파티딜세린 5개월분+NFC 유기농 레몬즙 100 1박스,●여에스더 포스파티딜세린 5개월분+NFC 유기농 레몬즙 100 1박스,,,,미분류,,식품,9,309,27501000,,,captured,free_schedule_2350,2026-08-22T00:18:44.196851+09:00,,,1,2026-08-20T16:45:11.819029+09:00,2026-08-23T00:02:56.216113+09:00
b667f03928c1debae1f48e741bf304fb,2026-08-21,2026-08-21T12:35:00+09:00,2026-08-21T14:32:00+09:00,hs_hmall,현대홈쇼핑,[보넬드]아이엠 토마토주스 12병(1000ml x 12병),아이엠 토마토주스 12병,아이엠 토마토주스 12병,,,,미분류,,식품,1,530,34397000,,,captured,free_schedule_2350,2026-08-22T00:18:44.196853+09:00,,,1,2026-08-20T16:45:11.819029+09:00,2026-08-23T00:02:56.216113+09:00
91a79e0e7a117a7b6fe1b31bcc8c738b,2026-08-21,2026-08-21T12:36:00+09:00,2026-08-21T13:37:00+09:00,hs_gsshopmyshop,GS홈쇼핑 마이샵,에버콜라겐 레티놀A GPH콜라겐 19병 (76주분),에버콜라겐 레티놀A GPH콜라겐 19병,에버콜라겐 레티놀A GPH콜라겐,,건강식품/콜라겐,콜라겐,확정,에버콜라겐 레티놀A GPH콜라겐,식품,4,63,28217000,,,captured,free_schedule_2350,2026-08-22T00:18:44.196855+09:00,,,1,2026-08-20T16:45:11.819029+09:00,2026-08-23T00:02:56.216113+09:00
e7071278de7d7b1cc2b43c204d189bc7,2026-08-21,2026-08-21T12:39:00+09:00,2026-08-21T13:43:00+09:00,hs_kshop,KT알파쇼핑,일동후디스_하이뮨,일동후디스_하이뮨,일동후디스_하이뮨,,,,미분류,,식품,2,89,36791000,,,captured,free_schedule_2350,2026-08-22T00:18:44.196857+09:00,,,1,2026-08-20T16:45:11.819029+09:00,2026-08-23T00:02:56.216113+09:00
5f193c8ae9b7a7a0f6911f3107b3cf11,2026-08-21,2026-08-21T12:40:00+09:00,2026-08-21T13:30:00+09:00,hs_gongyoung,공영쇼핑,[100% 국내산] 퀴노아 7곡 누룽스낵 22봉,퀴노아 7곡 누룽스낵 22봉,퀴노아 7곡 누룽스낵 22봉,,,,미분류,,식품,1,1694,50650600,,,captured,free_schedule_2350,2026-08-22T00:18:44.196859+09:00,,,1,2026-08-20T16:45:11.819029+09:00,2026-08-23T00:02:56.216113+09:00
27512c05a47974d3a3a284d822fe5b80,2026-08-21,2026-08-21T12:41:00+09:00,2026-08-21T13:43:00+09:00,hs_nsmallshopplus,NS홈쇼핑 샵플러스,유정임김치1,유정임김치1,유정임김치1,,,,미분류,,식품,1,1106,44129400,,,captured,free_schedule_2350,2026-08-22T00:18:44.196861+09:00,,,1,2026-08-20T19:03:11.303958+09:00,2026-08-23T00:02:56.216113+09:00
062e1715149462192ddddb7c64031b19,2026-08-21,2026-08-21T13:00:00+09:00,2026-08-21T13:40:00+09:00,hs_hmallplus,현대홈쇼핑 플러스샵,[방송에서만4+4]골드 카무트 효소 프리미엄 8박스,골드 카무트 효소 프리미엄 8박스,골드 카무트 효소,,건강식품/효소,효소,확정,골드 카무트 효소 프리미엄,식품,1,226,22374000,,,captured,free_schedule_2350,2026-08-22T00:18:44.196863+09:00,,,1,2026-08-20T16:45:11.819029+09:00,2026-08-23T00:02:56.216113+09:00
04167c121009470801573e6da4c8df9b,2026-08-21,2026-08-21T13:30:00+09:00,2026-08-21T14:20:00+09:00,hs_gongyoung,공영쇼핑,[화원농협] 화원농협 이맑은 묵은지 8kg,화원농협 이맑은 묵은지 8kg,화원농협 이맑은 묵은지 8kg,,,,미분류,,식품,1,899,43961100,,,captured,free_schedule_2350,2026-08-22T00:18:44.196865+09:00,,,1,2026-08-20T16:45:11.819029+09:00,2026-08-23T00:02:56.216113+09:00
1ff4819bca1a8d430228494196f6e176,2026-08-21,2026-08-21T13:30:00+09:00,2026-08-21T14:20:00+09:00,hs_hnsmall,홈앤쇼핑,[참좋은콩] 김석원 혼합낫또 (40개),김석원 혼합낫또,김석원 혼합낫또,,,,미분류,,식품,1,1452,57934800,,,captured,free_schedule_2350,2026-08-22T00:18:44.196867+09:00,,,1,2026-08-20T16:45:11.819029+09:00,2026-08-23T00:02:56.216113+09:00
8cd51e5398725f22d00cf30550ee76b5,2026-08-21,2026-08-21T13:30:00+09:00,2026-08-21T14:31:00+09:00,hs_nsmall,NS홈쇼핑,비에날씬프로,비에날씬프로,비에날씬 프로,비에날씬,다이어트 유산균,BNR17 유산균,확정,비에날씬프로,식품,24,155,71988000,,,captured,free_schedule_2350,2026-08-22T00:18:44.196869+09:00,,,1,2026-08-20T16:45:11.819029+09:00,2026-08-23T00:02:56.216113+09:00
bcb4d617b996b879ba620946d364e11c,2026-08-21,2026-08-21T13:35:00+09:00,2026-08-21T14:36:00+09:00,hs_hmall,현대홈쇼핑,[오메가3 1박스 추가구성] 주영 모발콜라겐 3270 6박스(28포X6박스) ,주영 모발콜라겐 3270 6박스,주영 모발콜라겐 3270 6박스,,,,미분류,,식품,2,22,3908000,,,captured,free_schedule_2350,2026-08-22T00:18:44.196870+09:00,,,1,2026-08-20T16:45:11.819029+09:00,2026-08-23T00:02:56.216113+09:00
1edc0728daccab77470e66831cccb301,2026-08-21,2026-08-21T13:39:00+09:00,2026-08-21T14:41:00+09:00,hs_kshop,KT알파쇼핑,빅마마_시크릿코인,빅마마_시크릿코인,빅마마_시크릿코인,,,,확인필요,빅마마_시크릿코인,식품,7,1207,72281300,,,captured,free_schedule_2350,2026-08-22T00:18:44.196872+09:00,,,1,2026-08-20T20:50:10.140923+09:00,2026-08-23T00:02:56.216113+09:00
149157d0d21955e83a01e4f875a66974,2026-08-21,2026-08-21T13:40:00+09:00,2026-08-21T14:40:00+09:00,hs_nsmallshopplus,NS홈쇼핑 샵플러스,코다리 1,코다리 1,코다리 1,,,,미분류,,식품,1,,,,,missing,free_schedule_2350,2026-08-22T00:18:44.196874+09:00,,,,2026-08-20T16:45:11.819029+09:00,2026-08-20T17:37:07.703688+09:00
f83e61bfccd8460ca82c56316a5d7e5c,2026-08-21,2026-08-21T13:41:00+09:00,2026-08-21T14:43:00+09:00,hs_nsmallshopplus,NS홈쇼핑 샵플러스,코다리 1,코다리 1,코다리 1,,,,미분류,,식품,1,555,27361500,,,captured,free_schedule_2350,2026-08-22T00:18:44.196876+09:00,,,1,2026-08-20T19:03:11.303958+09:00,2026-08-23T00:02:56.216113+09:00
7aeeacfa3343062bc1909a33e93d82bb,2026-08-21,2026-08-21T14:20:00+09:00,2026-08-21T15:10:00+09:00,hs_gongyoung,공영쇼핑,코리넛 국내산 100% 땅콩버터 4개(크리미+크런치),코리넛 국내산 100% 땅콩버터 4개,코리넛 국내산 100% 땅콩버터 4개,,,,미분류,,식품,1,1485,59251500,,,captured,free_schedule_2350,2026-08-22T00:18:44.196878+09:00,,,1,2026-08-20T16:45:11.819029+09:00,2026-08-23T00:02:56.216113+09:00
47a083a96fa0123576f90a6570a2855b,2026-08-21,2026-08-21T14:30:00+09:00,2026-08-21T15:21:00+09:00,hs_nsmall,NS홈쇼핑,영양고춧가루,영양고춧가루,영양고춧가루,,,,미분류,,식품,2,620,74127000,,,captured,free_schedule_2350,2026-08-22T00:18:44.196880+09:00,,,1,2026-08-20T16:45:11.819029+09:00,2026-08-23T00:02:56.216113+09:00
8de22c23b44eb386867d94eb30c77f28,2026-08-21,2026-08-21T14:30:00+09:00,2026-08-21T15:30:00+09:00,hs_gsshop,GS홈쇼핑,정관장 홍삼진고 데일리스틱 6+4박스(300포),정관장 홍삼진고 데일리스틱 6+4박스,정관장 홍삼진고 데일리스틱 6+4박스,,,,확인필요,정관장 홍삼진고 데일리스틱 6+4박스,식품,3,246,94094400,,,captured,free_schedule_2350,2026-08-22T00:18:44.196882+09:00,,,1,2026-08-20T16:45:11.819029+09:00,2026-08-23T00:02:56.216113+09:00
816364009f624f373315a013053749af,2026-08-21,2026-08-21T14:33:00+09:00,2026-08-21T15:34:00+09:00,hs_shinsegae,신세계쇼핑,"(방송에서만 3팩더) 제주가마당 손질 특대 고등어 130g x 13팩+3팩, 총 16팩","제주가마당 손질 특대 고등어 130g x 13팩+3팩, 총 16팩","제주가마당 손질 특대 고등어 130g x 13팩+3팩, 총 16팩",,,,미분류,,식품,10,1817,72546300,,,captured,free_schedule_2350,2026-08-22T00:18:44.196884+09:00,,,1,2026-08-20T16:45:11.819029+09:00,2026-08-23T00:02:56.216113+09:00
6925e3f154c8a3fb3d0c700f21d61ef0,2026-08-21,2026-08-21T14:34:00+09:00,2026-08-21T15:33:00+09:00,hs_shopntmall,쇼핑엔티,[초특가] 대원제약 아스타잔틴 루테인지아잔틴(아스타루지) 20개월분 + 저압냄비,대원제약 아스타잔틴 루테인지아잔틴 20개월분 + 저압냄비,대원제약 아스타잔틴 루테인지아잔틴 20개월분 + 저압냄비,,,,미분류,,식품,1,242,33396000,,,captured,free_schedule_2350,2026-08-22T00:18:44.196886+09:00,,,1,2026-08-20T16:45:11.819029+09:00,2026-08-23T00:02:56.216113+09:00
2302c4c96b8890ba050674ca93281286,2026-08-21,2026-08-21T14:40:00+09:00,2026-08-21T15:40:00+09:00,hs_nsmallshopplus,NS홈쇼핑 샵플러스,오한진알부민1,오한진알부민1,오한진 알부민,오한진,건강식품/단백질,알부민,확정,오한진알부민,식품,2,,,,,missing,free_schedule_2350,2026-08-22T00:18:44.196888+09:00,,,,2026-08-20T16:45:11.819029+09:00,2026-08-20T17:37:07.703688+09:00
26bec39b44c01265e9c1dd0b304932aa,2026-08-21,2026-08-21T14:40:00+09:00,2026-08-21T15:20:00+09:00,hs_lotteimallonetv,롯데원티비,[프리메로] ♡방송에서만 10+2박스♡ 프리메로 블루베리 리얼 100 (30ml x 10포 x 12박스),♡방송에서만 10+2박스♡ 프리메로 블루베리 리얼 100,프리메로 블루베리 리얼,프리메로,과채주스/베리,블루베리,확정,프리메로 블루베리 리얼,식품,2,33,4257000,,,captured,free_schedule_2350,2026-08-22T00:18:44.196890+09:00,,,1,2026-08-20T16:45:11.819029+09:00,2026-08-23T00:02:56.216113+09:00
28030dc144f909fa9d2fa1452156d41f,2026-08-21,2026-08-21T14:41:00+09:00,2026-08-21T15:43:00+09:00,hs_nsmallshopplus,NS홈쇼핑 샵플러스,오한진알부민1,오한진알부민1,오한진 알부민,오한진,건강식품/단백질,알부민,확정,오한진알부민,식품,2,75,19221000,,,captured,free_schedule_2350,2026-08-22T00:18:44.196892+09:00,,,1,2026-08-20T19:03:11.303958+09:00,2026-08-23T00:02:56.216113+09:00
79fd1e020844ba840665d7b18888a59f,2026-08-21,2026-08-21T14:45:00+09:00,2026-08-21T15:45:00+09:00,hs_cjonstyleplus,CJ온스타일 플러스,카무트® 영양견과바 420g(21gx20개입) x 4박스 / 총 80개,카무트® 영양견과바 420g x 4박스 / 총 80개,카무트® 영양견과바 420g x 4박스 / 총 80개,,,,미분류,,식품,2,681,39451900,,,captured,free_schedule_2350,2026-08-22T00:18:44.196894+09:00,,,1,2026-08-20T16:45:11.819029+09:00,2026-08-23T00:02:56.216113+09:00
f9a12162b78836face97a8d8936d3a29,2026-08-21,2026-08-21T14:57:00+09:00,2026-08-21T15:38:00+09:00,hs_gsshopmyshop,GS홈쇼핑 마이샵,[널담] 고단백 저당 네모 바게트 총 35개 (각 90g 5종 7개씩),고단백 저당 네모 바게트 총 35개,고단백 저당 네모 바게트 총 35개,,,,미분류,,식품,1,436,26116400,,,captured,free_schedule_2350,2026-08-22T00:18:44.196896+09:00,,,1,2026-08-20T16:45:11.819029+09:00,2026-08-23T00:02:56.216113+09:00
f939fc25716ce5e1ea68ae5c2fc1334c,2026-08-21,2026-08-21T15:10:00+09:00,2026-08-21T16:00:00+09:00,hs_gongyoung,공영쇼핑,청춘 (현미+찹쌀)누룽지 세트 2.7kg,청춘 누룽지 세트 2.7kg,청춘 누룽지 세트 2.7kg,,,,미분류,,식품,1,875,34912500,,,captured,free_schedule_2350,2026-08-22T00:18:44.196898+09:00,,,1,2026-08-20T16:45:11.819029+09:00,2026-08-23T00:02:56.216113+09:00
3c6b21f50fab0728d01cbc4b0a71b6a6,2026-08-21,2026-08-21T15:30:00+09:00,2026-08-21T16:25:00+09:00,hs_cjonstyle,CJ온스타일,[방송에서만] 황성주 박사의 라이프 밀6 + 2박스 + 흔들컵2,황성주 박사의 라이프 밀6 + 2박스 + 흔들컵2,황성주 박사의 라이프 밀6 + 2박스 + 흔들컵2,,,,미분류,,식품,2,,,,,missing,free_schedule_2350,2026-08-22T00:18:44.196900+09:00,,,1,2026-08-22T00:18:38.483059+09:00,2026-08-23T00:02:56.216113+09:00
929c4fd507782a1eaa19d5e107868e6a,2026-08-21,2026-08-21T15:31:00+09:00,2026-08-21T16:31:00+09:00,hs_skstoa,SK스토아,"넉넉한 유기농 레몬즙 14포 x 12박스, 총 168포 | 원산지 : 상품정보 참조","넉넉한 유기농 레몬즙 14포 x 12박스, 총 168포 | 원산지 : 상품정보 참조","넉넉한 유기농 레몬즙 14포 x 12박스, 총 168포 | 원산지 : 상품정보 참조",,,,미분류,,식품,1,371,18512900,,,captured,free_schedule_2350,2026-08-22T00:18:44.196902+09:00,,,1,2026-08-20T16:45:11.819029+09:00,2026-08-23T00:02:56.216113+09:00
2f8ffa736d48a2efab490f48e08e3157,2026-08-21,2026-08-21T15:33:00+09:00,2026-08-21T16:33:00+09:00,hs_shopntmall,쇼핑엔티,[50％세일] 골드 파로효소 캡슐레이션 10박스 + 텀블러믹서기,골드 파로효소 캡슐레이션 10박스 + 텀블러믹서기,골드 파로효소,,건강식품/효소,효소,확정,골드파로효소,식품,1,285,51015000,,,captured,free_schedule_2350,2026-08-22T00:18:44.196904+09:00,,,1,2026-08-20T16:45:11.819029+09:00,2026-08-23T00:02:56.216113+09:00
2081b8d46f4fe3a82436049d99af9ffc,2026-08-21,2026-08-21T15:34:00+09:00,2026-08-21T16:34:00+09:00,hs_shinsegae,신세계쇼핑,(방송에서만 세일)[8박스]박경호의 원용 녹용 활력 총 240포(30포X8박스),박경호의 원용 녹용 활력 총 240포,박경호의 원용 녹용 활력 총 240포,,,,미분류,,식품,7,171,25280000,,,captured,free_schedule_2350,2026-08-22T00:18:44.196906+09:00,,,1,2026-08-20T16:45:11.819029+09:00,2026-08-23T00:02:56.216113+09:00
d8209da420bcd000871348f3788c6613,2026-08-21,2026-08-21T15:40:00+09:00,2026-08-21T16:40:00+09:00,hs_nsmallshopplus,NS홈쇼핑 샵플러스,홍로사과1,홍로사과1,애플진 홍로 못난이사과,애플진,과일,사과,확정,홍로사과1,식품,1,,,,,missing,free_schedule_2350,2026-08-22T00:18:44.196908+09:00,,,,2026-08-20T16:45:11.819029+09:00,2026-08-20T17:37:07.703688+09:00
2ebbacce6ce712bdb9d381137baf874a,2026-08-21,2026-08-21T15:42:00+09:00,2026-08-21T16:44:00+09:00,hs_nsmallshopplus,NS홈쇼핑 샵플러스,홍로사과1,홍로사과1,애플진 홍로 못난이사과,애플진,과일,사과,확정,홍로사과1,식품,1,832,33196800,,,captured,free_schedule_2350,2026-08-22T00:18:44.196910+09:00,,,1,2026-08-20T19:03:11.303958+09:00,2026-08-23T00:02:56.216113+09:00
960e66668f4aaba243c9fee0b99c5be7,2026-08-21,2026-08-21T16:00:00+09:00,2026-08-21T16:50:00+09:00,hs_gongyoung,공영쇼핑,[하이푸드] 송테이스트 파로미 국수 20팩 (비빔소스10봉+모밀소스10봉),송테이스트 파로미 국수 20팩,송테이스트 파로미 국수 20팩,,,,미분류,,식품,1,703,28049700,,,captured,free_schedule_2350,2026-08-22T00:18:44.196912+09:00,,,1,2026-08-20T16:45:11.819029+09:00,2026-08-23T00:02:56.216113+09:00
e7fc260a3c4222139df266969fb4ac3d,2026-08-21,2026-08-21T16:00:00+09:00,2026-08-21T16:50:00+09:00,hs_hnsmall,홈앤쇼핑,"[군산직배송] 군산 황금 박대 총 20미 (2미x10팩, 팩당150g)",군산 황금 박대 총 20미,군산 황금 박대 총 20미,,,,확인필요,군산 황금 박대 총 20미,식품,1,2437,97236300,,,captured,free_schedule_2350,2026-08-22T00:18:44.196914+09:00,,,1,2026-08-20T19:03:11.303958+09:00,2026-08-23T00:02:56.216113+09:00
a6d3bbfe2dd77840fce3eb04f62e32c7,2026-08-21,2026-08-21T16:10:00+09:00,2026-08-21T16:51:00+09:00,hs_nsmall,NS홈쇼핑,하림뼈없는닭발,하림뼈없는닭발,하림뼈없는닭발,,,,미분류,,식품,7,1368,60903600,,,captured,free_schedule_2350,2026-08-22T00:18:44.196916+09:00,,,1,2026-08-20T16:45:11.819029+09:00,2026-08-23T00:02:56.216113+09:00
6f0fd9977dcbe910cd6af019d79164f6,2026-08-21,2026-08-21T16:30:00+09:00,2026-08-21T17:31:00+09:00,hs_hmall,현대홈쇼핑,[늘해랑] 해남 황토 호박고구마 8kg (4kg+4kg),해남 황토 호박고구마 8kg,해남 황토 호박고구마 8kg,,,,미분류,,식품,1,6943,207595700,,,captured,free_schedule_2350,2026-08-22T00:18:44.196918+09:00,,,1,2026-08-20T16:45:11.819029+09:00,2026-08-23T00:02:56.216113+09:00
e4986c14c5ef5c304ba6f4e019a41bd5,2026-08-21,2026-08-21T16:30:00+09:00,2026-08-21T17:30:00+09:00,hs_gsshop,GS홈쇼핑,도투락 프리메로 야생 빌베리 퓨레 100% 8박스+4박스(방송에서만) 총 12박스 (1박스 10포),도투락 프리메로 야생 빌베리 퓨레 100% 8박스+4박스 총 12박스,도투락 프리메로 야생 빌베리 퓨레,프리메로,기타 식품,,확정,도투락 프리메로 야생 빌베리 퓨레,식품,2,423,79302000,,,captured,free_schedule_2350,2026-08-22T00:18:44.196920+09:00,,,1,2026-08-20T16:45:11.819029+09:00,2026-08-23T00:02:56.216113+09:00
8e07adbbe57e8e7a0f62d83f32d51d32,2026-08-21,2026-08-21T16:33:00+09:00,2026-08-21T17:33:00+09:00,hs_shopntmall,쇼핑엔티,대구 돼지생막창 10팩+막장 5팩+매운장 5팩,대구 돼지생막창 10팩+막장 5팩+매운장 5팩,대구 돼지생막창 10팩+막장 5팩+매운장 5팩,,,,미분류,,식품,1,1310,52269000,,,captured,free_schedule_2350,2026-08-22T00:18:44.196922+09:00,,,1,2026-08-20T16:45:11.819029+09:00,2026-08-23T00:02:56.216113+09:00
b99e8fc6bacd13156dcf78d030742daa,2026-08-21,2026-08-21T16:34:00+09:00,2026-08-21T17:35:00+09:00,hs_shinsegae,신세계쇼핑,PSK 캐나다 항공 생블루베리 125G X 12팩 (1.5kg),PSK 캐나다 항공 생블루베리 125G X 12팩,PSK 캐나다 항공 생블루베리 125G X 12팩,,,,미분류,,식품,2,1792,86553600,,,captured,free_schedule_2350,2026-08-22T00:18:44.196924+09:00,,,1,2026-08-20T16:45:11.819029+09:00,2026-08-23T00:02:56.216113+09:00
30a713804604c98918819b65a314fb45,2026-08-21,2026-08-21T16:35:00+09:00,2026-08-21T17:35:00+09:00,hs_lotteimall,롯데홈쇼핑,[6박스+2박스] 위바이옴 리얼100 하스카프베리 6박스 + 액상 베르가못  샷 2박스,위바이옴 리얼100 하스카프베리 6박스 + 액상 베르가못 샷 2박스,위바이옴 리얼100 하스카프베리 6박스 + 액상 베르가못 샷 2박스,,,,미분류,,식품,2,104,20592000,,,captured,free_schedule_2350,2026-08-22T00:18:44.196926+09:00,,,1,2026-08-20T16:45:11.819029+09:00,2026-08-23T00:02:56.216113+09:00
c3f8a771206ca2214bb4195e809cccca,2026-08-21,2026-08-21T16:35:00+09:00,2026-08-21T17:30:00+09:00,hs_cjonstyle,CJ온스타일,[서리태원액함량CJ 1위] 한미사이언스 완전두유 더진한 서리태 무가당 99.9 190㎖ 96팩,한미사이언스 완전두유 더진한 서리태 무가당 99.9 190㎖ 96팩,한미사이언스 완전두유 더진한 서리태 무가당 99.9 190㎖ 96팩,,,,미분류,,식품,1,1799,107760100,,,captured,free_schedule_2350,2026-08-22T00:18:44.196928+09:00,,,1,2026-08-20T16:45:11.819029+09:00,2026-08-23T00:02:56.216113+09:00
a44a2d2509526328e18f1cb9a5d7ebe4,2026-08-21,2026-08-21T16:38:00+09:00,2026-08-21T17:38:00+09:00,hs_gsshopmyshop,GS홈쇼핑 마이샵,"금단미인 방탄커피 15포*4박스, 총 60포","금단미인 방탄커피 15포*4박스, 총 60포","금단미인 방탄커피 15포*4박스, 총 60포",,,,미분류,,식품,2,355,41115000,,,captured,free_schedule_2350,2026-08-22T00:18:44.196930+09:00,,,1,2026-08-20T16:45:11.819029+09:00,2026-08-23T00:02:56.216113+09:00
0ab672872061ec02172580402a596560,2026-08-21,2026-08-21T16:40:00+09:00,2026-08-21T17:00:00+09:00,hs_hmallplus,현대홈쇼핑 플러스샵,[방송에서만] 호정가 하루영양바(20개입)+호정가 하루단백질바(20개입)+호정가 하루비타민바(20개입),호정가 하루영양바 +호정가 하루단백질바 +호정가 하루비타민바,호정가 하루영양바 +호정가 하루단백질바 +호정가 하루비타민바,,,,미분류,,식품,1,361,14403900,,,captured,free_schedule_2350,2026-08-22T00:18:44.196932+09:00,,,1,2026-08-20T16:45:11.819029+09:00,2026-08-23T00:02:56.216113+09:00
3e3f7eaf47c1045f0b60bf223fa57dee,2026-08-21,2026-08-21T16:40:00+09:00,2026-08-21T17:40:00+09:00,hs_lotteimallonetv,롯데원티비,[이경제] ○[방송에서만 한 박스 더] 이경제 흑염소진액 眞 (70ml X 30포)*8+1박스,○ 이경제 흑염소진액 眞 *8+1박스,○ 이경제 흑염소진액 眞 *8+1박스,,,,미분류,,식품,2,,,,,missing,free_schedule_2350,2026-08-22T00:18:44.196934+09:00,,,,2026-08-20T16:45:11.819029+09:00,2026-08-20T17:37:07.703688+09:00
68c2e52c7ceed72c4545eea137b382e3,2026-08-21,2026-08-21T16:40:00+09:00,2026-08-21T17:40:00+09:00,hs_nsmallshopplus,NS홈쇼핑 샵플러스,안동간고등어 1,안동간고등어 1,안동간고등어 1,,,,미분류,,식품,1,,,,,missing,free_schedule_2350,2026-08-22T00:18:44.196936+09:00,,,,2026-08-20T16:45:11.819029+09:00,2026-08-20T17:37:07.703688+09:00
e30da9c158fff2550c5aebd7d9640bf0,2026-08-21,2026-08-21T16:40:00+09:00,2026-08-21T17:43:00+09:00,hs_kshop,KT알파쇼핑,만복이_어육바,만복이_어육바,만복이_어육바,,,,미분류,,식품,1,1231,48993800,,,captured,free_schedule_2350,2026-08-22T00:18:44.196938+09:00,,,1,2026-08-20T16:45:11.819029+09:00,2026-08-23T00:02:56.216113+09:00
f3780326cc017902c54a9ce7f82c28d7,2026-08-21,2026-08-21T16:41:00+09:00,2026-08-21T17:40:00+09:00,hs_lotteimallonetv,롯데원티비,[이경제] ○[방송에서만 한 박스 더] 이경제 흑염소진액 眞 (70ml X 30포)*8+1박스,○ 이경제 흑염소진액 眞 *8+1박스,○ 이경제 흑염소진액 眞 *8+1박스,,,,미분류,,식품,2,22,6162000,,,captured,free_schedule_2350,2026-08-22T00:18:44.196940+09:00,,,1,2026-08-20T19:03:11.303958+09:00,2026-08-23T00:02:56.216113+09:00
cd31a1cc98aa7891021bfcb856f83417,2026-08-21,2026-08-21T16:42:00+09:00,2026-08-21T17:41:00+09:00,hs_nsmallshopplus,NS홈쇼핑 샵플러스,안동간고등어 1,안동간고등어 1,안동간고등어 1,,,,미분류,,식품,1,1914,57228600,,,captured,free_schedule_2350,2026-08-22T00:18:44.196942+09:00,,,1,2026-08-20T19:03:11.303958+09:00,2026-08-23T00:02:56.216113+09:00
efeff96874c3439706520fa8bbb4976f,2026-08-21,2026-08-21T16:45:00+09:00,2026-08-21T17:45:00+09:00,hs_cjonstyleplus,CJ온스타일 플러스,의 특 키로 도가니탕 1kg x 8+4팩 (방송에서만 4팩더),의 특 키로 도가니탕 1kg x 8+4팩,의 특 키로 도가니탕 1kg x 8+4팩,,,,미분류,,식품,1,906,54269400,,,captured,free_schedule_2350,2026-08-22T00:18:44.196944+09:00,,,1,2026-08-20T16:45:11.819029+09:00,2026-08-23T00:02:56.216113+09:00
5cdfa413dfad21c4387e421b951446ca,2026-08-21,2026-08-21T16:50:00+09:00,2026-08-21T17:42:00+09:00,hs_nsmall,NS홈쇼핑,국내산손질대하,국내산손질대하,국내산손질대하,,,,미분류,,식품,3,2906,115913100,,,captured,free_schedule_2350,2026-08-22T00:18:44.196946+09:00,,,1,2026-08-20T16:45:11.819029+09:00,2026-08-23T00:02:56.216113+09:00
6598c32f16f498e0d786ab8d1ceed7ca,2026-08-21,2026-08-21T16:50:00+09:00,2026-08-21T17:40:00+09:00,hs_gongyoung,공영쇼핑,(2026 햇) 음성청결고춧가루 2kg(1kg×2팩),음성청결고춧가루 2kg,음성청결고춧가루 2kg,,,,미분류,,식품,1,1280,89472000,,,captured,free_schedule_2350,2026-08-22T00:18:44.196948+09:00,,,1,2026-08-20T16:45:11.819029+09:00,2026-08-23T00:02:56.216113+09:00
7975c179f0dcb9fa9abb36c06ffdd53b,2026-08-21,2026-08-21T16:50:00+09:00,2026-08-21T17:40:00+09:00,hs_hnsmall,홈앤쇼핑,[국민영양] 여에스더 PS 포스파티딜세린 10박스(20주분) + 카무트효소1박스,여에스더 PS 포스파티딜세린 10박스 + 카무트효소1박스,여에스더 PS 포스파티딜세린 10박스 + 카무트효소1박스,,,,미분류,,식품,10,768,68352000,,,captured,free_schedule_2350,2026-08-22T00:18:44.196950+09:00,,,1,2026-08-20T16:45:11.819029+09:00,2026-08-23T00:02:56.216113+09:00
7df5a2750fc34fe5f7e2a68f7a50558a,2026-08-21,2026-08-21T17:00:00+09:00,2026-08-21T18:40:00+09:00,hs_hmallplus,현대홈쇼핑 플러스샵,[2026년산 햇고추] 태양초 청결 햇 고춧가루 3kg(500g 6팩),태양초 청결 햇 고춧가루 3kg,태양초 청결 햇 고춧가루,,조미식품,고추,확정,태양초 청결 햇 고춧가루,식품,2,468,42978600,,,captured,free_schedule_2350,2026-08-22T00:18:44.196951+09:00,,,1,2026-08-20T16:45:11.819029+09:00,2026-08-23T00:02:56.216113+09:00
ea648819612bca8a9d7ca9be9bf9b374,2026-08-21,2026-08-21T17:30:00+09:00,2026-08-21T18:31:00+09:00,hs_hmall,현대홈쇼핑,자연누리 훈제오리 300g 7팩 + 1팩 (방송에서만),자연누리 훈제오리 300g 7팩 + 1팩,자연누리 훈제오리 300g 7팩 + 1팩,,,,미분류,,식품,1,8,543200,,,captured,free_schedule_2350,2026-08-22T00:18:44.196953+09:00,,,1,2026-08-20T16:45:11.819029+09:00,2026-08-23T00:02:56.216113+09:00
c60200bbc20e08d3e1c1bd4c0332a742,2026-08-21,2026-08-21T17:32:00+09:00,2026-08-21T18:32:00+09:00,hs_shopntmall,쇼핑엔티,임성근 한끗다른 냉면 30인분(면30팩+육수15팩+비빔장15팩),임성근 한끗다른 냉면 30인분,임성근 한끗다른 냉면 30인분,,,,미분류,,식품,1,,,,,missing,free_schedule_2350,2026-08-22T00:18:44.196955+09:00,,,1,2026-08-20T16:45:11.819029+09:00,2026-08-23T00:02:56.216113+09:00
860f6e1e87f7353d0de51882d1146ea6,2026-08-21,2026-08-21T17:34:00+09:00,2026-08-21T18:35:00+09:00,hs_shinsegae,신세계쇼핑, 조선호텔 왕갈비탕 1200g X 4팩,조선호텔 왕갈비탕 1200g X 4팩,조선호텔 왕갈비탕 1200g X 4팩,,,,미분류,,식품,1,,,,,missing,free_schedule_2350,2026-08-22T00:18:44.196957+09:00,,,1,2026-08-20T16:45:11.819029+09:00,2026-08-23T00:02:56.216113+09:00
13a7a39131f438d2810d22c977a11531,2026-08-21,2026-08-21T17:35:00+09:00,2026-08-21T18:35:00+09:00,hs_lotteimall,롯데홈쇼핑,[방송에서만10팩]정성곳간 뼈없는 갈비탕 800gx10팩,정성곳간 뼈없는 갈비탕 800gx10팩,정성곳간 뼈없는 갈비탕 800gx10팩,,탕/간편식,소고기,확정,정성곳간 뼈없는 갈비탕 800gx10팩,식품,1,,,,,missing,free_schedule_2350,2026-08-22T00:18:44.196959+09:00,,,1,2026-08-20T16:45:11.819029+09:00,2026-08-23T00:02:56.216113+09:00
182a29a8c7bd322e722fbabf6153cd99,2026-08-21,2026-08-21T17:40:00+09:00,2026-08-21T18:32:00+09:00,hs_nsmall,NS홈쇼핑,지극진성스지도가니탕,지극진성스지도가니탕,지극진성스지도가니탕,,,,미분류,,식품,3,,,,,missing,free_schedule_2350,2026-08-22T00:18:44.196961+09:00,,,1,2026-08-20T16:45:11.819029+09:00,2026-08-23T00:02:56.216113+09:00
1ef19ca630eaf200903e114fde85eaa4,2026-08-21,2026-08-21T17:40:00+09:00,2026-08-21T18:40:00+09:00,hs_hnsmall,홈앤쇼핑,"디마떼오 피자 4종/20팩(감자베이컨,디아볼라,고르곤졸라,바질콤비네이션)",디마떼오 피자 4종/20팩,디마떼오 피자 4종/20팩,,,,확인필요,디마떼오 피자 4종/20팩,식품,1,,,,,missing,free_schedule_2350,2026-08-22T00:18:44.196963+09:00,,,1,2026-08-20T19:03:11.303958+09:00,2026-08-23T00:02:56.216113+09:00
768db00c687d5d3a2246e77678315ca8,2026-08-21,2026-08-21T17:40:00+09:00,2026-08-21T18:41:00+09:00,hs_kshop,KT알파쇼핑,이영자_해화당갈비탕,이영자_해화당갈비탕,이영자_해화당갈비탕,,,,미분류,,식품,1,,,,,missing,free_schedule_2350,2026-08-22T00:18:44.196965+09:00,,,1,2026-08-20T16:45:11.819029+09:00,2026-08-23T00:02:56.216113+09:00
d3983abc30ae061d75d1a6b8d7819422,2026-08-21,2026-08-21T17:40:00+09:00,2026-08-21T18:40:00+09:00,hs_gongyoung,공영쇼핑,[방송에서만] 국내산 100% 건 보리새우 100g x 9봉,국내산 100% 건 보리새우 100g x 9봉,국내산 100% 건 보리새우 100g x 9봉,,,,미분류,,식품,3,,,,,missing,free_schedule_2350,2026-08-22T00:18:44.196967+09:00,,,1,2026-08-20T16:45:11.819029+09:00,2026-08-23T00:02:56.216113+09:00
e5ccbe50ee2a74fea6642748019f2f8f,2026-08-21,2026-08-21T17:40:00+09:00,2026-08-21T18:40:00+09:00,hs_nsmallshopplus,NS홈쇼핑 샵플러스,손질통오징어1,손질통오징어1,손질통오징어1,,,,미분류,,식품,2,,,,,missing,free_schedule_2350,2026-08-22T00:18:44.196969+09:00,,,,2026-08-20T16:45:11.819029+09:00,2026-08-20T17:37:07.703688+09:00
84d5a9337dcc348529d4544c8164a09b,2026-08-21,2026-08-21T17:42:00+09:00,2026-08-21T18:42:00+09:00,hs_nsmallshopplus,NS홈쇼핑 샵플러스,손질통오징어1,손질통오징어1,손질통오징어1,,,,미분류,,식품,2,,,,,missing,free_schedule_2350,2026-08-22T00:18:44.196971+09:00,,,,2026-08-20T19:03:11.303958+09:00,2026-08-21T00:20:06.127693+09:00
fb7919d3a793deeb8f95bcf8062bcbea,2026-08-21,2026-08-21T17:45:00+09:00,2026-08-21T18:45:00+09:00,hs_cjonstyleplus,CJ온스타일 플러스,센비타 당근주스NFC 100  총 1L * 10병,센비타 당근주스NFC 100 총 1L * 10병,센비타 당근주스,센비타,과채주스,당근,확정,센비타 당근주스,식품,1,,,,,missing,free_schedule_2350,2026-08-22T00:18:44.196973+09:00,,,1,2026-08-20T16:45:11.819029+09:00,2026-08-23T00:02:56.216113+09:00
890ff84c7cf4c65544f0286fe54c0feb,2026-08-21,2026-08-21T18:30:00+09:00,2026-08-21T19:30:00+09:00,hs_gsshop,GS홈쇼핑,궁키친 이상민 시그니처 갈비살 8팩 + 마늘듬뿍 갈비소스 1병,궁키친 이상민 시그니처 갈비살 8팩 + 마늘듬뿍 갈비소스 1병,궁키친 이상민 시그니처 갈비살 8팩 + 마늘듬뿍 갈비소스 1병,,,,확인필요,궁키친 이상민 시그니처 갈비살 8팩 + 마늘듬뿍 갈비소스 1병,식품,2,,,,,missing,free_schedule_2350,2026-08-22T00:18:44.196974+09:00,,,1,2026-08-20T16:45:11.819029+09:00,2026-08-23T00:02:56.216113+09:00
d6bba4be997aff6579e6cf38b9263d72,2026-08-21,2026-08-21T18:32:00+09:00,2026-08-21T19:32:00+09:00,hs_shopntmall,쇼핑엔티,한복선의 풍미가득 포기김치 11kg,한복선의 풍미가득 포기김치 11kg,한복선의 풍미가득 포기김치,한복선,김치,배추,확정,한복선의 풍미가득 포기김치,식품,2,,,,,missing,free_schedule_2350,2026-08-22T00:18:44.196976+09:00,,,1,2026-08-20T16:45:11.819029+09:00,2026-08-23T00:02:56.216113+09:00
d835970918fed9dcc173860d505a5a89,2026-08-21,2026-08-21T18:35:00+09:00,2026-08-21T19:35:00+09:00,hs_shinsegae,신세계쇼핑,(방송에서만 50% 세일) 윤방부 박사의 넘버원 PS 5개월분 (2g x 30포 x 5박스),윤방부 박사의 넘버원 PS 5개월분,윤방부 박사의 넘버원 PS,,건강식품/두뇌·인지,포스파티딜세린,확정,윤방부 박사의 넘버원 PS,식품,1,,,,,missing,free_schedule_2350,2026-08-22T00:18:44.196978+09:00,,,1,2026-08-20T16:45:11.819029+09:00,2026-08-23T00:02:56.216113+09:00
c28deb102f6bc2ec225bf1e3e3378d54,2026-08-21,2026-08-21T18:38:00+09:00,2026-08-21T19:38:00+09:00,hs_gsshopmyshop,GS홈쇼핑 마이샵,지예찬 포기김치 12kg,지예찬 포기김치 12kg,지예찬 포기김치 12kg,,,,미분류,,식품,1,,,,,missing,free_schedule_2350,2026-08-22T00:18:44.196980+09:00,,,1,2026-08-20T16:45:11.819029+09:00,2026-08-23T00:02:56.216113+09:00
ce12106ae0901b779132af18f682a963,2026-08-21,2026-08-21T18:40:00+09:00,2026-08-21T19:40:00+09:00,hs_gongyoung,공영쇼핑,★1팩더!★ 예미정 진짜 불맛불고기(간장6+매콤6)180g*12+1팩(간장맛),★1팩더!★ 예미정 진짜 불맛불고기 180g*12+1팩,★1팩더!★ 예미정 진짜 불맛불고기 180g*12+1팩,,,,미분류,,식품,1,,,,,missing,free_schedule_2350,2026-08-22T00:18:44.196982+09:00,,,1,2026-08-20T16:45:11.819029+09:00,2026-08-23T00:02:56.216113+09:00
f9a81305808a22948f9ced2636bad8a8,2026-08-21,2026-08-21T18:40:00+09:00,2026-08-21T19:41:00+09:00,hs_nsmallshopplus,NS홈쇼핑 샵플러스,이종임간장게장1,이종임간장게장1,이종임간장게장1,,,,미분류,,식품,1,,,,,missing,free_schedule_2350,2026-08-22T00:18:44.196983+09:00,,,1,2026-08-20T16:45:11.819029+09:00,2026-08-23T00:02:56.216113+09:00
786d3cc0a0718476304711cee9447e6f,2026-08-21,2026-08-21T18:42:00+09:00,2026-08-21T19:42:00+09:00,hs_nsmallshopplus,NS홈쇼핑 샵플러스,이종임간장게장1,이종임간장게장1,이종임간장게장1,,,,미분류,,식품,1,,,,,missing,free_schedule_2350,2026-08-22T00:18:44.196985+09:00,,,,2026-08-20T19:03:11.303958+09:00,2026-08-21T00:20:06.127693+09:00
0dff5f64456edb3c1473bce20880a69a,2026-08-21,2026-08-21T19:30:00+09:00,2026-08-21T20:36:00+09:00,hs_nsmall,NS홈쇼핑,파라다이스그레인버닝,파라다이스그레인버닝,파라다이스그레인버닝,,,,미분류,,식품,4,,,,,missing,free_schedule_2350,2026-08-22T00:18:44.196987+09:00,,,1,2026-08-20T16:45:11.819029+09:00,2026-08-23T00:02:56.216113+09:00
bb32824ba0499bf2058328fa4b6cae96,2026-08-21,2026-08-21T19:30:00+09:00,2026-08-21T20:46:00+09:00,hs_hmall,현대홈쇼핑,[방송에서만] [올록담]올리브3 올리브오일캡슐 28포x5박스 + 28포x2박스+미니10포x7박스 추가구성,올리브3 올리브오일캡슐 28포x5박스 + 28포x2박스+미니10포x7박스 추가구성,올리브3 올리브오일캡슐 28포x5박스 + 28포x2박스+미니10포x7박스 추가구성,,,,미분류,,식품,1,,,,,missing,free_schedule_2350,2026-08-22T00:18:44.196989+09:00,,,1,2026-08-20T16:45:11.819029+09:00,2026-08-23T00:02:56.216113+09:00
2e8cd6a438e45682a189e1a416508c5d,2026-08-21,2026-08-21T19:31:00+09:00,2026-08-21T20:31:00+09:00,hs_skstoa,SK스토아,[방송에서만][패키지박스]유한양행 와이즈바이옴 케어 당큐락 9개월분+당큐락 플러스(소비기한 26년 11월까지) 1개월분 | 원산지 : 상품정보 참조,유한양행 와이즈바이옴 케어 당큐락 9개월분+당큐락 플러스 1개월분 | 원산지 : 상품정보 참조,유한양행 와이즈바이옴 케어 당큐락 9개월분+당큐락 플러스 1개월분 | 원산지 : 상품정보 참조,,,,미분류,,식품,3,,,,,missing,free_schedule_2350,2026-08-22T00:18:44.196991+09:00,,,1,2026-08-20T16:45:11.819029+09:00,2026-08-23T00:02:56.216113+09:00
f82bb18ee1fca922707681d5e3127fc6,2026-08-21,2026-08-21T19:31:00+09:00,2026-08-21T20:31:00+09:00,hs_skstoa,SK스토아,[방송에서만][패키지박스]유한양행 와이즈바이옴 케어 당큐락 9개월분+당큐락 플러스(소비기한 26년 11월까지) 1개월분 | 원산지 : 상품정보 참조,유한양행 와이즈바이옴 케어 당큐락 9개월분+당큐락 플러스 1개월분 | 원산지 : 상품정보 참조,유한양행 와이즈바이옴 케어 당큐락 9개월분+당큐락 플러스 1개월분 | 원산지 : 상품정보 참조,,,,미분류,,식품,3,,,,,missing,free_schedule_2350,2026-08-22T00:18:44.196993+09:00,,,,2026-08-20T17:37:07.703688+09:00,2026-08-21T00:20:06.127693+09:00
ca133a93d2bd536695e4fb8432285e4d,2026-08-21,2026-08-21T19:38:00+09:00,2026-08-21T20:38:00+09:00,hs_gsshopmyshop,GS홈쇼핑 마이샵,"베키아에누보 샌드위치 총 18개입 바질모짜 3개입1봉, 바질토마토3개입2봉, 비프치즈3개입1봉,베이컨바게트3개입2봉","베키아에누보 샌드위치 총 18개입 바질모짜 3개입1봉, 바질토마토3개입2봉, 비프치즈3개입1봉,베이컨바게트3개입2봉","베키아에누보 샌드위치 총 18개입 바질모짜 3개입1봉, 바질토마토3개입2봉, 비프치즈3개입1봉,베이컨바게트3개입2봉",,,,미분류,,식품,1,,,,,missing,free_schedule_2350,2026-08-22T00:18:44.196994+09:00,,,1,2026-08-20T16:45:11.819029+09:00,2026-08-23T00:02:56.216113+09:00
606990356602670301676fc8e8f55297,2026-08-21,2026-08-21T19:40:00+09:00,2026-08-21T20:40:00+09:00,hs_gongyoung,공영쇼핑,[해담]제주 갈치 160g * 15팩 (45토막) + 굴비 700g * 1팩 (10마리),제주 갈치 160g * 15팩 + 굴비 700g * 1팩,제주 갈치 160g * 15팩 + 굴비 700g * 1팩,,,,미분류,,식품,1,,,,,missing,free_schedule_2350,2026-08-22T00:18:44.196996+09:00,,,1,2026-08-20T16:45:11.819029+09:00,2026-08-23T00:02:56.216113+09:00
c72785e25d2d4131e95daaaa767f0693,2026-08-21,2026-08-21T19:40:00+09:00,2026-08-21T20:40:00+09:00,hs_lotteimallonetv,롯데원티비,[방송에서만10팩]정성곳간 뼈없는 갈비탕 800gx10팩,정성곳간 뼈없는 갈비탕 800gx10팩,정성곳간 뼈없는 갈비탕 800gx10팩,,탕/간편식,소고기,확정,정성곳간 뼈없는 갈비탕 800gx10팩,식품,1,,,,,missing,free_schedule_2350,2026-08-22T00:18:44.196998+09:00,,,1,2026-08-20T16:45:11.819029+09:00,2026-08-23T00:02:56.216113+09:00
5cc01e6afc28e1a83771a134bae032b5,2026-08-21,2026-08-21T20:35:00+09:00,2026-08-21T21:36:00+09:00,hs_shinsegae,신세계쇼핑,[방송중 반값세일] 보넬 아이엠 당근 NFC 착즙주스 1L*12병,보넬 아이엠 당근 NFC 착즙주스 1L*12병,보넬드 아이엠 당근주스,보넬드,과채주스,당근,확정,보넬 아이엠 당근 NFC 착즙주스,식품,1,,,,,missing,free_schedule_2350,2026-08-22T00:18:44.197000+09:00,,,1,2026-08-20T16:45:11.819029+09:00,2026-08-23T00:02:56.216113+09:00
f29929cf9a731d2d4daf77aee3d445c2,2026-08-21,2026-08-21T20:35:00+09:00,2026-08-21T21:41:00+09:00,hs_nsmall,NS홈쇼핑,국내산민물장어,국내산민물장어,국내산민물장어,,,,미분류,,식품,1,,,,,missing,free_schedule_2350,2026-08-22T00:18:44.197002+09:00,,,1,2026-08-20T16:45:11.819029+09:00,2026-08-23T00:02:56.216113+09:00
f03d8d5579453e788a0e720bc092747c,2026-08-21,2026-08-21T20:40:00+09:00,2026-08-21T21:45:00+09:00,hs_gongyoung,공영쇼핑,[슈퍼농부] 해남황토 호박고구마 7kg,해남황토 호박고구마 7kg,해남황토 호박고구마 7kg,,,,미분류,,식품,1,,,,,missing,free_schedule_2350,2026-08-22T00:18:44.197004+09:00,,,1,2026-08-20T16:45:11.819029+09:00,2026-08-23T00:02:56.216113+09:00
cf615fec8c3ad8070ca9c71cf26ed6fe,2026-08-21,2026-08-21T20:45:00+09:00,2026-08-21T21:45:00+09:00,hs_cjonstyleplus,CJ온스타일 플러스,[특집구성]다이어트 유산균 10개월분+ 프로틴14포+날개없는선풍기,다이어트 유산균 10개월분+ 프로틴14포+날개없는선풍기,다이어트 유산균 10개월분+ 프로틴14포+날개없는선풍기,,,,미분류,,식품,3,,,,,missing,free_schedule_2350,2026-08-22T00:18:44.197005+09:00,,,1,2026-08-20T16:45:11.819029+09:00,2026-08-23T00:02:56.216113+09:00
eab1e1472daa774e551a8a04114cdbef,2026-08-21,2026-08-21T20:45:00+09:00,2026-08-21T21:41:00+09:00,hs_hmall,현대홈쇼핑,[더현대적인] 패밀리세트 비에날씬 프로 12박스+프로틴 2주+플러스 2박스(20포)+글라스 에어프라이어,패밀리세트 비에날씬 프로 12박스+프로틴 2주+플러스 2박스 +글라스 에어프라이어,비에날씬 프로,비에날씬,다이어트 유산균,BNR17 유산균,확정,비에날씬프로,식품,4,,,,,missing,free_schedule_2350,2026-08-22T00:18:44.197007+09:00,,,1,2026-08-20T16:45:11.819029+09:00,2026-08-23T00:02:56.216113+09:00
3a7f338ca4aac189fbf167860b711273,2026-08-21,2026-08-21T21:40:00+09:00,2026-08-21T22:40:00+09:00,hs_nsmallshopplus,NS홈쇼핑 샵플러스,백명란1,백명란1,백명란1,,,,미분류,,식품,2,,,,,missing,free_schedule_2350,2026-08-22T00:18:44.197009+09:00,,,,2026-08-20T16:45:11.819029+09:00,2026-08-20T17:37:07.703688+09:00
a913d1bbf9243af67d6d631ccdeb946d,2026-08-21,2026-08-21T21:40:00+09:00,2026-08-21T22:47:00+09:00,hs_nsmall,NS홈쇼핑,아보카도꿀,아보카도꿀,아보카도꿀,,,,미분류,,식품,2,,,,,missing,free_schedule_2350,2026-08-22T00:18:44.197011+09:00,,,1,2026-08-20T16:45:11.819029+09:00,2026-08-23T00:02:56.216113+09:00
cb18bde76d08ee7acbbafb49d8378b9c,2026-08-21,2026-08-21T21:41:00+09:00,2026-08-21T22:42:00+09:00,hs_nsmallshopplus,NS홈쇼핑 샵플러스,백명란1,백명란1,백명란1,,,,미분류,,식품,2,,,,,missing,free_schedule_2350,2026-08-22T00:18:44.197013+09:00,,,1,2026-08-22T00:18:38.483059+09:00,2026-08-23T00:02:56.216113+09:00
a5a98e18460ab6e9e96348f072a40705,2026-08-21,2026-08-21T21:43:00+09:00,2026-08-21T22:43:00+09:00,hs_nsmallshopplus,NS홈쇼핑 샵플러스,백명란1,백명란1,백명란1,,,,미분류,,식품,2,,,,,missing,free_schedule_2350,2026-08-22T00:18:44.197015+09:00,,,,2026-08-20T19:03:11.303958+09:00,2026-08-21T00:20:06.127693+09:00
cfe115af21d7bb79f6f261e4b81bcbd2,2026-08-21,2026-08-21T21:45:00+09:00,2026-08-21T22:50:00+09:00,hs_gongyoung,공영쇼핑,[한우먹는날] 한우 1++ NO.9스테이크 8팩 (최고등급),한우 1++ NO.9스테이크 8팩,한우 1++ NO.9스테이크 8팩,,,,미분류,,식품,1,,,,,missing,free_schedule_2350,2026-08-22T00:18:44.197016+09:00,,,1,2026-08-20T16:45:11.819029+09:00,2026-08-23T00:02:56.216113+09:00
5d5e672eb4e334ba5979394513e48a4b,2026-08-21,2026-08-21T22:38:00+09:00,2026-08-21T23:38:00+09:00,hs_gsshopmyshop,GS홈쇼핑 마이샵,"최현석 횡성축협 한우 사각피자 20팩(콤비네이션 5팩, 허니불고기 5팩, 콰트로치즈 5팩, 트러플버섯불고기 5팩)",최현석 횡성축협 한우 사각피자 20팩,최현석 횡성축협 한우 사각피자 20팩,,,,미분류,,식품,1,,,,,missing,free_schedule_2350,2026-08-22T00:18:44.197018+09:00,,,1,2026-08-20T16:45:11.819029+09:00,2026-08-23T00:02:56.216113+09:00
872d55b27236b5c08c4fe98b3e9c4496,2026-08-21,2026-08-21T22:40:00+09:00,2026-08-21T23:40:00+09:00,hs_nsmallshopplus,NS홈쇼핑 샵플러스,오뗄바베큐훈제닭다리1,오뗄바베큐훈제닭다리1,오뗄바베큐훈제닭다리1,,,,미분류,,식품,2,,,,,missing,free_schedule_2350,2026-08-22T00:18:44.197020+09:00,,,,2026-08-20T16:45:11.819029+09:00,2026-08-20T17:37:07.703688+09:00
0892015221a0579b453f98df2bc24fe0,2026-08-21,2026-08-21T22:41:00+09:00,2026-08-21T23:43:00+09:00,hs_nsmallshopplus,NS홈쇼핑 샵플러스,오뗄바베큐훈제닭다리1,오뗄바베큐훈제닭다리1,오뗄바베큐훈제닭다리1,,,,미분류,,식품,2,,,,,missing,free_schedule_2350,2026-08-22T00:18:44.197022+09:00,,,1,2026-08-22T00:18:38.483059+09:00,2026-08-23T00:02:56.216113+09:00
e1339954e8b788484ed44f9e5209b273,2026-08-21,2026-08-21T22:43:00+09:00,2026-08-21T23:43:00+09:00,hs_nsmallshopplus,NS홈쇼핑 샵플러스,오뗄바베큐훈제닭다리1,오뗄바베큐훈제닭다리1,오뗄바베큐훈제닭다리1,,,,미분류,,식품,2,,,,,missing,free_schedule_2350,2026-08-22T00:18:44.197024+09:00,,,,2026-08-20T19:03:11.303958+09:00,2026-08-21T00:20:06.127693+09:00
b91e54996e78e5d4a1ffc25493731970,2026-08-21,2026-08-21T22:50:00+09:00,2026-08-21T23:50:00+09:00,hs_gongyoung,공영쇼핑,26년 햇 자연향 아삭이 복숭아 6kg,26년 햇 자연향 아삭이 복숭아 6kg,26년 햇 자연향 아삭이 복숭아 6kg,,,,미분류,,식품,1,,,,,missing,free_schedule_2350,2026-08-22T00:18:44.197026+09:00,,,1,2026-08-20T16:45:11.819029+09:00,2026-08-23T00:02:56.216113+09:00
2daa95162308b428e971a06fe8358913,2026-08-21,2026-08-21T23:31:00+09:00,2026-08-22T00:31:00+09:00,hs_skstoa,SK스토아,(방송에서만)베키아에누보 바질모짜샌드위치 2팩(6개)+바질토마토치즈샌드위치 2팩(6개)+올리브치아바타 1팩(8개)+크리미머쉬룸바게트샌드위치 1팩(3개)/총 23개 | 원산지 : 상품정보 참조,베키아에누보 바질모짜샌드위치 2팩 +바질토마토치즈샌드위치 2팩 +올리브치아바타 1팩 +크리미머쉬룸바게트샌드위치 1팩 /총 23개 | 원산지 : 상품정보 참조,베키아에누보 바질모짜샌드위치 2팩 +바질토마토치즈샌드위치 2팩 +올리브치아바타 1팩 +크리미머쉬룸바게트샌드위치 1팩 /총 23개 | 원산지 : 상품정보 참조,,,,미분류,,식품,1,,,,,needs_manual,free_schedule_2350,2026-08-22T00:18:44.197028+09:00,sales_not_found,2026-08-23T00:02:57.642242+09:00,,2026-08-20T16:45:11.819029+09:00,2026-08-21T00:20:06.127693+09:00
8776c8cc97bfcc7b444f5428d5bb35d8,2026-08-21,2026-08-21T23:40:00+09:00,2026-08-22T00:40:00+09:00,hs_nsmallshopplus,NS홈쇼핑 샵플러스,육포1,육포1,육포1,,,,미분류,,식품,17,,,,,needs_manual,free_schedule_2350,2026-08-22T00:18:44.197030+09:00,request_failed:HTTPError,2026-08-23T00:02:59.064976+09:00,,2026-08-20T16:45:11.819029+09:00,2026-08-20T17:37:07.703688+09:00
547e17fcfde9731b55bd70bf3f5024d1,2026-08-21,2026-08-21T23:41:00+09:00,2026-08-22T00:42:00+09:00,hs_nsmallshopplus,NS홈쇼핑 샵플러스,육포1,육포1,육포1,,,,미분류,,식품,17,474,23662600,46,63,final,free_detail_nextday,2026-08-23T00:03:00.604902+09:00,success,2026-08-23T00:03:00.602369+09:00,1,2026-08-22T00:18:38.483059+09:00,2026-08-23T00:02:56.216113+09:00
bc94783a67549bfb1ba6a6377401e34b,2026-08-21,2026-08-21T23:43:00+09:00,2026-08-22T00:43:00+09:00,hs_nsmallshopplus,NS홈쇼핑 샵플러스,육포1,육포1,육포1,,,,미분류,,식품,17,,,,,needs_manual,free_schedule_2350,2026-08-22T00:18:44.197034+09:00,sales_not_found,2026-08-23T00:03:02.315374+09:00,,2026-08-20T19:03:11.303958+09:00,2026-08-21T00:20:06.127693+09:00
98e7ea492d291ef1defe4012670bf5ae,2026-08-21,2026-08-21T23:50:00+09:00,2026-08-22T01:01:00+09:00,hs_nsmall,NS홈쇼핑,프리챠드기버터,프리챠드기버터,프리챠드기버터,,,,미분류,,식품,3,1208,88821600,22,27,final,free_detail_nextday,2026-08-23T00:03:03.871725+09:00,success,2026-08-23T00:03:03.869374+09:00,1,2026-08-20T16:45:11.819029+09:00,2026-08-23T00:02:56.216113+09:00
434009d8c3ace2c831560c817c63a705,2026-08-22,2026-08-22T00:31:00+09:00,2026-08-22T01:31:00+09:00,hs_skstoa,SK스토아,[방송에서만 50프로 세일][박소현 레몬즙]1일 1레몬 유기농 레몬즙 12박스 (20g*14포*12박스) | 원산지 : 상품정보 참조,1일 1레몬 유기농 레몬즙 12박스 | 원산지 : 상품정보 참조,1일 1레몬 유기농 레몬즙,,과채주스,레몬,확정,1일 1레몬 유기농 레몬즙,식품,1,334,33366600,,,validated_paid,paid_schedule_api,2026-08-23T14:33:15.502810+09:00,,,1,2026-08-20T16:45:12.025714+09:00,2026-08-24T00:08:42.982636+09:00
19f1bc499ed6c741557b6bc0c9396cb1,2026-08-22,2026-08-22T00:37:00+09:00,2026-08-22T01:38:00+09:00,hs_shinsegae,신세계쇼핑,[방송중에만] 자연담담 마시는 하루견과 180ml 20팩 x 3박스 + 20팩 더 (총 80팩),자연담담 마시는 하루견과 180ml 20팩 x 3박스 + 20팩 더,자연담담 마시는 하루견과 180ml 20팩 x 3박스 + 20팩 더,,,,미분류,,식품,3,154,25123000,,,validated_paid,paid_schedule_api,2026-08-23T14:33:15.502810+09:00,,,1,2026-08-20T16:45:12.025714+09:00,2026-08-24T00:08:42.982636+09:00
3afc30619aee9e635c0f2ddca06181be,2026-08-22,2026-08-22T00:40:00+09:00,2026-08-22T01:40:00+09:00,hs_nsmallshopplus,NS홈쇼핑 샵플러스,감자탕1,감자탕1,감자탕1,,,,미분류,,식품,5,,,,,missing,free_schedule_2350,2026-08-23T00:03:12.053278+09:00,,,,2026-08-20T16:45:12.025714+09:00,2026-08-20T17:37:07.987308+09:00
7f92bdf7bec511194f10cbffd0365888,2026-08-22,2026-08-22T00:42:00+09:00,2026-08-22T01:43:00+09:00,hs_nsmallshopplus,NS홈쇼핑 샵플러스,감자탕1,감자탕1,감자탕1,,,,미분류,,식품,5,601,23989900,,,validated_paid,paid_schedule_api,2026-08-23T14:33:15.502810+09:00,,,1,2026-08-22T00:18:39.611315+09:00,2026-08-24T00:08:42.982636+09:00
36b3bd520a3bb7274d9fc5dc36770580,2026-08-22,2026-08-22T00:44:00+09:00,2026-08-22T01:44:00+09:00,hs_nsmallshopplus,NS홈쇼핑 샵플러스,감자탕1,감자탕1,감자탕1,,,,미분류,,식품,5,,,,,missing,free_schedule_2350,2026-08-23T00:03:12.053285+09:00,,,,2026-08-20T19:03:13.498839+09:00,2026-08-21T00:20:08.740013+09:00
0b7c9252d2bb5b45783c5d9af34519fb,2026-08-22,2026-08-22T01:00:00+09:00,2026-08-22T02:00:00+09:00,hs_gongyoung,공영쇼핑,신화당제과 우리쌀전병 12박스(아몬드4+파래4+흑임자4),신화당제과 우리쌀전병 12박스,신화당제과 우리쌀전병 12박스,,,,미분류,,식품,1,653,26054700,,,validated_paid,paid_schedule_api,2026-08-23T14:33:15.502810+09:00,,,1,2026-08-20T16:45:12.025714+09:00,2026-08-24T00:08:42.982636+09:00
0bfa0c862abdfc1520f61f900d9114e0,2026-08-22,2026-08-22T01:00:00+09:00,2026-08-22T01:40:00+09:00,hs_hmallplus,현대홈쇼핑 플러스샵,[최신상]덴프스 트루바이타민 올인원 10박스,덴프스 트루바이타민 올인원 10박스,덴프스 트루바이타민 올인원,덴프스,기타 식품,,확정,덴프스 트루바이타민 올인원,식품,2,38,10464000,,,validated_paid,paid_schedule_api,2026-08-23T14:33:15.502810+09:00,,,1,2026-08-20T16:45:12.025714+09:00,2026-08-24T00:08:42.982636+09:00
f8081883cf6e1d534e6d904b2b9c135e,2026-08-22,2026-08-22T01:00:00+09:00,2026-08-22T01:55:00+09:00,hs_lotteimall,롯데홈쇼핑,[링티] ☆방송 중에만 반값세일☆ 링티 액티브 프로 8박스(11g*10포*8박스)+원형보틀 500ml 1개+사각보틀  500ml 1개,☆방송 중에만 반값세일☆ 링티 액티브 프로 8박스 +원형보틀 500ml 1개+사각보틀 500ml 1개,☆방송 중에만 반값세일☆ 링티 액티브 프로 8박스 +원형보틀 500ml 1개+사각보틀 500ml 1개,,,,미분류,,식품,2,55,7788000,,,validated_paid,paid_schedule_api,2026-08-23T14:33:15.502810+09:00,,,1,2026-08-20T16:45:12.025714+09:00,2026-08-24T00:08:42.982636+09:00
52ff5fd59834aefb46a9d684343513df,2026-08-22,2026-08-22T01:05:00+09:00,2026-08-22T02:00:00+09:00,hs_gsshop,GS홈쇼핑,라이필 더마콜라겐 시그니처RN 초저분자 어린콜라겐 5병,라이필 더마콜라겐 시그니처RN 초저분자 어린콜라겐 5병,라이필 더마콜라겐 시그니처RN 초저분자 어린콜라겐 5병,,,,확인필요,라이필 더마콜라겐 시그니처RN 초저분자 어린콜라겐 5병,식품,2,186,77730000,,,validated_paid,paid_schedule_api,2026-08-23T14:33:15.502810+09:00,,,1,2026-08-20T16:45:12.025714+09:00,2026-08-24T00:08:42.982636+09:00
7f44d9dda150b60b80e4d697ff98defd,2026-08-22,2026-08-22T01:31:00+09:00,2026-08-22T02:11:00+09:00,hs_skstoa,SK스토아,[방송에서만 50프로 세일][박소현 레몬즙]1일 1레몬 유기농 레몬즙 12박스 (20g*14포*12박스) | 원산지 : 상품정보 참조,1일 1레몬 유기농 레몬즙 12박스 | 원산지 : 상품정보 참조,1일 1레몬 유기농 레몬즙,,과채주스,레몬,확정,1일 1레몬 유기농 레몬즙,식품,1,126,12587400,,,validated_paid,paid_schedule_api,2026-08-23T14:33:15.502810+09:00,,,1,2026-08-20T16:45:12.025714+09:00,2026-08-24T00:08:42.982636+09:00
42d8ac91459993a4cca3372fae8a4225,2026-08-22,2026-08-22T01:40:00+09:00,2026-08-22T02:00:00+09:00,hs_nsmallshopplus,NS홈쇼핑 샵플러스,명가꽈배기1,명가꽈배기1,명가꽈배기1,,,,미분류,,식품,1,,,,,missing,free_schedule_2350,2026-08-23T00:03:12.053303+09:00,,,,2026-08-20T16:45:12.025714+09:00,2026-08-20T17:37:07.987308+09:00
976e6893c85dc430f56bff742b119ccc,2026-08-22,2026-08-22T01:40:00+09:00,2026-08-22T02:20:00+09:00,hs_hmallplus,현대홈쇼핑 플러스샵,[패밀리구성] 유기농 레몬즙 10박스+레자몽즙 6박스 (16박스 240포),유기농 레몬즙 10박스+레자몽즙 6박스,유기농 레몬즙 10박스+레자몽즙 6박스,,,,미분류,,식품,1,8,1520000,,,validated_paid,paid_schedule_api,2026-08-23T14:33:15.502810+09:00,,,1,2026-08-20T16:45:12.025714+09:00,2026-08-24T00:08:42.982636+09:00
fc72ca4d979c5a8aed03b9993255e913,2026-08-22,2026-08-22T01:42:00+09:00,2026-08-22T02:00:00+09:00,hs_nsmallshopplus,NS홈쇼핑 샵플러스,명가꽈배기1,명가꽈배기1,명가꽈배기1,,,,미분류,,식품,1,129,3857100,,,validated_paid,paid_schedule_api,2026-08-23T14:33:15.502810+09:00,,,1,2026-08-22T00:18:39.611315+09:00,2026-08-24T00:08:42.982636+09:00
3e3ca5061c68d29091b62e41002b3122,2026-08-22,2026-08-22T01:44:00+09:00,2026-08-22T02:04:00+09:00,hs_nsmallshopplus,NS홈쇼핑 샵플러스,명가꽈배기1,명가꽈배기1,명가꽈배기1,,,,미분류,,식품,1,,,,,missing,free_schedule_2350,2026-08-23T00:03:12.053312+09:00,,,,2026-08-20T19:03:13.498839+09:00,2026-08-21T00:20:08.740013+09:00
0da879b7cc06d26bee8dca808d08125d,2026-08-22,2026-08-22T02:00:00+09:00,2026-08-22T03:00:00+09:00,hs_gongyoung,공영쇼핑,[1팩더!]박연경의 한우 도가니탕700g*11팩,박연경의 한우 도가니탕700g*11팩,박연경의 한우 도가니탕700g*11팩,,,,미분류,,식품,1,382,22881800,,,validated_paid,paid_schedule_api,2026-08-23T14:33:15.502810+09:00,,,1,2026-08-20T16:45:12.025714+09:00,2026-08-24T00:08:42.982636+09:00
8e2e6c4c0285355d9dd2c14d8249831a,2026-08-22,2026-08-22T02:00:00+09:00,2026-08-22T02:41:00+09:00,hs_nsmallshopplus,NS홈쇼핑 샵플러스,명가꽈배기2,명가꽈배기2,명가꽈배기2,,,,확인필요,명가꽈배기2,식품,1,306,9149400,,,validated_paid,paid_schedule_api,2026-08-23T14:33:15.502810+09:00,,,1,2026-08-22T00:18:39.611315+09:00,2026-08-24T00:08:42.982636+09:00
fc275aa5c072e07d156d95e1af48f94a,2026-08-22,2026-08-22T02:00:00+09:00,2026-08-22T03:02:00+09:00,hs_nsmall,NS홈쇼핑,히트상품 앵콜방송 2부,히트상품 앵콜방송 2부,히트상품 앵콜방송 2부,,,,미분류,,식품,3,270,17764000,,,validated_paid,paid_schedule_api,2026-08-23T14:33:15.502810+09:00,,,1,2026-08-20T16:45:12.025714+09:00,2026-08-24T00:08:42.982636+09:00
692558534c9602eae45988f551b56959,2026-08-22,2026-08-22T02:15:00+09:00,2026-08-22T02:45:00+09:00,hs_cjonstyleplus,CJ온스타일 플러스,대원헬스 아스타 루지 20박스,대원헬스 아스타 루지 20박스,대원헬스 아스타 루지,대원헬스,건강식품/눈건강,루테인/카로티노이드,확정,대원헬스 아스타 루지,식품,2,6,2376000,,,validated_paid,paid_schedule_api,2026-08-23T14:33:15.502810+09:00,,,1,2026-08-20T16:45:12.025714+09:00,2026-08-24T00:08:42.982636+09:00
174a9a6eff9e3406c19f3e8efa551e2e,2026-08-22,2026-08-22T03:00:00+09:00,2026-08-22T04:01:00+09:00,hs_nsmall,NS홈쇼핑,히트상품 앵콜방송3부,히트상품 앵콜방송3부,히트상품 앵콜방송3부,,,,미분류,,식품,5,32,4575200,,,validated_paid,paid_schedule_api,2026-08-23T14:33:15.502810+09:00,,,1,2026-08-20T16:45:12.025714+09:00,2026-08-24T00:08:42.982636+09:00
da029e8ddb565cae0ede94698bdb3bd1,2026-08-22,2026-08-22T03:00:00+09:00,2026-08-22T04:00:00+09:00,hs_hmallplus,현대홈쇼핑 플러스샵,[방송에서만]팔레오 콘드로이친 plus MBP 5+5통,팔레오 콘드로이친 plus MBP 5+5통,팔레오 콘드로이친 plus MBP 5+5통,,,,미분류,,식품,1,60,5340000,,,validated_paid,paid_schedule_api,2026-08-23T14:33:15.502810+09:00,,,1,2026-08-20T16:45:12.025714+09:00,2026-08-24T00:08:42.982636+09:00
c229b305f89131f6864a8a34f21adc9c,2026-08-22,2026-08-22T03:30:00+09:00,2026-08-22T04:01:00+09:00,hs_hmall,현대홈쇼핑,[방송에서만 구매가능] 위바이옴 두뇌엔 닥터 PS 맥스 9+1박스(10개월분),위바이옴 두뇌엔 닥터 PS 맥스 9+1박스,두뇌엔 닥터PS,두뇌엔,건강식품/두뇌·인지,포스파티딜세린,확정,위바이옴 두뇌엔 닥터 PS 맥스,식품,4,18,6921000,,,validated_paid,paid_schedule_api,2026-08-23T14:33:15.502810+09:00,,,1,2026-08-20T16:45:12.025714+09:00,2026-08-24T00:08:42.982636+09:00
ed2164a85a2d0a690faec0c46f354e85,2026-08-22,2026-08-22T03:35:00+09:00,2026-08-22T04:05:00+09:00,hs_lotteimall,롯데홈쇼핑,[3배 패키지]뉴트리코어 하이퍼셀 NMN 앰플 42병(3박스),뉴트리코어 하이퍼셀 NMN 앰플 42병,뉴트리코어 하이퍼셀 NMN 앰플 42병,,,,미분류,,식품,2,15,4485000,,,validated_paid,paid_schedule_api,2026-08-23T14:33:15.502810+09:00,,,1,2026-08-20T16:45:12.025714+09:00,2026-08-24T00:08:42.982636+09:00
aa0a0e24690aa75179e01cd4345418b5,2026-08-22,2026-08-22T03:37:00+09:00,2026-08-22T04:37:00+09:00,hs_shopntmall,쇼핑엔티,(방송에서만 체험찬스) [특등급] 26년 햇 찰보리 500g x 16팩 (총 8kg),26년 햇 찰보리 500g x 16팩,26년 햇 찰보리 500g x 16팩,,,,미분류,,식품,1,236,9416400,,,validated_paid,paid_schedule_api,2026-08-23T14:33:15.502810+09:00,,,1,2026-08-20T16:45:12.025714+09:00,2026-08-24T00:08:42.982636+09:00
46600628fc1a6705e7b00924d319e3e4,2026-08-22,2026-08-22T03:41:00+09:00,2026-08-22T04:01:00+09:00,hs_skstoa,SK스토아,"유기농 올리브 트리플 12박스(1,500mg*14포*12박스/24주분) | 원산지 : 상품정보 참조",유기농 올리브 트리플 12박스 | 원산지 : 상품정보 참조,유기농 올리브 트리플 12박스 | 원산지 : 상품정보 참조,,,,미분류,,식품,1,0,0,,,validated_paid,paid_schedule_api,2026-08-23T14:33:15.502810+09:00,,,1,2026-08-20T16:45:12.025714+09:00,2026-08-24T00:08:42.982636+09:00
e50b93446e0eee7244abd5dc097938fb,2026-08-22,2026-08-22T03:41:00+09:00,2026-08-22T04:01:00+09:00,hs_skstoa,SK스토아,산양유 단백질 100 10통 | 원산지 : 상품정보 참조,산양유 단백질 100 10통 | 원산지 : 상품정보 참조,산양유 단백질 100 10통 | 원산지 : 상품정보 참조,,,,미분류,,식품,1,1,276000,,,validated_paid,paid_schedule_api,2026-08-23T14:33:15.502810+09:00,,,1,2026-08-20T16:45:12.025714+09:00,2026-08-24T00:08:42.982636+09:00
89f8950c1e42b96a6e9ed7ac950f754b,2026-08-22,2026-08-22T04:00:00+09:00,2026-08-22T04:51:00+09:00,hs_hmall,현대홈쇼핑,[2026년산 햇고추] 태양초 청결 햇 고춧가루 3kg(500g 6팩) + 청양 고춧가루 500g 1팩,태양초 청결 햇 고춧가루 3kg + 청양 고춧가루 500g 1팩,태양초 청결 햇 고춧가루,,조미식품,고추,확정,태양초 청결 햇 고춧가루,식품,3,256,28693800,,,validated_paid,paid_schedule_api,2026-08-23T14:33:15.502810+09:00,,,1,2026-08-20T16:45:12.025714+09:00,2026-08-24T00:08:42.982636+09:00
e2460d6149b0ef9230534906b12c3ede,2026-08-22,2026-08-22T04:00:00+09:00,2026-08-22T05:02:00+09:00,hs_nsmall,NS홈쇼핑,히트상품 앵콜방송4부,히트상품 앵콜방송4부,히트상품 앵콜방송4부,,,,미분류,,식품,2,602,30067800,,,validated_paid,paid_schedule_api,2026-08-23T14:33:15.502810+09:00,,,1,2026-08-20T16:45:12.025714+09:00,2026-08-24T00:08:42.982636+09:00
eda4a9fa27efe2474db3ba9a305d5f9f,2026-08-22,2026-08-22T04:09:00+09:00,2026-08-22T04:33:00+09:00,hs_kshop,KT알파쇼핑,팔레오_콘드로이친,팔레오_콘드로이친,팔레오_콘드로이친,,,,확인필요,팔레오_콘드로이친,식품,1,6,1068000,,,validated_paid,paid_schedule_api,2026-08-23T14:33:15.502810+09:00,,,1,2026-08-22T00:18:39.611315+09:00,2026-08-24T00:08:42.982636+09:00
e98e51313c96c875b66ccc0cae8689e4,2026-08-22,2026-08-22T04:19:00+09:00,2026-08-22T05:20:00+09:00,hs_shinsegae,신세계쇼핑,[방송에서만]장민호PICK!하이뮨 산앙초유 프로틴밸런스 면역케어 12캔+검은깨맛 한박스까지!,장민호PICK!하이뮨 산앙초유 프로틴밸런스 면역케어 12캔+검은깨맛 한박스까지!,장민호PICK!하이뮨 산앙초유 프로틴밸런스 면역케어 12캔+검은깨맛 한박스까지!,,,,미분류,,식품,2,54,15533000,,,validated_paid,paid_schedule_api,2026-08-23T14:33:15.502810+09:00,,,1,2026-08-20T16:45:12.025714+09:00,2026-08-24T00:08:42.982636+09:00
8c4490b16359f74ddaf62b9a9cbe5e80,2026-08-22,2026-08-22T04:35:00+09:00,2026-08-22T04:40:00+09:00,hs_lotteimallonetv,롯데원티비,[핫딜] 베지밀 검은콩 고칼슘 두유 190ml x 48팩,베지밀 검은콩 고칼슘 두유 190ml x 48팩,베지밀 검은콩 고칼슘 두유 190ml x 48팩,,,,미분류,,식품,1,1,29500,,,validated_paid,paid_schedule_api,2026-08-23T14:33:15.502810+09:00,,,1,2026-08-20T16:45:12.025714+09:00,2026-08-24T00:08:42.982636+09:00
04fa3d891037a17a4cbb5e9c9f5b7739,2026-08-22,2026-08-22T04:37:00+09:00,2026-08-22T05:37:00+09:00,hs_shopntmall,쇼핑엔티,[이번달 중 단이틀] 종근당건강 아이클리어 루테인 20개월분,종근당건강 아이클리어 루테인 20개월분,종근당건강 아이클리어 루테인,종근당건강,건강식품/눈건강,루테인/카로티노이드,확정,종근당건강 아이클리어 루테인,식품,1,56,8904000,,,validated_paid,paid_schedule_api,2026-08-23T14:33:15.502810+09:00,,,1,2026-08-20T16:45:12.025714+09:00,2026-08-24T00:08:42.982636+09:00
054106702aa11cab5e88a8ed214c38b1,2026-08-22,2026-08-22T04:40:00+09:00,2026-08-22T05:15:00+09:00,hs_lotteimall,롯데홈쇼핑,"[설아래] 설아래 문경 오미자차 90mlx14포x4박스, 총56포","설아래 문경 오미자차 90mlx14포x4박스, 총56포",설아래 문경 오미자차 90mlx14포x4박스,설아래,차/음료,오미자,확정,설아래 문경 오미자차 90mlx14포x4박스,식품,1,15,1198500,,,validated_paid,paid_schedule_api,2026-08-23T14:33:15.502810+09:00,,,1,2026-08-20T16:45:12.025714+09:00,2026-08-24T00:08:42.982636+09:00
420ae0f615e9d3e438a286abc4a4d217,2026-08-22,2026-08-22T04:40:00+09:00,2026-08-22T05:40:00+09:00,hs_nsmallshopplus,NS홈쇼핑 샵플러스,흑미1,흑미1,흑미1,,,,미분류,,식품,1,,,,,missing,free_schedule_2350,2026-08-23T00:03:12.053367+09:00,,,,2026-08-20T16:45:12.025714+09:00,2026-08-21T00:20:08.740013+09:00
4c5cff0d11bbb8d99e730ffc582e8420,2026-08-22,2026-08-22T04:40:00+09:00,2026-08-22T05:20:00+09:00,hs_hmallplus,현대홈쇼핑 플러스샵,[방송에서만 5병더] 센비타 당근주스 100 10병,센비타 당근주스 100 10병,센비타 당근주스,센비타,과채주스,당근,확정,센비타 당근주스,식품,1,83,6723000,,,validated_paid,paid_schedule_api,2026-08-23T14:33:15.502810+09:00,,,1,2026-08-20T16:45:12.025714+09:00,2026-08-24T00:08:42.982636+09:00
368e2c54f4d0d45b8365eca1dee7eada,2026-08-22,2026-08-22T04:41:00+09:00,2026-08-22T05:43:00+09:00,hs_nsmallshopplus,NS홈쇼핑 샵플러스,흑미1,흑미1,흑미1,,,,미분류,,식품,1,452,17130800,,,validated_paid,paid_schedule_api,2026-08-23T14:33:15.502810+09:00,,,1,2026-08-22T00:18:39.611315+09:00,2026-08-24T00:08:42.982636+09:00
0c5d4ade193a2cc24c2bb1235b3a953d,2026-08-22,2026-08-22T04:45:00+09:00,2026-08-22T05:15:00+09:00,hs_cjonstyle,CJ온스타일,완도활전복,완도활전복,완도활전복,,수산물,수산물,확정,완도활전복,식품,1,82,4665800,,,validated_paid,paid_schedule_api,2026-08-23T14:33:15.502810+09:00,,,1,2026-08-20T16:45:12.025714+09:00,2026-08-24T00:08:42.982636+09:00
20c5f9e30a970b40825b6f611e706ec0,2026-08-22,2026-08-22T05:00:00+09:00,2026-08-22T06:00:00+09:00,hs_gongyoung,공영쇼핑,천혜진선향쌀 10kg*1포+350g*3포,천혜진선향쌀 10kg*1포+350g*3포,천혜진선향쌀 10kg*1포+350g*3포,,,,미분류,,식품,1,1087,46632300,,,validated_paid,paid_schedule_api,2026-08-23T14:33:15.502810+09:00,,,1,2026-08-20T16:45:12.025714+09:00,2026-08-24T00:08:42.982636+09:00
66b931bea1764a6225921b7e4ab34ec8,2026-08-22,2026-08-22T05:00:00+09:00,2026-08-22T05:31:00+09:00,hs_gsshop,GS홈쇼핑,하루약콩 두유 190ml 총 72팩 (24팩 x 3박스),하루약콩 두유 190ml 총 72팩,하루약콩 두유,,두유,콩,확정,하루약콩 두유,식품,1,196,8408400,,,validated_paid,paid_schedule_api,2026-08-23T14:33:15.502810+09:00,,,1,2026-08-20T16:45:12.025714+09:00,2026-08-24T00:08:42.982636+09:00
741fc4fed1f3f742c1b8214393c218c6,2026-08-22,2026-08-22T05:00:00+09:00,2026-08-22T05:42:00+09:00,hs_nsmall,NS홈쇼핑,오한진백세알부민,오한진백세알부민,오한진백세알부민,,,,확인필요,오한진백세알부민,식품,3,59,15222000,,,validated_paid,paid_schedule_api,2026-08-23T14:33:15.502810+09:00,,,1,2026-08-20T19:03:13.498839+09:00,2026-08-24T00:08:42.982636+09:00
52bd22eba78fab6a128f38a4e1addcf0,2026-08-22,2026-08-22T05:15:00+09:00,2026-08-22T06:00:00+09:00,hs_cjonstyle,CJ온스타일,여에스더 리포좀 글루타치온 다이렉트 12X 알파 네트워크 12박스+3X 1박스,여에스더 리포좀 글루타치온 다이렉트 12X 알파 네트워크 12박스+3X 1박스,여에스더 리포좀 글루타치온 다이렉트 12X 알파 네트워크,여에스더,건강식품/글루타치온,글루타치온,확정,여에스더 리포좀 글루타치온 다이렉트 12X 알파 네트워크,식품,2,63,24552000,,,validated_paid,paid_schedule_api,2026-08-23T14:33:15.502810+09:00,,,1,2026-08-20T16:45:12.025714+09:00,2026-08-24T00:08:42.982636+09:00
8b571545c4148ec879c807cebfc08a87,2026-08-22,2026-08-22T05:15:00+09:00,2026-08-22T05:45:00+09:00,hs_cjonstyleplus,CJ온스타일 플러스,콩범벅 + 깨범벅,콩범벅 + 깨범벅,콩범벅 + 깨범벅,,,,미분류,,식품,1,153,4880700,,,validated_paid,paid_schedule_api,2026-08-23T14:33:15.502810+09:00,,,1,2026-08-20T16:45:12.025714+09:00,2026-08-24T00:08:42.982636+09:00
945c9a4d25900e10151a57f98b87ec52,2026-08-22,2026-08-22T05:20:00+09:00,2026-08-22T06:21:00+09:00,hs_hmall,현대홈쇼핑,[셀렉스][12캔+프로틴바]프로틴 락토프리 플러스_304gX12캔+너츠바12EA+보틀2개 ,프로틴 락토프리 플러스_304gX12캔+너츠바12EA+보틀2개,프로틴 락토프리 플러스_304gX12캔+너츠바12EA+보틀2개,,,,미분류,,식품,4,138,44320000,,,validated_paid,paid_schedule_api,2026-08-23T14:33:15.502810+09:00,,,1,2026-08-20T16:45:12.025714+09:00,2026-08-24T00:08:42.982636+09:00
f25d52898a404e65dd2bcfc89974a3d0,2026-08-22,2026-08-22T05:29:00+09:00,2026-08-22T06:30:00+09:00,hs_kshop,KT알파쇼핑,데이즈온_파라다이스그레인,데이즈온_파라다이스그레인,데이즈온 파라다이스그레인,데이즈온,다이어트/건강식품,곡물,확정,데이즈온 파라다이스그레인,식품,2,361,87182000,,,validated_paid,paid_schedule_api,2026-08-23T14:33:15.502810+09:00,,,1,2026-08-20T16:45:12.025714+09:00,2026-08-24T00:08:42.982636+09:00
693812d950f029f83b4e2156d94488bb,2026-08-22,2026-08-22T05:30:00+09:00,2026-08-22T06:16:00+09:00,hs_gsshop,GS홈쇼핑,닥터린 식물성 멜라토닌 함유 하이퍼셀 멜라바인 12박스+6박스(방송에서만) 총 18박스,닥터린 식물성 멜라토닌 함유 하이퍼셀 멜라바인 12박스+6박스 총 18박스,닥터린 식물성 멜라토닌 함유 하이퍼셀 멜라바인 12박스+6박스 총 18박스,,,,미분류,,식품,2,246,70054000,,,validated_paid,paid_schedule_api,2026-08-23T14:33:15.502810+09:00,,,1,2026-08-20T16:45:12.025714+09:00,2026-08-24T00:08:42.982636+09:00
0cbfe8c082547e3f469025f860d13fbd,2026-08-22,2026-08-22T05:40:00+09:00,2026-08-22T06:40:00+09:00,hs_nsmallshopplus,NS홈쇼핑 샵플러스,안국 루테인 1,안국 루테인 1,안국 루테인,안국,건강식품/눈건강,루테인/카로티노이드,확정,안국 루테인,식품,1,,,,,missing,free_schedule_2350,2026-08-23T00:03:12.053402+09:00,,,,2026-08-20T16:45:12.025714+09:00,2026-08-21T00:20:08.740013+09:00
6921d1f3ba53978e74bb4dad9b27f464,2026-08-22,2026-08-22T05:40:00+09:00,2026-08-22T06:32:00+09:00,hs_nsmall,NS홈쇼핑,한삼인홍삼진플러스,한삼인홍삼진플러스,한삼인 홍삼진플러스,한삼인,건강식품/홍삼,홍삼,확정,한삼인홍삼진플러스,식품,21,132,26268000,,,validated_paid,paid_schedule_api,2026-08-23T14:33:15.502810+09:00,,,1,2026-08-20T16:45:12.025714+09:00,2026-08-24T00:08:42.982636+09:00
a1e87f6730ae8f3be0a0bf4172710f86,2026-08-22,2026-08-22T05:41:00+09:00,2026-08-22T06:42:00+09:00,hs_nsmallshopplus,NS홈쇼핑 샵플러스,안국 루테인 1,안국 루테인 1,안국 루테인,안국,건강식품/눈건강,루테인/카로티노이드,확정,안국 루테인,식품,1,117,17316000,,,validated_paid,paid_schedule_api,2026-08-23T14:33:15.502810+09:00,,,1,2026-08-22T00:18:39.611315+09:00,2026-08-24T00:08:42.982636+09:00
1c869a0d5d4340e7c5aa9aa91e5060da,2026-08-22,2026-08-22T06:00:00+09:00,2026-08-22T06:15:00+09:00,hs_cjonstyle,CJ온스타일,여에스더 리포좀 글루타치온 다이렉트 12X 알파 네트워크 12박스+3X 1박스,여에스더 리포좀 글루타치온 다이렉트 12X 알파 네트워크 12박스+3X 1박스,여에스더 리포좀 글루타치온 다이렉트 12X 알파 네트워크,여에스더,건강식품/글루타치온,글루타치온,확정,여에스더 리포좀 글루타치온 다이렉트 12X 알파 네트워크,식품,2,11,4334000,,,validated_paid,paid_schedule_api,2026-08-23T14:33:15.502810+09:00,,,1,2026-08-20T16:45:12.025714+09:00,2026-08-24T00:08:42.982636+09:00
274ac64370bc582020d793d731226587,2026-08-22,2026-08-22T06:00:00+09:00,2026-08-22T07:15:00+09:00,hs_hnsmall,홈앤쇼핑,[방송에서만 총10개월분] 비에날씬프로 9병 (9개월분) +   슬림플러스 3박스+ 보랄 스팀에어프라이어,비에날씬프로 9병 + 슬림플러스 3박스+ 보랄 스팀에어프라이어,비에날씬 프로,비에날씬,다이어트 유산균,BNR17 유산균,확정,비에날씬프로,식품,3,118,54544000,,,validated_paid,paid_schedule_api,2026-08-23T14:33:15.502810+09:00,,,1,2026-08-20T17:37:07.987308+09:00,2026-08-24T00:08:42.982636+09:00
3749608bbcfbf8da95b76499ba112e08,2026-08-22,2026-08-22T06:00:00+09:00,2026-08-22T07:15:00+09:00,hs_gongyoung,공영쇼핑,"[2026 햇 양파] 자연식품 무안자색양파즙 (100ml×30포)×4박스, 총 120포","자연식품 무안자색양파즙 ×4박스, 총 120포","자연식품 무안자색양파즙 ×4박스, 총 120포",,,,미분류,,식품,1,2069,78415100,,,validated_paid,paid_schedule_api,2026-08-23T14:33:15.502810+09:00,,,1,2026-08-20T16:45:12.025714+09:00,2026-08-24T00:08:42.982636+09:00
a550e4142d5b6294e353674fcae5ca7c,2026-08-22,2026-08-22T06:00:00+09:00,2026-08-22T06:40:00+09:00,hs_hmallplus,현대홈쇼핑 플러스샵,[50%세일]빨간스캔들 유기농 석류+콜라겐 젤리 120포,빨간스캔들 유기농 석류+콜라겐 젤리 120포,빨간스캔들 유기농 석류 콜라겐 젤리,,건강식품/콜라겐,콜라겐,확정,빨간스캔들 유기농 석류 콜라겐 젤리,식품,1,132,13068000,,,validated_paid,paid_schedule_api,2026-08-23T14:33:15.502810+09:00,,,1,2026-08-20T16:45:12.025714+09:00,2026-08-24T00:08:42.982636+09:00
ba70accec1be66be964ce861f7e9f0b7,2026-08-22,2026-08-22T06:00:00+09:00,2026-08-22T07:15:00+09:00,hs_hnsmall,홈앤쇼핑,[6개월분] 다이어트유산균BNR17 비에날씬프로 24주분,다이어트유산균BNR17 비에날씬프로 24주분,비에날씬 프로,비에날씬,다이어트 유산균,BNR17 유산균,확정,다이어트유산균BNR17 비에날씬프로,식품,1,,,,,missing,free_schedule_2350,2026-08-23T00:03:12.053423+09:00,,,,2026-08-20T16:45:12.025714+09:00,2026-08-20T16:45:12.025714+09:00
3170b8d5323c0a0632e06f72b4cfc6a1,2026-08-22,2026-08-22T06:15:00+09:00,2026-08-22T07:20:00+09:00,hs_cjonstyle,CJ온스타일,폴리코사놀5 30정 18박스,폴리코사놀5 30정 18박스,폴리코사놀5,,건강식품/혈행,폴리코사놀,확정,폴리코사놀5,식품,2,164,72386000,,,validated_paid,paid_schedule_api,2026-08-23T14:33:15.502810+09:00,,,1,2026-08-20T16:45:12.025714+09:00,2026-08-24T00:08:42.982636+09:00
63e212f96d1dc0dd09eb3ce99c381a4f,2026-08-22,2026-08-22T06:15:00+09:00,2026-08-22T07:20:00+09:00,hs_lotteimall,롯데홈쇼핑,[닥터루템] ●방송에서만![6+3박스]이시형 박사의 인생 마그네슘 영양제 9박스(1박스:31.8gX14병),●방송에서만! 이시형 박사의 인생 마그네슘 영양제 9박스,이시형 박사의 인생 마그네슘,이시형,영양제/미네랄,마그네슘,확정,이시형 박사의 인생 마그네슘 영양제,식품,2,201,56079000,,,validated_paid,paid_schedule_api,2026-08-23T14:33:15.502810+09:00,,,1,2026-08-22T00:18:39.611315+09:00,2026-08-24T00:08:42.982636+09:00
3e660043de7a8e21e261182ede86650f,2026-08-22,2026-08-22T06:20:00+09:00,2026-08-22T07:20:00+09:00,hs_lotteimallonetv,롯데원티비,[프리메로] ★방송에서만 70프로 세일★ 프리메로 NFC 유기농 레몬즙 10박스 (1박스: 20g x 14포),★방송에서만 70프로 세일★ 프리메로 NFC 유기농 레몬즙 10박스,프리메로 유기농 레몬즙,프리메로,과채주스,레몬,확정,70프로 세일 프리메로 NFC 유기농 레몬즙,식품,1,193,9457000,,,validated_paid,paid_schedule_api,2026-08-23T14:33:15.502810+09:00,,,1,2026-08-20T16:45:12.025714+09:00,2026-08-24T00:08:42.982636+09:00
098608218027e47094509190e68a1445,2026-08-22,2026-08-22T06:21:00+09:00,2026-08-22T07:21:00+09:00,hs_skstoa,SK스토아,[방송에서만 1박스 더]두뇌엔닥터PS맥스 9+1박스(2g*30포*10박스/10개월분) | 원산지 : 상품정보 참조,두뇌엔닥터PS맥스 9+1박스 | 원산지 : 상품정보 참조,두뇌엔 닥터PS,두뇌엔,건강식품/두뇌·인지,포스파티딜세린,확정,두뇌엔닥터PS,식품,3,184,74494000,,,validated_paid,paid_schedule_api,2026-08-23T14:33:15.502810+09:00,,,1,2026-08-20T20:50:11.356351+09:00,2026-08-24T00:08:42.982636+09:00
96e51eb816f2503250441cace4057a5d,2026-08-22,2026-08-22T06:21:00+09:00,2026-08-22T07:21:00+09:00,hs_skstoa,SK스토아,[방송에서만 1박스 더]두뇌엔닥터PS맥스 9+1박스(2g*30포*10박스/10개월분) | 원산지 : 상품정보 참조,두뇌엔닥터PS맥스 9+1박스 | 원산지 : 상품정보 참조,두뇌엔 닥터PS,두뇌엔,건강식품/두뇌·인지,포스파티딜세린,확정,두뇌엔닥터PS,식품,3,,,,,missing,free_schedule_2350,2026-08-23T00:03:12.053438+09:00,,,,2026-08-20T17:37:07.987308+09:00,2026-08-20T17:37:07.987308+09:00
a837614b00bc828b74982614e400efd3,2026-08-22,2026-08-22T06:21:00+09:00,2026-08-22T07:21:00+09:00,hs_skstoa,SK스토아,[방송에서만 1박스 더]두뇌엔닥터PS맥스 9+1박스(2g*30포*10박스/10개월분) | 원산지 : 상품정보 참조,두뇌엔닥터PS맥스 9+1박스 | 원산지 : 상품정보 참조,두뇌엔 닥터PS,두뇌엔,건강식품/두뇌·인지,포스파티딜세린,확정,두뇌엔닥터PS,식품,3,,,,,missing,free_schedule_2350,2026-08-23T00:03:12.053441+09:00,,,,2026-08-20T16:45:12.025714+09:00,2026-08-20T19:33:23.999746+09:00
9d62d96fabe974b75e90658d262ee271,2026-08-22,2026-08-22T06:30:00+09:00,2026-08-22T07:22:00+09:00,hs_nsmall,NS홈쇼핑,비너지대마종자유,비너지대마종자유,비너지대마종자유,,건강식품/오일,대마종자유,확정,비너지대마종자유,식품,3,721,96614000,,,validated_paid,paid_schedule_api,2026-08-23T14:33:15.502810+09:00,,,1,2026-08-20T16:45:12.025714+09:00,2026-08-24T00:08:42.982636+09:00
f4eae8b3982287c4db21e92004a0ae36,2026-08-22,2026-08-22T06:36:00+09:00,2026-08-22T07:36:00+09:00,hs_shopntmall,쇼핑엔티,[50％세일] 대원제약 철갑상어 콘드로이친 with MBP 15개월분 + 저압냄비,대원제약 철갑상어 콘드로이친 with MBP 15개월분 + 저압냄비,대원제약 철갑상어 콘드로이친 with MBP 15개월분 + 저압냄비,,,,확인필요,대원제약 철갑상어 콘드로이친 with MBP 15개월분 + 저압냄비,식품,1,516,51084000,,,validated_paid,paid_schedule_api,2026-08-23T14:33:15.502810+09:00,,,1,2026-08-22T00:18:39.611315+09:00,2026-08-24T00:08:42.982636+09:00
c24c66d9afb2889c9b6fe21c71bce382,2026-08-22,2026-08-22T07:15:00+09:00,2026-08-22T08:15:00+09:00,hs_gsshop,GS홈쇼핑,하루틴 손흥민 패키지 리포좀 미네랄&멀티 비타민 13개월 +방송중 3개월 더 + 리포좀 글루타치온 3박스,하루틴 손흥민 패키지 리포좀 미네랄&멀티 비타민 13개월 + 3개월 더 + 리포좀 글루타치온 3박스,하루틴 손흥민 패키지 리포좀 미네랄&멀티 비타민 13개월 + 3개월 더 + 리포좀 글루타치온 3박스,,,,확인필요,하루틴 손흥민 패키지 리포좀 미네랄&멀티 비타민 13개월 + 3개월 더 + 리포좀 글루타치온 3박스,식품,2,874,203359400,,,validated_paid,paid_schedule_api,2026-08-23T14:33:15.502810+09:00,,,1,2026-08-20T16:45:12.025714+09:00,2026-08-24T00:08:42.982636+09:00
e22801f9f89c01a3d3fe3e38262f1f73,2026-08-22,2026-08-22T07:15:00+09:00,2026-08-22T08:20:00+09:00,hs_hnsmall,홈앤쇼핑,[방송에서만 50%세일] NFC 착즙 보넬드 아이엠 당근 12병 (1L X 12병),NFC 착즙 보넬드 아이엠 당근 12병,보넬드 아이엠 당근주스,보넬드,과채주스,당근,확정,NFC 착즙 보넬드 아이엠 당근,식품,1,1771,175329000,,,validated_paid,paid_schedule_api,2026-08-23T14:33:15.502810+09:00,,,1,2026-08-20T16:45:12.025714+09:00,2026-08-24T00:08:42.982636+09:00
f93be58bd4de5f57d49d7e0e218779fc,2026-08-22,2026-08-22T07:15:00+09:00,2026-08-22T08:25:00+09:00,hs_gongyoung,공영쇼핑,한 알로 요리 끝! 자연한알6병+휴대용1병+마늘한알2봉,한 알로 요리 끝! 자연한알6병+휴대용1병+마늘한알2봉,한 알로 요리 끝! 자연한알6병+휴대용1병+마늘한알2봉,,,,미분류,,식품,2,1630,96170000,,,validated_paid,paid_schedule_api,2026-08-23T14:33:15.502810+09:00,,,1,2026-08-20T16:45:12.025714+09:00,2026-08-24T00:08:42.982636+09:00
1d85404537c5c9a61bf06c0095a30036,2026-08-22,2026-08-22T07:20:00+09:00,2026-08-22T08:20:00+09:00,hs_cjonstyle,CJ온스타일,관절엔 콘드로이친1200 12개월+식물성오메가2개월분,관절엔 콘드로이친1200 12개월+식물성오메가2개월분,관절엔 콘드로이친,관절엔,건강식품/관절,콘드로이친,확정,관절엔 콘드로이친,식품,3,471,286986000,,,validated_paid,paid_schedule_api,2026-08-23T14:33:15.502810+09:00,,,1,2026-08-20T16:45:12.025714+09:00,2026-08-24T00:08:42.982636+09:00
48a755559ec3a8da3b610f41d13b01c5,2026-08-22,2026-08-22T07:20:00+09:00,2026-08-22T08:21:00+09:00,hs_hmall,현대홈쇼핑,[방송에서만]뉴트리코어 하이퍼셀 코엔자임Q10 맥스 12박스+6박스 더,뉴트리코어 하이퍼셀 코엔자임Q10 맥스 12박스+6박스 더,뉴트리코어 하이퍼셀 코엔자임Q10 맥스 12박스+6박스 더,,,,미분류,,식품,2,1368,355992000,,,validated_paid,paid_schedule_api,2026-08-23T14:33:15.502810+09:00,,,1,2026-08-20T16:45:12.025714+09:00,2026-08-24T00:08:42.982636+09:00
5e8e36bcc65967471ab0c49b36b4c3b2,2026-08-22,2026-08-22T07:20:00+09:00,2026-08-22T08:22:00+09:00,hs_shinsegae,신세계쇼핑,[방송중 더블+효소3] 카사베르디 유기농 레드와인비니거 6병+2병 + 휴대용기 + 카무트효소G 3박스,카사베르디 유기농 레드와인비니거 6병+2병 + 휴대용기 + 카무트효소G 3박스,카사베르디 유기농 레드와인비니거 6병+2병 + 휴대용기 + 카무트효소G 3박스,,,,미분류,,식품,4,983,125467000,,,validated_paid,paid_schedule_api,2026-08-23T14:33:15.502810+09:00,,,1,2026-08-20T16:45:12.025714+09:00,2026-08-24T00:08:42.982636+09:00
be6ad6830071a385f4d894e37d9df680,2026-08-22,2026-08-22T07:20:00+09:00,2026-08-22T08:21:00+09:00,hs_nsmall,NS홈쇼핑,두뇌엔닥터PS,두뇌엔닥터PS,두뇌엔 닥터PS,두뇌엔,건강식품/두뇌·인지,포스파티딜세린,확정,두뇌엔닥터PS,식품,3,387,188061000,,,validated_paid,paid_schedule_api,2026-08-23T14:33:15.502810+09:00,,,1,2026-08-20T16:45:12.025714+09:00,2026-08-24T00:08:42.982636+09:00
c22654b9fe1788e611667e107d6c2f7c,2026-08-22,2026-08-22T07:29:00+09:00,2026-08-22T08:33:00+09:00,hs_kshop,KT알파쇼핑,프롬바이오_위건강엔매스틱,프롬바이오_위건강엔매스틱,프롬바이오 매스틱,프롬바이오,건강식품/위건강,매스틱,확정,프롬바이오 위건강엔매스틱,식품,2,134,77366000,,,validated_paid,paid_schedule_api,2026-08-23T14:33:15.502810+09:00,,,1,2026-08-20T16:45:12.025714+09:00,2026-08-24T00:08:42.982636+09:00
3c5907cbbc33b810ca1d1830d220287c,2026-08-22,2026-08-22T07:40:00+09:00,2026-08-22T08:40:00+09:00,hs_hmallplus,현대홈쇼핑 플러스샵,[추가구성 : 오메가3 2박스]관절엔 콘드로이친 1200 12개월분(900mgX60정X12박스),관절엔 콘드로이친 1200 12개월분,관절엔 콘드로이친,관절엔,건강식품/관절,콘드로이친,확정,관절엔 콘드로이친,식품,4,180,108879000,,,validated_paid,paid_schedule_api,2026-08-23T14:33:15.502810+09:00,,,1,2026-08-20T16:45:12.025714+09:00,2026-08-24T00:08:42.982636+09:00
4a1a49acd857b7e079e8ce6ba2cc6c14,2026-08-22,2026-08-22T07:45:00+09:00,2026-08-22T08:45:00+09:00,hs_cjonstyleplus,CJ온스타일 플러스,[국민영양프로젝트] 여에스더 포스파티딜세린 10박스(5개월분)+블루베리 퓨레,여에스더 포스파티딜세린 10박스 +블루베리 퓨레,여에스더 포스파티딜세린 10박스 +블루베리 퓨레,,,,미분류,,식품,8,1173,104397000,,,validated_paid,paid_schedule_api,2026-08-23T14:33:15.502810+09:00,,,1,2026-08-20T16:45:12.025714+09:00,2026-08-24T00:08:42.982636+09:00
9361202313ae3485c77a53d57771dc4f,2026-08-22,2026-08-22T08:15:00+09:00,2026-08-22T09:20:00+09:00,hs_gsshop,GS홈쇼핑,[한지민 PICK] 에버콜라겐 레티놀A GPH콜라겐 3병 (12주분),에버콜라겐 레티놀A GPH콜라겐 3병,에버콜라겐 레티놀A GPH콜라겐,,건강식품/콜라겐,콜라겐,확정,에버콜라겐 레티놀A GPH콜라겐,식품,4,617,330163000,,,validated_paid,paid_schedule_api,2026-08-23T14:33:15.502810+09:00,,,1,2026-08-20T16:45:12.025714+09:00,2026-08-24T00:08:42.982636+09:00
989a223a2384d694ac4e523e4eeca480,2026-08-22,2026-08-22T08:20:00+09:00,2026-08-22T09:20:00+09:00,hs_cjonstyle,CJ온스타일,[최다 11개월] 프로 다이어트 유산균 10개월분+슬림플러스 1개월분,프로 다이어트 유산균 10개월분+슬림플러스 1개월분,프로 다이어트 유산균 10개월분+슬림플러스 1개월분,,,,미분류,,식품,3,561,311928000,,,validated_paid,paid_schedule_api,2026-08-23T14:33:15.502810+09:00,,,1,2026-08-20T16:45:12.025714+09:00,2026-08-24T00:08:42.982636+09:00
258c4edf97a3498eb65886316ee3855b,2026-08-22,2026-08-22T08:25:00+09:00,2026-08-22T09:25:00+09:00,hs_gongyoung,공영쇼핑,[리뉴얼] 레드플러스청양구기자17통+스푼5개,레드플러스청양구기자17통+스푼5개,레드플러스청양구기자17통+스푼5개,,,,미분류,,식품,1,2873,226967000,,,validated_paid,paid_schedule_api,2026-08-23T14:33:15.502810+09:00,,,1,2026-08-20T16:45:12.025714+09:00,2026-08-24T00:08:42.982636+09:00
8459abab37ff62c5941fe6b574398e15,2026-08-22,2026-08-22T08:30:00+09:00,2026-08-22T09:32:00+09:00,hs_kshop,KT알파쇼핑,비에날씬_다이어트유산균,비에날씬_다이어트유산균,비에날씬 프로,비에날씬,다이어트 유산균,BNR17 유산균,확정,비에날씬 다이어트유산균,식품,3,155,74476000,,,validated_paid,paid_schedule_api,2026-08-23T14:33:15.502810+09:00,,,1,2026-08-22T00:18:39.611315+09:00,2026-08-24T00:08:42.982636+09:00
af5f5bacffa636a082d365bdd8d506b1,2026-08-22,2026-08-22T08:30:00+09:00,2026-08-22T09:30:00+09:00,hs_kshop,KT알파쇼핑,비에날씬_다이어트유산균,비에날씬_다이어트유산균,비에날씬 프로,비에날씬,다이어트 유산균,BNR17 유산균,확정,비에날씬 다이어트유산균,식품,3,,,,,missing,free_schedule_2350,2026-08-23T00:03:12.053489+09:00,,,,2026-08-20T16:45:12.025714+09:00,2026-08-21T00:20:08.740013+09:00
2f2438160771e0193f2ad91e60ad4328,2026-08-22,2026-08-22T08:35:00+09:00,2026-08-22T09:36:00+09:00,hs_shopntmall,쇼핑엔티,[50％세일] 골드 카무트 효소 12박스 +  파로 5봉 + 복부마사지기,골드 카무트 효소 12박스 + 파로 5봉 + 복부마사지기,골드 카무트 효소 12박스 + 파로 5봉 + 복부마사지기,,,,미분류,,식품,1,486,96228000,,,validated_paid,paid_schedule_api,2026-08-23T14:33:15.502810+09:00,,,1,2026-08-20T16:45:12.025714+09:00,2026-08-24T00:08:42.982636+09:00
3e0a46c63c7d291a0b73da14e2b60834,2026-08-22,2026-08-22T09:20:00+09:00,2026-08-22T10:20:00+09:00,hs_lotteimallonetv,롯데원티비,[순수식품] ★방송에서만 반값세일★[5박스] 오가닉 퓨어 블루베리즙 5박스(20g*14포*5박스),★방송에서만 반값세일★ 오가닉 퓨어 블루베리즙 5박스,반값세일 오가닉 퓨어 블루베리즙,,과채주스/베리,블루베리,확정,반값세일 오가닉 퓨어 블루베리즙,식품,1,194,13560600,,,validated_paid,paid_schedule_api,2026-08-23T14:33:15.502810+09:00,,,1,2026-08-20T16:45:12.025714+09:00,2026-08-24T00:08:42.982636+09:00
c9e0042db0fbf10372f763a012537a10,2026-08-22,2026-08-22T09:20:00+09:00,2026-08-22T10:21:00+09:00,hs_nsmall,NS홈쇼핑,이시형마그네슘,이시형마그네슘,이시형 박사의 인생 마그네슘,이시형,영양제/미네랄,마그네슘,확정,이시형마그네슘,식품,3,857,237514000,,,validated_paid,paid_schedule_api,2026-08-23T14:33:15.502810+09:00,,,1,2026-08-20T16:45:12.025714+09:00,2026-08-24T00:08:42.982636+09:00
4629e02e2f2e1503e0e08ebd8c27d869,2026-08-22,2026-08-22T09:21:00+09:00,2026-08-22T10:22:00+09:00,hs_shinsegae,신세계쇼핑,조선호텔 열무얼갈이김치 2kg,조선호텔 열무얼갈이김치 2kg,조선호텔 열무얼갈이김치 2kg,,,,확인필요,조선호텔 열무얼갈이김치 2kg,식품,3,2639,148505400,,,validated_paid,paid_schedule_api,2026-08-23T14:33:15.502810+09:00,,,1,2026-08-22T00:18:39.611315+09:00,2026-08-24T00:08:42.982636+09:00
4ff1f528c847969390a753660d4b5f85,2026-08-22,2026-08-22T09:25:00+09:00,2026-08-22T10:25:00+09:00,hs_gongyoung,공영쇼핑,제주산 당찬여주 발효효소(10+1개월),제주산 당찬여주 발효효소,제주산 당찬여주 발효효소,,건강식품/혈당관리,,확정,제주산 당찬여주 발효효소,식품,2,1187,229376000,,,validated_paid,paid_schedule_api,2026-08-23T14:33:15.502810+09:00,,,1,2026-08-20T16:45:12.025714+09:00,2026-08-24T00:08:42.982636+09:00
c5b1efecd23925724de5f919795b88d7,2026-08-22,2026-08-22T09:35:00+09:00,2026-08-22T10:35:00+09:00,hs_shopntmall,쇼핑엔티,[방송에서만 10주분] 김오곤 원장의 한방(One Punch) 다이어트 환,김오곤 원장의 한방 다이어트 환,김오곤 원장의 한방 다이어트 환,김오곤,다이어트,한방 환,확정,김오곤 원장의 한방 다이어트 환,식품,1,492,48708000,,,validated_paid,paid_schedule_api,2026-08-23T14:33:15.502810+09:00,,,1,2026-08-20T16:45:12.025714+09:00,2026-08-24T00:08:42.982636+09:00
a37b17db8e8cb599877710593b517279,2026-08-22,2026-08-22T10:20:00+09:00,2026-08-22T11:25:00+09:00,hs_hnsmall,홈앤쇼핑,[방송에서만 총 10개월분]비에날씬프로 9병 (9개월분) +   슬림플러스 3박스 + 보랄 스팀에어프라이어,비에날씬프로 9병 + 슬림플러스 3박스 + 보랄 스팀에어프라이어,비에날씬 프로,비에날씬,다이어트 유산균,BNR17 유산균,확정,비에날씬프로,식품,3,224,105828000,,,validated_paid,paid_schedule_api,2026-08-23T14:33:15.502810+09:00,,,1,2026-08-20T17:37:07.987308+09:00,2026-08-24T00:08:42.982636+09:00
a4df7ecbd708b12c651aaf0de10be8ad,2026-08-22,2026-08-22T10:20:00+09:00,2026-08-22T11:21:00+09:00,hs_nsmall,NS홈쇼핑,경희보감침향달임액,경희보감침향달임액,경희보감침향달임액,,,,확인필요,경희보감침향달임액,식품,3,176,50840000,,,validated_paid,paid_schedule_api,2026-08-23T14:33:15.502810+09:00,,,1,2026-08-22T00:18:39.611315+09:00,2026-08-24T00:08:42.982636+09:00
b555152f92887edd0f4cb8a0e8bf07f7,2026-08-22,2026-08-22T10:20:00+09:00,2026-08-22T11:25:00+09:00,hs_hnsmall,홈앤쇼핑,[6개월분] 다이어트유산균BNR17 비에날씬프로 24주분,다이어트유산균BNR17 비에날씬프로 24주분,비에날씬 프로,비에날씬,다이어트 유산균,BNR17 유산균,확정,다이어트유산균BNR17 비에날씬프로,식품,1,,,,,missing,free_schedule_2350,2026-08-23T00:03:12.053514+09:00,,,,2026-08-20T16:45:12.025714+09:00,2026-08-20T16:45:12.025714+09:00
672a3c44a5c591da436c921f07382d4f,2026-08-22,2026-08-22T10:21:00+09:00,2026-08-22T11:21:00+09:00,hs_skstoa,SK스토아,(방송에서만 50프로세일)◀골드 파로효소 캡슐레이션 14박스 + 파로 5봉 + 무선 텀블러 블렌더▶ | 원산지 : 상품정보 참조,◀골드 파로효소 캡슐레이션 14박스 + 파로 5봉 + 무선 텀블러 블렌더▶ | 원산지 : 상품정보 참조,골드 파로효소,,건강식품/효소,효소,확정,골드파로효소,식품,1,690,164910000,,,validated_paid,paid_schedule_api,2026-08-23T14:33:15.502810+09:00,,,1,2026-08-20T16:45:12.025714+09:00,2026-08-24T00:08:42.982636+09:00
607f8c94d30f161f3479d2f11f20495d,2026-08-22,2026-08-22T10:22:00+09:00,2026-08-22T11:23:00+09:00,hs_shinsegae,신세계쇼핑,[방송에서만 8주분 더] 대원제약 모발콜라겐 3X 총 32주분,대원제약 모발콜라겐 3X 총 32주분,대원제약 모발콜라겐 3X 총 32주분,,,,미분류,,식품,2,836,160015000,,,validated_paid,paid_schedule_api,2026-08-23T14:33:15.502810+09:00,,,1,2026-08-20T16:45:12.025714+09:00,2026-08-24T00:08:42.982636+09:00
99316c0f159c224e1926bdfbcb48a778,2026-08-22,2026-08-22T10:25:00+09:00,2026-08-22T11:35:00+09:00,hs_gongyoung,공영쇼핑,"[가공수산 1등, 재구매율 1등]남가네 설악 추어탕 450g×12팩",남가네 설악 추어탕 450g×12팩,남가네 설악 추어탕 450g×12팩,,,,미분류,,식품,3,3107,123883300,,,validated_paid,paid_schedule_api,2026-08-23T14:33:15.502810+09:00,,,1,2026-08-20T16:45:12.025714+09:00,2026-08-24T00:08:42.982636+09:00
b4f533dd29859a3b510176e462425e64,2026-08-22,2026-08-22T10:35:00+09:00,2026-08-22T11:40:00+09:00,hs_lotteimall,롯데홈쇼핑,[대원제약] ●방송에서만[9+3박스]대원헬스 모발콜라겐3X 12박스 48주분(1박스:20mlX28포),●방송에서만 대원헬스 모발콜라겐3X 12박스 48주분,●방송에서만 대원헬스 모발콜라겐3X 12박스 48주분,,,,미분류,,식품,2,292,82746000,,,validated_paid,paid_schedule_api,2026-08-23T14:33:15.502810+09:00,,,1,2026-08-20T16:45:12.025714+09:00,2026-08-24T00:08:42.982636+09:00
ca2fc2fe3a38e13ea93b4607ff942529,2026-08-22,2026-08-22T10:35:00+09:00,2026-08-22T11:35:00+09:00,hs_shopntmall,쇼핑엔티,[50％세일] 닥터린 콘드로이친1200 콘레이티 +MBP +K2 12개월분 + 비타민K2 2박스,닥터린 콘드로이친1200 콘레이티 +MBP +K2 12개월분 + 비타민K2 2박스,닥터린 콘드로이친1200 콘레이티 +MBP +K2 12개월분 + 비타민K2 2박스,,,,미분류,,식품,2,269,42625500,,,validated_paid,paid_schedule_api,2026-08-23T14:33:15.502810+09:00,,,1,2026-08-20T16:45:12.025714+09:00,2026-08-24T00:08:42.982636+09:00
907e8ceb6c6abb29f6535f30c413bb36,2026-08-22,2026-08-22T10:40:00+09:00,2026-08-22T11:40:00+09:00,hs_hmallplus,현대홈쇼핑 플러스샵,-[에이스바이옴] 패밀리세트 비에날씬 (BNR17)12박스+비에날프로틴 3박스,- 패밀리세트 비에날씬 12박스+비에날프로틴 3박스,- 패밀리세트 비에날씬 12박스+비에날프로틴 3박스,,,,미분류,,식품,3,263,162861000,,,validated_paid,paid_schedule_api,2026-08-23T14:33:15.502810+09:00,,,1,2026-08-20T16:45:12.025714+09:00,2026-08-24T00:08:42.982636+09:00
d12243bd12f3606fbac916091aeeeb4d,2026-08-22,2026-08-22T11:35:00+09:00,2026-08-22T12:50:00+09:00,hs_gongyoung,공영쇼핑,2026 영월농협 태양초 햇 고춧가루 500g*4봉(2kg),2026 영월농협 태양초 햇 고춧가루 500g*4봉,2026 영월농협 태양초 햇 고춧가루 500g*4봉,,,,미분류,,식품,2,2742,331745400,,,validated_paid,paid_schedule_api,2026-08-23T14:33:15.502810+09:00,,,1,2026-08-20T16:45:12.025714+09:00,2026-08-24T00:08:42.982636+09:00
8f07ed79f0b6df36f5f62871c0e61b1f,2026-08-22,2026-08-22T11:40:00+09:00,2026-08-22T12:45:00+09:00,hs_lotteimall,롯데홈쇼핑,[비에날씬] ♥전고객 스텝퍼♥ 비에날 씬 프로 9개월 + 슬림플러스 3박스 + 천국의 계단 스텝퍼,♥전고객 스텝퍼♥ 비에날 씬 프로 9개월 + 슬림플러스 3박스 + 천국의 계단 스텝퍼,비에날씬 프로,비에날씬,다이어트 유산균,BNR17 유산균,확정,비에날씬프로,식품,3,155,79702000,,,validated_paid,paid_schedule_api,2026-08-23T14:33:15.502810+09:00,,,1,2026-08-20T16:45:12.025714+09:00,2026-08-24T00:08:42.982636+09:00
657a4b4a802aa54548e1f5619ab37194,2026-08-22,2026-08-22T12:21:00+09:00,2026-08-22T13:24:00+09:00,hs_nsmallshopplus,NS홈쇼핑 샵플러스,다모고구마1,다모고구마1,다모고구마1,,,,확인필요,다모고구마1,식품,1,1958,58544200,,,validated_paid,paid_schedule_api,2026-08-23T14:33:15.502810+09:00,,,1,2026-08-22T00:18:39.611315+09:00,2026-08-24T00:08:42.982636+09:00
8fa2ba42ae0544fc2b3ca1982cb3ac46,2026-08-22,2026-08-22T12:22:00+09:00,2026-08-22T13:23:00+09:00,hs_shinsegae,신세계쇼핑,조선호텔 포기김치 5kg+열무얼갈이김치 2kg,조선호텔 포기김치 5kg+열무얼갈이김치 2kg,조선호텔 포기김치 5kg+열무얼갈이김치 2kg,,,,미분류,,식품,2,,,,,missing,free_schedule_2350,2026-08-23T00:03:12.053542+09:00,,,,2026-08-20T16:45:12.025714+09:00,2026-08-21T00:20:08.740013+09:00
2592a5960ace7b869e07cdb0e679d2c9,2026-08-22,2026-08-22T12:31:00+09:00,2026-08-22T13:31:00+09:00,hs_kshop,KT알파쇼핑,황성주_생식,황성주_생식,황성주_생식,,,,미분류,,식품,1,,,,,missing,free_schedule_2350,2026-08-23T00:03:12.053545+09:00,,,,2026-08-20T16:45:12.025714+09:00,2026-08-21T00:20:08.740013+09:00
d141d80078c37d92898c86c83753f8e0,2026-08-22,2026-08-22T13:20:00+09:00,2026-08-22T14:40:00+09:00,hs_hmallplus,현대홈쇼핑 플러스샵,[2026년산 햇고추] 태양초 청결 햇 고춧가루 3kg(500g 6팩),태양초 청결 햇 고춧가루 3kg,태양초 청결 햇 고춧가루,,조미식품,고추,확정,태양초 청결 햇 고춧가루,식품,2,1209,111936300,,,validated_paid,paid_schedule_api,2026-08-23T14:33:15.502810+09:00,,,1,2026-08-22T00:18:39.611315+09:00,2026-08-24T00:08:42.982636+09:00
06b452b2d4b345b8679982c76377b6ad,2026-08-22,2026-08-22T14:00:00+09:00,2026-08-22T15:05:00+09:00,hs_gongyoung,공영쇼핑,[46장]예미정 직화 떡갈비,예미정 직화 떡갈비,예미정 직화 떡갈비,,,,확인필요,예미정 직화 떡갈비,식품,1,2926,146007400,,,validated_paid,paid_schedule_api,2026-08-23T14:33:15.502810+09:00,,,1,2026-08-20T19:03:13.498839+09:00,2026-08-24T00:08:42.982636+09:00
5186ab95783c99eb142d8a29bdd657b3,2026-08-22,2026-08-22T14:20:00+09:00,2026-08-22T15:20:00+09:00,hs_lotteimallonetv,롯데원티비,[방송에서만] 조리기능장 임성근의 특키로 도가니탕  1kg x12팩,조리기능장 임성근의 특키로 도가니탕 1kg x12팩,조리기능장 임성근의 특키로 도가니탕 1kg x12팩,,,,확인필요,조리기능장 임성근의 특키로 도가니탕 1kg x12팩,식품,1,398,23840200,,,validated_paid,paid_schedule_api,2026-08-23T14:33:15.502810+09:00,,,1,2026-08-20T19:03:13.498839+09:00,2026-08-24T00:08:42.982636+09:00
a58ea44154a9edb1e2e49ac7a8b14609,2026-08-22,2026-08-22T14:21:00+09:00,2026-08-22T15:42:00+09:00,hs_nsmallshopplus,NS홈쇼핑 샵플러스,유정임김치1,유정임김치1,유정임김치1,,,,미분류,,식품,1,2108,84109200,,,validated_paid,paid_schedule_api,2026-08-23T14:33:15.502810+09:00,,,1,2026-08-22T00:18:39.611315+09:00,2026-08-24T00:08:42.982636+09:00
5aae4dafc797382bc1746719defd237e,2026-08-22,2026-08-22T14:23:00+09:00,2026-08-22T15:23:00+09:00,hs_shinsegae,신세계쇼핑,26) 조선호텔 양념 LA갈비 400g X 8팩,26) 조선호텔 양념 LA갈비 400g X 8팩,26) 조선호텔 양념 LA갈비 400g X 8팩,,,,미분류,,식품,1,,,,,missing,free_schedule_2350,2026-08-23T00:03:12.053559+09:00,,,,2026-08-20T16:45:12.025714+09:00,2026-08-21T00:20:08.740013+09:00
89e6bb5db0bc7cf632efb90239c92136,2026-08-22,2026-08-22T14:23:00+09:00,2026-08-22T15:24:00+09:00,hs_shinsegae,신세계쇼핑,[방송에서만] 최현석 횡성축협한우 한돈한우 직화스테이크 160g*21팩(총 42장) [직],최현석 횡성축협한우 한돈한우 직화스테이크 160g*21팩,최현석 횡성축협한우 한돈한우 직화스테이크,최현석,육류,소고기/육류,확정,최현석 횡성축협한우 한돈한우 직화스테이크,식품,1,2528,151427200,,,validated_paid,paid_schedule_api,2026-08-23T14:33:15.502810+09:00,,,1,2026-08-22T00:18:39.611315+09:00,2026-08-24T00:08:42.982636+09:00
79cde77460f18f17eb9a2239d85efdf2,2026-08-22,2026-08-22T14:31:00+09:00,2026-08-22T15:33:00+09:00,hs_kshop,KT알파쇼핑,일동후디스_하이뮨,일동후디스_하이뮨,일동후디스_하이뮨,,,,미분류,,식품,2,108,45222000,,,validated_paid,paid_schedule_api,2026-08-23T14:33:15.502810+09:00,,,1,2026-08-22T00:18:39.611315+09:00,2026-08-24T00:08:42.982636+09:00
805467fe0999b3e3d0a98c5161bcf01f,2026-08-22,2026-08-22T15:15:00+09:00,2026-08-22T16:16:00+09:00,hs_nsmall,NS홈쇼핑,정관장홍삼활력플러스,정관장홍삼활력플러스,정관장 홍삼활력플러스,정관장,건강식품/홍삼,홍삼,확정,정관장홍삼활력플러스,식품,9,270,104596860,,,validated_paid,paid_schedule_api,2026-08-23T14:33:15.502810+09:00,,,1,2026-08-20T16:45:12.025714+09:00,2026-08-24T00:08:42.982636+09:00
6aca12b79005bbfedd460675270a0067,2026-08-22,2026-08-22T15:33:00+09:00,2026-08-22T16:33:00+09:00,hs_shopntmall,쇼핑엔티,(방송에서만 4팩 더!) 임성근의 국내산 특 키로갈비탕 1kg x 12팩 (총 12kg),임성근의 국내산 특 키로갈비탕 1kg x 12팩,임성근의 국내산 특 키로갈비탕 1kg x 12팩,,,,확인필요,임성근의 국내산 특 키로갈비탕 1kg x 12팩,식품,1,1992,119320800,,,validated_paid,paid_schedule_api,2026-08-23T14:33:15.502810+09:00,,,1,2026-08-22T00:18:39.611315+09:00,2026-08-24T00:08:42.982636+09:00
6f758744885aa4e4ac1551c69df5c559,2026-08-22,2026-08-22T15:38:00+09:00,2026-08-22T16:38:00+09:00,hs_gsshopmyshop,GS홈쇼핑 마이샵,산지애 아삭아삭 햇복숭아 총 9kg (3kg*3box),산지애 아삭아삭 햇복숭아 총 9kg,산지애 아삭아삭 햇복숭아,산지애,과일,복숭아,확정,산지애 아삭아삭 햇복숭아,식품,2,1510,90129000,,,validated_paid,paid_schedule_api,2026-08-23T14:33:15.502810+09:00,,,1,2026-08-20T16:45:12.025714+09:00,2026-08-24T00:08:42.982636+09:00
3d635ad2c5dfb604732ded87b92fec16,2026-08-22,2026-08-22T15:40:00+09:00,2026-08-22T16:40:00+09:00,hs_hmallplus,현대홈쇼핑 플러스샵,[방송에서 4팩더] 금산인삼 특 스지도가니탕 800g x 14팩 (10팩 + 4팩) ,금산인삼 특 스지도가니탕 800g x 14팩,금산인삼 특 스지도가니탕 800g x 14팩,,,,확인필요,금산인삼 특 스지도가니탕 800g x 14팩,식품,2,1486,89011400,,,validated_paid,paid_schedule_api,2026-08-23T14:33:15.502810+09:00,,,1,2026-08-22T00:18:39.611315+09:00,2026-08-24T00:08:42.982636+09:00
ce258d0bfeb16a6efcf0d372e42a7cb1,2026-08-22,2026-08-22T16:10:00+09:00,2026-08-22T17:20:00+09:00,hs_gongyoung,공영쇼핑,[바다성찬] 영광법성포 굴비 특대장대 90g×20미,영광법성포 굴비 특대장대 90g×20미,영광법성포 굴비 특대장대 90g×20미,,,,미분류,,식품,3,2460,196286000,,,validated_paid,paid_schedule_api,2026-08-23T14:33:15.502810+09:00,,,1,2026-08-20T16:45:12.025714+09:00,2026-08-24T00:08:42.982636+09:00
fb7e1a458d60a763918a432ca82686fa,2026-08-22,2026-08-22T16:15:00+09:00,2026-08-22T17:12:00+09:00,hs_nsmall,NS홈쇼핑,꽃게장,꽃게장,꽃게장,,,,확인필요,꽃게장,식품,1,4850,242015000,,,validated_paid,paid_schedule_api,2026-08-23T14:33:15.502810+09:00,,,1,2026-08-22T00:18:39.611315+09:00,2026-08-24T00:08:42.982636+09:00
430152ad9a66fa3c278b8f0ef04a51f5,2026-08-22,2026-08-22T16:21:00+09:00,2026-08-22T17:21:00+09:00,hs_skstoa,SK스토아,[방송에서만 50프로 세일][박소현 레몬즙]1일 1레몬 유기농 레몬즙 12박스 (20g*14포*12박스/168포) | 원산지 : 상품정보 참조,1일 1레몬 유기농 레몬즙 12박스 | 원산지 : 상품정보 참조,1일 1레몬 유기농 레몬즙,,과채주스,레몬,확정,1일 1레몬 유기농 레몬즙,식품,1,645,64435500,,,validated_paid,paid_schedule_api,2026-08-23T14:33:15.502810+09:00,,,1,2026-08-20T16:45:12.025714+09:00,2026-08-24T00:08:42.982636+09:00
ca163cb12cfc3ee307d7f4ff70080f2e,2026-08-22,2026-08-22T16:24:00+09:00,2026-08-22T17:25:00+09:00,hs_shinsegae,신세계쇼핑,[국민영양] 여에스더 포스파티딜세린 5개월분 ( 430mg x 30캡슐 x 10박스) + 블루베리퓨레 1박스,여에스더 포스파티딜세린 5개월분 + 블루베리퓨레 1박스,여에스더 포스파티딜세린 5개월분 + 블루베리퓨레 1박스,,,,미분류,,식품,9,1860,165540000,,,validated_paid,paid_schedule_api,2026-08-23T14:33:15.502810+09:00,,,1,2026-08-20T16:45:12.025714+09:00,2026-08-24T00:08:42.982636+09:00
df05572baa446f44e1bd4e99b3ea3017,2026-08-22,2026-08-22T16:33:00+09:00,2026-08-22T17:33:00+09:00,hs_shopntmall,쇼핑엔티,(방송에서만 3통 더) 정호영셰프의 맛좋은 백명란 400g x 5통 + 비빔용 백명란 100g x 3통,정호영셰프의 맛좋은 백명란 400g x 5통 + 비빔용 백명란 100g x 3통,정호영셰프의 맛좋은 백명란 400g x 5통 + 비빔용 백명란 100g x 3통,,,,미분류,,식품,1,2079,120374100,,,validated_paid,paid_schedule_api,2026-08-23T14:33:15.502810+09:00,,,1,2026-08-20T16:45:12.025714+09:00,2026-08-24T00:08:42.982636+09:00
23c9d958d5160b847278d4c38493d577,2026-08-22,2026-08-22T16:40:00+09:00,2026-08-22T17:40:00+09:00,hs_hmallplus,현대홈쇼핑 플러스샵,[2026년산 햇고추] 태양초 청결 햇 고춧가루 3kg(500g 6팩),태양초 청결 햇 고춧가루 3kg,태양초 청결 햇 고춧가루,,조미식품,고추,확정,태양초 청결 햇 고춧가루,식품,2,855,79347000,,,validated_paid,paid_schedule_api,2026-08-23T14:33:15.502810+09:00,,,1,2026-08-22T00:18:39.611315+09:00,2026-08-24T00:08:42.982636+09:00
2bacf6903cdd0ecb79dc65cb3526d660,2026-08-22,2026-08-22T17:10:00+09:00,2026-08-22T18:16:00+09:00,hs_nsmall,NS홈쇼핑,보넬드토마토주스,보넬드토마토주스,보넬드토마토주스,보넬드,과채주스,토마토,확정,보넬드토마토주스,식품,2,2207,132199300,,,validated_paid,paid_schedule_api,2026-08-23T14:33:15.502810+09:00,,,1,2026-08-20T16:45:12.025714+09:00,2026-08-24T00:08:42.982636+09:00
e4ca13c3c4acdbca5398467e17b16c6e,2026-08-22,2026-08-22T17:20:00+09:00,2026-08-22T18:30:00+09:00,hs_gongyoung,공영쇼핑,[30팩] 한우물 일품볶음밥 6종,한우물 일품볶음밥 6종,한우물 일품볶음밥 6종,,,,미분류,,식품,1,2552,129896800,,,validated_paid,paid_schedule_api,2026-08-23T14:33:15.502810+09:00,,,1,2026-08-20T16:45:12.025714+09:00,2026-08-24T00:08:42.982636+09:00
a3b138d80b42597a08d5f4abe86e3940,2026-08-22,2026-08-22T17:22:00+09:00,2026-08-22T18:23:00+09:00,hs_nsmallshopplus,NS홈쇼핑 샵플러스,삼육두유세트 1,삼육두유세트 1,삼육두유세트 1,,,,확인필요,삼육두유세트 1,식품,7,1240,54216000,,,validated_paid,paid_schedule_api,2026-08-23T14:33:15.502810+09:00,,,1,2026-08-22T00:18:39.611315+09:00,2026-08-24T00:08:42.982636+09:00
06edf1e37448fc1ecafc9b86348ec74c,2026-08-22,2026-08-22T17:24:00+09:00,2026-08-22T18:25:00+09:00,hs_shinsegae,신세계쇼핑,26) 조선호텔 양념 LA갈비 400g X 8팩,26) 조선호텔 양념 LA갈비 400g X 8팩,26) 조선호텔 양념 LA갈비 400g X 8팩,,,,미분류,,식품,1,743,96515700,,,validated_paid,paid_schedule_api,2026-08-23T14:33:15.502810+09:00,,,1,2026-08-22T00:18:39.611315+09:00,2026-08-24T00:08:42.982636+09:00
4adf13a7b77b0df560ac1acb23b9044c,2026-08-22,2026-08-22T17:32:00+09:00,2026-08-22T18:33:00+09:00,hs_kshop,KT알파쇼핑,임성근_갈비탕,임성근_갈비탕,임성근갈비탕,임성근,탕/간편식,소고기,확정,임성근갈비탕,식품,7,2617,156379300,,,validated_paid,paid_schedule_api,2026-08-23T14:33:15.502810+09:00,,,1,2026-08-22T00:18:39.611315+09:00,2026-08-24T00:08:42.982636+09:00
ed97bc78dac36bf583926a2deacaf0e5,2026-08-22,2026-08-22T17:32:00+09:00,2026-08-22T18:33:00+09:00,hs_shopntmall,쇼핑엔티,(방송에서만 1팩 더) 국내산 직화구이 무뼈닭발 9팩,국내산 직화구이 무뼈닭발 9팩,국내산 직화구이 무뼈닭발,,육류/간편식,닭,확정,국내산 직화구이 무뼈닭발,식품,2,1992,79480800,,,validated_paid,paid_schedule_api,2026-08-23T14:33:15.502810+09:00,,,1,2026-08-20T16:45:12.025714+09:00,2026-08-24T00:08:42.982636+09:00
1d3ebb779a9098824028e015b06832db,2026-08-22,2026-08-22T17:35:00+09:00,2026-08-22T18:36:00+09:00,hs_hmall,현대홈쇼핑,최명희 종가 전통 수제 햇 고추장 만들기세트(담금독 포함),최명희 종가 전통 수제 햇 고추장 만들기세트,최명희 종가 전통 수제 햇 고추장 만들기세트,,,,미분류,,식품,2,3000,271685000,,,validated_paid,paid_schedule_api,2026-08-23T14:33:15.502810+09:00,,,1,2026-08-20T16:45:12.025714+09:00,2026-08-24T00:08:42.982636+09:00
b90b89198d7b5f163f535a394c04e69c,2026-08-22,2026-08-22T17:40:00+09:00,2026-08-22T18:40:00+09:00,hs_hmallplus,현대홈쇼핑 플러스샵,(100%국내산) 오바다 국내산 손질 통오징어 280g x 7팩 총 14미 (팩당 2미),오바다 국내산 손질 통오징어 280g x 7팩 총 14미,오바다 국내산 손질 통오징어 280g x 7팩 총 14미,,,,미분류,,식품,1,1289,64321100,,,validated_paid,paid_schedule_api,2026-08-23T14:33:15.502810+09:00,,,1,2026-08-20T16:45:12.025714+09:00,2026-08-24T00:08:42.982636+09:00
12e59ae8d7fb7ec88bb2667e0e3d4bcc,2026-08-22,2026-08-22T17:45:00+09:00,2026-08-22T18:45:00+09:00,hs_cjonstyleplus,CJ온스타일 플러스,제주 은갈치 특대 20토막 총 5마리,제주 은갈치 특대 20토막 총 5마리,제주 은갈치 특대 20토막,,수산물,수산물,확정,제주 은갈치 특대 20토막,식품,1,1006,60259400,,,validated_paid,paid_schedule_api,2026-08-23T14:33:15.502810+09:00,,,1,2026-08-20T16:45:12.025714+09:00,2026-08-24T00:08:42.982636+09:00
a683c447571a41bc831328f2536787c1,2026-08-22,2026-08-22T18:00:00+09:00,2026-08-22T18:40:00+09:00,hs_lotteimallonetv,롯데원티비,[한복선] 한복선 영양한끼 궁중약밥 총 50개 (40g*25개*2박스),한복선 영양한끼 궁중약밥 총 50개,한복선 영양한끼 궁중약밥 총 50개,,,,미분류,,식품,1,401,15999900,,,validated_paid,paid_schedule_api,2026-08-23T14:33:15.502810+09:00,,,1,2026-08-20T16:45:12.025714+09:00,2026-08-24T00:08:42.982636+09:00
6bce7a8d8968585962aabd7a64e2af47,2026-08-22,2026-08-22T18:21:00+09:00,2026-08-22T19:21:00+09:00,hs_skstoa,SK스토아,에스클래스 그로우업 맥스 6개월분(20g*84포*2박스) | 원산지 : 상품정보 참조,에스클래스 그로우업 맥스 6개월분 | 원산지 : 상품정보 참조,에스클래스 그로우업 맥스 6개월분 | 원산지 : 상품정보 참조,,,,미분류,,식품,2,,,,,missing,free_schedule_2350,2026-08-23T00:03:12.053624+09:00,,,,2026-08-20T16:45:12.025714+09:00,2026-08-20T20:50:11.356351+09:00
c4e4fa99fee230d6afecdad1c707eb8d,2026-08-22,2026-08-22T18:21:00+09:00,2026-08-22T19:21:00+09:00,hs_skstoa,SK스토아,에스클래스 그로우업 맥스 6개월분(20g*84포*2박스) | 원산지 : 상품정보 참조,에스클래스 그로우업 맥스 6개월분 | 원산지 : 상품정보 참조,에스클래스 그로우업 맥스 6개월분 | 원산지 : 상품정보 참조,,,,미분류,,식품,2,22,21557000,,,validated_paid,paid_schedule_api,2026-08-23T14:33:15.502810+09:00,,,1,2026-08-20T17:37:07.987308+09:00,2026-08-24T00:08:42.982636+09:00
64adb473241d2b90f7b48fa36778588c,2026-08-22,2026-08-22T18:24:00+09:00,2026-08-22T19:25:00+09:00,hs_shinsegae,신세계쇼핑,제주 보우짱 미니 밤호박 9kg(과당 300~500g / 18~30개),제주 보우짱 미니 밤호박 9kg,제주 보우짱 미니 밤호박 9kg,,,,확인필요,제주 보우짱 미니 밤호박 9kg,식품,3,1512,41288800,,,validated_paid,paid_schedule_api,2026-08-23T14:33:15.502810+09:00,,,1,2026-08-22T00:18:39.611315+09:00,2026-08-24T00:08:42.982636+09:00
9bfb7041f44adf49551031cb6ff6a19d,2026-08-22,2026-08-22T18:30:00+09:00,2026-08-22T19:40:00+09:00,hs_gongyoung,공영쇼핑,햇 가족 의성眞 황도복숭아(말랑이) 4kg,햇 가족 의성眞 황도복숭아 4kg,햇 가족 의성眞 황도복숭아 4kg,,,,미분류,,식품,1,5841,174645900,,,validated_paid,paid_schedule_api,2026-08-23T14:33:15.502810+09:00,,,1,2026-08-20T16:45:12.025714+09:00,2026-08-24T00:08:42.982636+09:00
e36d2e94b45f611154e4a9b4ae44b7db,2026-08-22,2026-08-22T18:35:00+09:00,2026-08-22T19:25:00+09:00,hs_lotteimall,롯데홈쇼핑,[상담예약] 참좋은여행 나트랑/달랏 5일 패키지_노옵션,참좋은여행 나트랑/달랏 5일 패키지_노옵션,참좋은여행 나트랑/달랏 5일 패키지_노옵션,,,,확인필요,참좋은여행 나트랑/달랏 5일 패키지_노옵션,식품,1,0,0,,,validated_paid,paid_schedule_api,2026-08-23T14:33:15.502810+09:00,,,1,2026-08-22T00:18:39.611315+09:00,2026-08-24T00:08:42.982636+09:00
47c6ce98d93ca46a92f8f6f7e552fd63,2026-08-22,2026-08-22T18:40:00+09:00,2026-08-22T19:40:00+09:00,hs_hmallplus,현대홈쇼핑 플러스샵,[농할] 국내산 경북 햇 아삭이복숭아 5kg / 총 21∼25과 [방송에서만 이가격],국내산 경북 햇 아삭이복숭아 5kg / 총 21∼25과,국내산 경북 햇 아삭이복숭아 5kg / 총 21∼25과,,,,미분류,,식품,1,2352,93844800,,,validated_paid,paid_schedule_api,2026-08-23T14:33:15.502810+09:00,,,1,2026-08-20T16:45:12.025714+09:00,2026-08-24T00:08:42.982636+09:00
526da76a4f8726c2c9a9acea47625318,2026-08-22,2026-08-22T18:42:00+09:00,2026-08-22T19:44:00+09:00,hs_nsmallshopplus,NS홈쇼핑 샵플러스,더동진촉촉오징어1,더동진촉촉오징어1,더동진촉촉오징어1,,,,확인필요,더동진촉촉오징어1,식품,1,573,45782700,,,validated_paid,paid_schedule_api,2026-08-23T14:33:15.502810+09:00,,,1,2026-08-22T00:18:39.611315+09:00,2026-08-24T00:08:42.982636+09:00
86409686f56bd5014a2ec218fa890a27,2026-08-22,2026-08-22T19:40:00+09:00,2026-08-22T20:40:00+09:00,hs_gongyoung,공영쇼핑,[투어비스] 중국 청도_260822,중국 청도_260822,중국 청도_260822,,,,미분류,,식품,1,498,0,,,validated_paid,paid_schedule_api,2026-08-23T14:33:15.502810+09:00,,,1,2026-08-20T16:45:12.025714+09:00,2026-08-24T00:08:42.982636+09:00
9f9710389f87dbfe8b65cb5219cb4f08,2026-08-22,2026-08-22T19:42:00+09:00,2026-08-22T20:44:00+09:00,hs_nsmallshopplus,NS홈쇼핑 샵플러스,해통령육수분말1,해통령육수분말1,해통령육수분말1,,,,확인필요,해통령육수분말1,식품,1,796,39720400,,,validated_paid,paid_schedule_api,2026-08-23T14:33:15.502810+09:00,,,1,2026-08-22T00:18:39.611315+09:00,2026-08-24T00:08:42.982636+09:00
24919bc4d99984a096421d4e07de8a14,2026-08-22,2026-08-22T20:30:00+09:00,2026-08-22T21:35:00+09:00,hs_cjonstyle,CJ온스타일,[1등 생식] 황성주 박사의 라이프 밀 4박스+흔들컵1,황성주 박사의 라이프 밀 4박스+흔들컵1,황성주 박사의 라이프 밀 4박스+흔들컵1,,,,미분류,,식품,1,,,,,missing,free_schedule_2350,2026-08-23T00:03:12.053652+09:00,,,,2026-08-22T00:18:39.611315+09:00,2026-08-22T00:18:39.611315+09:00
990d994e0701de5fe58dbb0b579e5b91,2026-08-22,2026-08-22T20:30:00+09:00,2026-08-22T21:35:00+09:00,hs_cjonstyle,CJ온스타일,[방송에서만6+2+3]황성주 박사의 라이프밀 8박스+영양식 3박스+흔들컵2,황성주 박사의 라이프밀 8박스+영양식 3박스+흔들컵2,황성주 박사의 라이프밀 8박스+영양식 3박스+흔들컵2,,,,확인필요,황성주 박사의 라이프밀 8박스+영양식 3박스+흔들컵2,식품,2,894,265481000,,,validated_paid,paid_schedule_api,2026-08-23T14:33:15.502810+09:00,,,1,2026-08-23T00:03:04.304497+09:00,2026-08-24T00:08:42.982636+09:00
d49ddfbfaddb5c121eaa4a368b1ea9db,2026-08-22,2026-08-22T20:30:00+09:00,2026-08-22T21:35:00+09:00,hs_cjonstyle,CJ온스타일,[6박스] 황성주 박사의 라이프밀 14포 x 6박스+흔들컵1,황성주 박사의 라이프밀 14포 x 6박스+흔들컵1,황성주 박사의 라이프밀 14포 x 6박스+흔들컵1,,,,미분류,,식품,1,,,,,missing,free_schedule_2350,2026-08-23T00:03:12.053658+09:00,,,,2026-08-20T16:45:12.025714+09:00,2026-08-21T00:20:08.740013+09:00
7a936a350e0c7959deea0ee9089c1643,2026-08-22,2026-08-22T20:40:00+09:00,2026-08-22T21:40:00+09:00,hs_gongyoung,공영쇼핑,해남 땅끝마을 포기김치9kg+총각김치2kg+보리열무김치1kg(총12kg),해남 땅끝마을 포기김치9kg+총각김치2kg+보리열무김치1kg,해남 땅끝마을 포기김치9kg+총각김치2kg+보리열무김치1kg,,,,미분류,,식품,2,4460,209174000,,,validated_paid,paid_schedule_api,2026-08-23T14:33:15.502810+09:00,,,1,2026-08-20T16:45:12.025714+09:00,2026-08-24T00:08:42.982636+09:00
cfe84ac70bfaaf1a3e3adddf94896303,2026-08-22,2026-08-22T20:40:00+09:00,2026-08-22T21:46:00+09:00,hs_nsmall,NS홈쇼핑,뉴밋올리브오일,뉴밋올리브오일,뉴밋 유기농 엑스트라버진 올리브오일,뉴밋,오일,올리브,확정,뉴밋올리브오일,식품,7,1424,140792900,,,validated_paid,paid_schedule_api,2026-08-23T14:33:15.502810+09:00,,,1,2026-08-20T16:45:12.025714+09:00,2026-08-24T00:08:42.982636+09:00
467aa9a852a2fd09060736bb4057dafc,2026-08-22,2026-08-22T20:43:00+09:00,2026-08-22T21:45:00+09:00,hs_nsmallshopplus,NS홈쇼핑 샵플러스,못난이사과1,못난이사과1,못난이사과1,,,,미분류,,식품,1,1614,64398600,,,validated_paid,paid_schedule_api,2026-08-23T14:33:15.502810+09:00,,,1,2026-08-22T00:18:39.611315+09:00,2026-08-24T00:08:42.982636+09:00
32e5eccb9357b1071a6fa9a0b3588937,2026-08-22,2026-08-22T20:45:00+09:00,2026-08-22T21:45:00+09:00,hs_cjonstyleplus,CJ온스타일 플러스,프리미엄 메이플견과 1박스 (20봉),프리미엄 메이플견과 1박스,프리미엄 메이플견과 1박스,,,,미분류,,식품,1,,,,,missing,free_schedule_2350,2026-08-23T00:03:12.053670+09:00,,,,2026-08-20T16:45:12.025714+09:00,2026-08-21T00:20:08.740013+09:00
56f61816df205f8be731adeaa24f9c87,2026-08-22,2026-08-22T20:45:00+09:00,2026-08-22T21:45:00+09:00,hs_cjonstyleplus,CJ온스타일 플러스,프리미엄 메이플 견과 4박스+정과 1세트 더,프리미엄 메이플 견과 4박스+정과 1세트 더,프리미엄 메이플 견과 4박스+정과 1세트 더,,,,확인필요,프리미엄 메이플 견과 4박스+정과 1세트 더,식품,2,1188,128883600,,,validated_paid,paid_schedule_api,2026-08-23T14:33:15.502810+09:00,,,1,2026-08-22T00:18:39.611315+09:00,2026-08-24T00:08:42.982636+09:00
f805e7968fdd80e46c915f65e40ee4c2,2026-08-22,2026-08-22T21:35:00+09:00,2026-08-22T22:50:00+09:00,hs_gsshop,GS홈쇼핑,종가 중부식 포기김치5.2kg+전라도식 포기김치5.2kg+파김치300g,종가 중부식 포기김치5.2kg+전라도식 포기김치5.2kg+파김치300g,종가 중부식 포기김치5.2kg+전라도식 포기김치5.2kg+파김치300g,,,,확인필요,종가 중부식 포기김치5.2kg+전라도식 포기김치5.2kg+파김치300g,식품,3,3857,308174300,,,validated_paid,paid_schedule_api,2026-08-23T14:33:15.502810+09:00,,,1,2026-08-20T16:45:12.025714+09:00,2026-08-24T00:08:42.982636+09:00
89c640bc42ca17b1d899b05e3e54871c,2026-08-22,2026-08-22T21:40:00+09:00,2026-08-22T22:45:00+09:00,hs_gongyoung,공영쇼핑,26년 가족의성眞 세척사과 홍로4.5kg,26년 가족의성眞 세척사과 홍로4.5kg,26년 가족의성眞 세척사과 홍로4.5kg,,,,미분류,,식품,1,2957,115027300,,,validated_paid,paid_schedule_api,2026-08-23T14:33:15.502810+09:00,,,1,2026-08-20T16:45:12.025714+09:00,2026-08-24T00:08:42.982636+09:00
26da54e9b3a5c48d82b346812bf7739e,2026-08-22,2026-08-22T22:26:00+09:00,2026-08-22T23:27:00+09:00,hs_shinsegae,신세계쇼핑,"[*빛나는제주] 제주도 3박4일 19만9천원부터, 항공+호텔 3박+식사7회 포함!!","제주도 3박4일 19만9천원부터, 항공+호텔 3박+식사7회 포함!!","제주도 3박4일 19만9천원부터, 항공+호텔 3박+식사7회 포함!!",,,,미분류,,식품,1,3742,0,,,validated_paid,paid_schedule_api,2026-08-23T14:33:15.502810+09:00,,,1,2026-08-20T16:45:12.025714+09:00,2026-08-24T00:08:42.982636+09:00
4faec145da169129363e6e5928d90034,2026-08-22,2026-08-22T22:43:00+09:00,2026-08-22T23:44:00+09:00,hs_nsmallshopplus,NS홈쇼핑 샵플러스,나주배1,나주배1,나주배1,,,,확인필요,나주배1,식품,1,1264,37793600,,,validated_paid,paid_schedule_api,2026-08-23T14:33:15.502810+09:00,,,1,2026-08-22T00:18:39.611315+09:00,2026-08-24T00:08:42.982636+09:00
84983c230ee44eb2d7f6cf91be5327e2,2026-08-22,2026-08-22T22:50:00+09:00,2026-08-22T23:50:00+09:00,hs_hnsmall,홈앤쇼핑,[NO팁 NO옵션] 프리미엄 북해도 4일(호텔 대게뷔페 포함/시내 1박+천연온천호텔 2박),프리미엄 북해도 4일,프리미엄 북해도 4일,,,,확인필요,프리미엄 북해도 4일,식품,1,683,0,,,validated_paid,paid_schedule_api,2026-08-23T14:33:15.502810+09:00,,,1,2026-08-22T00:18:39.611315+09:00,2026-08-24T00:08:42.982636+09:00
cc3ddf5043f32ec4af4e0d1e62cbe3e2,2026-08-22,2026-08-22T22:50:00+09:00,2026-08-22T23:57:00+09:00,hs_nsmall,NS홈쇼핑,알렉스그릭요거트,알렉스그릭요거트,알렉스그릭요거트,,,,미분류,,식품,3,1279,134391000,,,validated_paid,paid_schedule_api,2026-08-23T14:33:15.502810+09:00,,,1,2026-08-20T16:45:12.025714+09:00,2026-08-24T00:08:42.982636+09:00
43e19cb078226319c61170dfae93f155,2026-08-22,2026-08-22T23:21:00+09:00,2026-08-23T00:00:00+09:00,hs_skstoa,SK스토아,[방송에서만] 프리미엄 오한진의 백세알부민 4박스(120병)+백세알부민 활력 365 8박스(240포) | 원산지 : 상품정보 참조,프리미엄 오한진의 백세알부민 4박스 +백세알부민 활력 365 8박스 | 원산지 : 상품정보 참조,프리미엄 오한진의 백세알부민 4박스 +백세알부민 활력 365 8박스 | 원산지 : 상품정보 참조,,,,확인필요,프리미엄 오한진의 백세알부민 4박스 +백세알부민 활력 365 8박스 | 원산지 : 상품정보 참조,식품,2,28,7224000,85,77,final,free_detail_nextday,2026-08-24T00:08:44.752116+09:00,success,2026-08-24T00:08:44.750079+09:00,1,2026-08-23T00:03:04.304497+09:00,2026-08-24T00:08:42.982636+09:00
9f6d9a05ffc4a4202bb7b293581c2c12,2026-08-22,2026-08-22T23:21:00+09:00,2026-08-23T00:21:00+09:00,hs_skstoa,SK스토아,[방송에서만] 프리미엄 오한진의 백세알부민 4박스(120병)+백세알부민 활력 365 8박스(240포) | 원산지 : 상품정보 참조,프리미엄 오한진의 백세알부민 4박스 +백세알부민 활력 365 8박스 | 원산지 : 상품정보 참조,프리미엄 오한진의 백세알부민 4박스 +백세알부민 활력 365 8박스 | 원산지 : 상품정보 참조,,,,확인필요,프리미엄 오한진의 백세알부민 4박스 +백세알부민 활력 365 8박스 | 원산지 : 상품정보 참조,식품,2,,,,,needs_manual,free_schedule_2350,2026-08-23T00:03:12.053713+09:00,sales_not_found,2026-08-24T00:08:46.284250+09:00,,2026-08-22T00:18:39.611315+09:00,2026-08-22T00:18:39.611315+09:00
86def49a90a8d38c358a598a38cf1a3f,2026-08-22,2026-08-22T23:40:00+09:00,2026-08-23T00:40:00+09:00,hs_nsmallshopplus,NS홈쇼핑 샵플러스,굴비1,굴비1,굴비1,,수산물,굴비,확인필요,굴비1,식품,2,,,,,needs_manual,free_schedule_2350,2026-08-23T00:03:12.053716+09:00,request_failed:HTTPError,2026-08-24T00:08:47.720726+09:00,,2026-08-20T16:45:12.025714+09:00,2026-08-21T00:20:08.740013+09:00
0f1894b1017607db8c9412e96b0b3853,2026-08-22,2026-08-22T23:43:00+09:00,2026-08-23T00:44:00+09:00,hs_nsmallshopplus,NS홈쇼핑 샵플러스,굴비1,굴비1,굴비1,,수산물,굴비,확인필요,굴비1,식품,2,687,27411300,37,60,final,free_detail_nextday,2026-08-24T00:08:49.257930+09:00,success,2026-08-24T00:08:49.256227+09:00,1,2026-08-22T00:18:39.611315+09:00,2026-08-24T00:08:42.982636+09:00
4523418bb0c5865ffdd5e59e2db3164d,2026-08-22,2026-08-22T23:45:00+09:00,2026-08-23T00:45:00+09:00,hs_cjonstyleplus,CJ온스타일 플러스,이바라 유기농 엑스트라버진올리브오일 500ml*5병,이바라 유기농 엑스트라버진올리브오일 500ml*5병,이바라 유기농 엑스트라버진올리브오일 500ml*5병,,,,미분류,,식품,1,688,50093280,36,45,final,free_detail_nextday,2026-08-24T00:08:50.789605+09:00,success,2026-08-24T00:08:50.787943+09:00,1,2026-08-20T16:45:12.025714+09:00,2026-08-24T00:08:42.982636+09:00
cdd2ed6c5f6f76b8f580892f3d91013e,2026-08-23,2026-08-23T00:21:00+09:00,2026-08-23T01:21:00+09:00,hs_skstoa,SK스토아,(방송에서만 50프로세일)★골드 파로효소 캡슐레이션 10박스 + 무선 텀블러 블렌더★ | 원산지 : 상품정보 참조,★골드 파로효소 캡슐레이션 10박스 + 무선 텀블러 블렌더★ | 원산지 : 상품정보 참조,골드 파로효소,,건강식품/효소,효소,확정,골드파로효소,식품,1,166,29714000,,,validated_paid,paid_schedule_api,2026-08-24T09:51:37.230635+09:00,,,1,2026-08-20T16:45:12.228207+09:00,2026-08-24T09:54:18.987653+09:00
0b20a2980040205f4e4ae268c5df94da,2026-08-23,2026-08-23T00:27:00+09:00,2026-08-23T01:27:00+09:00,hs_shinsegae,신세계쇼핑,데이즈온 그린 아세로라C 16박스 (1.5g x 14포 x 16박스),데이즈온 그린 아세로라C 16박스,그린 아세로라 C,,건강식품/비타민,아세로라,확정,그린 아세로라 C,식품,2,153,35253000,,,validated_paid,paid_schedule_api,2026-08-24T09:51:37.230635+09:00,,,1,2026-08-20T16:45:12.228207+09:00,2026-08-24T09:54:18.987653+09:00
9823907ab41ac106e9fd1ad2e1803b98,2026-08-23,2026-08-23T00:40:00+09:00,2026-08-23T01:00:00+09:00,hs_hmallplus,현대홈쇼핑 플러스샵,난각번호 1번 무항생제 유정란 대란 40구_파손보장,난각번호 1번 무항생제 유정란 대란 40구_파손보장,난각번호 1번 무항생제 유정란 대란 40구_파손보장,,,,미분류,,식품,1,314,8446600,,,validated_paid,paid_schedule_api,2026-08-24T09:51:37.230635+09:00,,,1,2026-08-20T17:37:08.513202+09:00,2026-08-24T09:54:18.987653+09:00
7b7e0a63418d3acf9359cb0f11982d33,2026-08-23,2026-08-23T00:44:00+09:00,2026-08-23T01:45:00+09:00,hs_nsmallshopplus,NS홈쇼핑 샵플러스,갈비탕1,갈비탕1,갈비탕1,,,,미분류,,식품,1,373,22342700,,,validated_paid,paid_schedule_api,2026-08-24T09:51:37.230635+09:00,,,1,2026-08-22T00:18:40.734118+09:00,2026-08-24T09:54:18.987653+09:00
20af53ffcc07fbcb52ba2892307920e6,2026-08-23,2026-08-23T01:00:00+09:00,2026-08-23T02:00:00+09:00,hs_cjonstyle,CJ온스타일,포모라인 다이어트 extra 90정*6박스,포모라인 다이어트 extra 90정*6박스,포모라인 다이어트 extra 90정*6박스,,,,미분류,,식품,2,92,34848000,,,validated_paid,paid_schedule_api,2026-08-24T09:51:37.230635+09:00,,,1,2026-08-20T16:45:12.228207+09:00,2026-08-24T09:54:18.987653+09:00
47a8b3b508bfcc7c70b8f5b92fdc3586,2026-08-23,2026-08-23T01:00:00+09:00,2026-08-23T01:40:00+09:00,hs_hmallplus,현대홈쇼핑 플러스샵,[반값세일][셀렉스] 프로틴 고소한맛 304gx5캔+보틀1개,프로틴 고소한맛 304gx5캔+보틀1개,프로틴 고소한맛 304gx5캔 보틀1개,,단백질/프로틴,단백질,확정,프로틴 고소한맛 304gx5캔 보틀1개,식품,1,104,9349600,,,validated_paid,paid_schedule_api,2026-08-24T09:51:37.230635+09:00,,,1,2026-08-20T16:45:12.228207+09:00,2026-08-24T09:54:18.987653+09:00
93fc13333a2c17a84d4d24fc4088acf8,2026-08-23,2026-08-23T01:00:00+09:00,2026-08-23T02:00:00+09:00,hs_hnsmall,홈앤쇼핑,[방송에서만 1만원 할인][더블]데이즈온 그린 아세로라C 16박스(1.5g x 14포 x 16박스),데이즈온 그린 아세로라C 16박스,그린 아세로라 C,,건강식품/비타민,아세로라,확정,그린 아세로라 C,식품,2,220,52007000,,,validated_paid,paid_schedule_api,2026-08-24T09:51:37.230635+09:00,,,1,2026-08-20T16:45:12.228207+09:00,2026-08-24T09:54:18.987653+09:00
c8bbe481889cf9e270420fa88ddd3823,2026-08-23,2026-08-23T01:00:00+09:00,2026-08-23T02:00:00+09:00,hs_gongyoung,공영쇼핑,[양평서울해장국큰아들집] 양평서울 한우해내탕 700g*8팩,양평서울 한우해내탕 700g*8팩,양평서울 한우해내탕 700g*8팩,,,,미분류,,식품,1,973,38822700,,,validated_paid,paid_schedule_api,2026-08-24T09:51:37.230635+09:00,,,1,2026-08-20T16:45:12.228207+09:00,2026-08-24T09:54:18.987653+09:00
0c49c995730f48588082ac7ffc43e953,2026-08-23,2026-08-23T01:05:00+09:00,2026-08-23T02:00:00+09:00,hs_gsshop,GS홈쇼핑,도투락 프리메로 야생 빌베리 퓨레 100% 8박스+4박스(방송에서만) 총 12박스 (1박스 10포),도투락 프리메로 야생 빌베리 퓨레 100% 8박스+4박스 총 12박스,도투락 프리메로 야생 빌베리 퓨레,프리메로,기타 식품,,확정,도투락 프리메로 야생 빌베리 퓨레,식품,2,79,14847000,,,validated_paid,paid_schedule_api,2026-08-24T09:51:37.230635+09:00,,,1,2026-08-20T16:45:12.228207+09:00,2026-08-24T09:54:18.987653+09:00
fb8277b8e5f622606f0edae6dba91171,2026-08-23,2026-08-23T01:21:00+09:00,2026-08-23T02:01:00+09:00,hs_skstoa,SK스토아,(방송에서만 50프로세일)★골드 파로효소 캡슐레이션 10박스 + 무선 텀블러 블렌더★ | 원산지 : 상품정보 참조,★골드 파로효소 캡슐레이션 10박스 + 무선 텀블러 블렌더★ | 원산지 : 상품정보 참조,골드 파로효소,,건강식품/효소,효소,확정,골드파로효소,식품,1,126,22554000,,,validated_paid,paid_schedule_api,2026-08-24T09:51:37.230635+09:00,,,1,2026-08-20T16:45:12.228207+09:00,2026-08-24T09:54:18.987653+09:00
5ae1757829041e011084f0de1b7e3a47,2026-08-23,2026-08-23T01:27:00+09:00,2026-08-23T01:38:00+09:00,hs_shinsegae,신세계쇼핑,[방송에서만] 한끼든든 장어탕 350g x 8팩 + 1팩 더 (총 9팩),한끼든든 장어탕 350g x 8팩 + 1팩 더,한끼든든 장어탕 350g x 8팩 + 1팩 더,,,,미분류,,식품,2,36,1796400,,,validated_paid,paid_schedule_api,2026-08-24T09:51:37.230635+09:00,,,1,2026-08-20T16:45:12.228207+09:00,2026-08-24T09:54:18.987653+09:00
ecc0c9fb5114c003e3b74673546727e4,2026-08-23,2026-08-23T01:31:00+09:00,2026-08-23T02:31:00+09:00,hs_shopntmall,쇼핑엔티,[방송에서만 바질햄치즈 4팩 더] 베키아에누보 치아바타 샌드위치 총 24개(바질모짜3+바질토마토9+올리브치아바타8+바질햄치즈4),베키아에누보 치아바타 샌드위치 총 24개,베키아에누보 치아바타 샌드위치 총 24개,,,,미분류,,식품,1,273,16352700,,,validated_paid,paid_schedule_api,2026-08-24T09:51:37.230635+09:00,,,1,2026-08-20T16:45:12.228207+09:00,2026-08-24T09:54:18.987653+09:00
43f39383469f4f34be5159fbdcf15f22,2026-08-23,2026-08-23T01:44:00+09:00,2026-08-23T02:01:00+09:00,hs_nsmallshopplus,NS홈쇼핑 샵플러스,손질전복1,손질전복1,손질전복1,,,,확인필요,손질전복1,식품,2,105,4189500,,,validated_paid,paid_schedule_api,2026-08-24T09:51:37.230635+09:00,,,1,2026-08-22T00:18:40.734118+09:00,2026-08-24T09:54:18.987653+09:00
7f4d12ec5a887de43e48b76cae84d943,2026-08-23,2026-08-23T02:00:00+09:00,2026-08-23T03:12:00+09:00,hs_nsmall,NS홈쇼핑,히트상품 앵콜방송 2부,히트상품 앵콜방송 2부,히트상품 앵콜방송 2부,,,,미분류,,식품,4,541,19345600,,,validated_paid,paid_schedule_api,2026-08-24T09:51:37.230635+09:00,,,1,2026-08-20T16:45:12.228207+09:00,2026-08-24T09:54:18.987653+09:00
a65b95ce91088152014532357522871c,2026-08-23,2026-08-23T02:00:00+09:00,2026-08-23T02:41:00+09:00,hs_nsmallshopplus,NS홈쇼핑 샵플러스,손질전복2,손질전복2,손질전복2,,,,확인필요,손질전복2,식품,2,312,12448800,,,validated_paid,paid_schedule_api,2026-08-24T09:51:37.230635+09:00,,,1,2026-08-22T00:18:40.734118+09:00,2026-08-24T09:54:18.987653+09:00
ed7401ef3b9b7fdb44b301fbb09eb2d1,2026-08-23,2026-08-23T02:20:00+09:00,2026-08-23T02:30:00+09:00,hs_hmallplus,현대홈쇼핑 플러스샵,100% 서해안 자연산 손질 대하 총100마리,100% 서해안 자연산 손질 대하 총100마리,서해안 자연산 손질 대하,,수산물,수산물,확정,서해안 자연산 손질 대하,식품,1,98,3910200,,,validated_paid,paid_schedule_api,2026-08-24T09:51:37.230635+09:00,,,1,2026-08-20T16:45:12.228207+09:00,2026-08-24T09:54:18.987653+09:00
2c0294ba6cb8d3f0239dd08d15099ed7,2026-08-23,2026-08-23T02:30:00+09:00,2026-08-23T03:10:00+09:00,hs_hmallplus,현대홈쇼핑 플러스샵,[방송에서만][총18인분] 47년 강릉 노포맛집 동해막국수 비빔 9팩+물 9팩,47년 강릉 노포맛집 동해막국수 비빔 9팩+물 9팩,47년 강릉 노포맛집 동해막국수 비빔 9팩+물 9팩,,,,확인필요,47년 강릉 노포맛집 동해막국수 비빔 9팩+물 9팩,식품,1,149,5349100,,,validated_paid,paid_schedule_api,2026-08-24T09:51:37.230635+09:00,,,1,2026-08-22T00:18:40.734118+09:00,2026-08-24T09:54:18.987653+09:00
7e001accb30b16a56f53c51d76855270,2026-08-23,2026-08-23T02:35:00+09:00,2026-08-23T02:45:00+09:00,hs_cjonstyleplus,CJ온스타일 플러스,호주직수입 베지 크리스프 오리지널 * 2봉+브로콜리 플로렛츠 * 2봉+표고버섯 크리스프 * 2봉+ 스냅피 * 2봉,호주직수입 베지 크리스프 오리지널 * 2봉+브로콜리 플로렛츠 * 2봉+표고버섯 크리스프 * 2봉+ 스냅피 * 2봉,호주직수입 베지 크리스프 오리지널 * 2봉+브로콜리 플로렛츠 * 2봉+표고버섯 크리스프 * 2봉+ 스냅피 * 2봉,,,,확인필요,호주직수입 베지 크리스프 오리지널 * 2봉+브로콜리 플로렛츠 * 2봉+표고버섯 크리스프 * 2봉+ 스냅피 * 2봉,식품,1,5,299500,,,validated_paid,paid_schedule_api,2026-08-24T09:51:37.230635+09:00,,,1,2026-08-20T19:03:15.331106+09:00,2026-08-24T09:54:18.987653+09:00
24d1ee243132b579de4dd044116f64d9,2026-08-23,2026-08-23T02:44:00+09:00,2026-08-23T02:49:00+09:00,hs_lotteimallonetv,롯데원티비,[대원제약] △[6박스]대원헬스 마그네슘킹 6박스(1박스:30mlX14병),△ 대원헬스 마그네슘킹 6박스,△ 대원헬스 마그네슘킹 6박스,,,,확인필요,△ 대원헬스 마그네슘킹 6박스,식품,1,0,0,,,validated_paid,paid_schedule_api,2026-08-24T09:51:37.230635+09:00,,,1,2026-08-22T00:18:40.734118+09:00,2026-08-24T09:54:18.987653+09:00
4356004e34d1de2893d44c0aa15933e7,2026-08-23,2026-08-23T02:45:00+09:00,2026-08-23T02:50:00+09:00,hs_lotteimallonetv,롯데원티비,[대원제약] △[6박스]대원헬스 마그네슘킹 6박스(1박스:30mlX14병),△ 대원헬스 마그네슘킹 6박스,△ 대원헬스 마그네슘킹 6박스,,,,확인필요,△ 대원헬스 마그네슘킹 6박스,식품,1,,,,,missing,free_schedule_2350,2026-08-24T00:08:56.671490+09:00,,,,2026-08-20T19:03:15.331106+09:00,2026-08-21T00:20:11.105409+09:00
3ed628abc8e202b90c6a986d2fccafc6,2026-08-23,2026-08-23T02:49:00+09:00,2026-08-23T02:54:00+09:00,hs_lotteimallonetv,롯데원티비,[대원제약] □[6박스]대원헬스 마그네슘킹 6박스(1박스:30mlX14병),□ 대원헬스 마그네슘킹 6박스,□ 대원헬스 마그네슘킹 6박스,,,,확인필요,□ 대원헬스 마그네슘킹 6박스,식품,1,0,0,,,validated_paid,paid_schedule_api,2026-08-24T09:51:37.230635+09:00,,,1,2026-08-22T00:18:40.734118+09:00,2026-08-24T09:54:18.987653+09:00
0fd54f0ee103f3a543e9a4c5f949c564,2026-08-23,2026-08-23T02:50:00+09:00,2026-08-23T02:55:00+09:00,hs_lotteimallonetv,롯데원티비,[대원제약] □[6박스]대원헬스 마그네슘킹 6박스(1박스:30mlX14병),□ 대원헬스 마그네슘킹 6박스,□ 대원헬스 마그네슘킹 6박스,,,,확인필요,□ 대원헬스 마그네슘킹 6박스,식품,1,,,,,missing,free_schedule_2350,2026-08-24T00:08:56.671495+09:00,,,,2026-08-20T19:03:15.331106+09:00,2026-08-21T00:20:11.105409+09:00
59ed9f34d45308578f8170a4e434fb12,2026-08-23,2026-08-23T02:54:00+09:00,2026-08-23T03:01:00+09:00,hs_lotteimallonetv,롯데원티비,[핫딜] 베지밀 검은콩 고칼슘 두유 190ml x 48팩,베지밀 검은콩 고칼슘 두유 190ml x 48팩,베지밀 검은콩 고칼슘 두유 190ml x 48팩,,,,미분류,,식품,1,2,59000,,,validated_paid,paid_schedule_api,2026-08-24T09:51:37.230635+09:00,,,1,2026-08-22T00:18:40.734118+09:00,2026-08-24T09:54:18.987653+09:00
e3f603a36a5ceb79d1b7ffe828e07a2a,2026-08-23,2026-08-23T02:55:00+09:00,2026-08-23T03:00:00+09:00,hs_lotteimallonetv,롯데원티비,[핫딜] 베지밀 검은콩 고칼슘 두유 190ml x 48팩,베지밀 검은콩 고칼슘 두유 190ml x 48팩,베지밀 검은콩 고칼슘 두유 190ml x 48팩,,,,미분류,,식품,1,,,,,missing,free_schedule_2350,2026-08-24T00:08:56.671499+09:00,,,,2026-08-20T16:45:12.228207+09:00,2026-08-21T00:20:11.105409+09:00
10a50d3de492e6d917afcf6e366a64e8,2026-08-23,2026-08-23T03:00:00+09:00,2026-08-23T03:05:00+09:00,hs_lotteimallonetv,롯데원티비,[대원제약] ▽[6박스]대원헬스 마그네슘킹 6박스(1박스:30mlX14병),▽ 대원헬스 마그네슘킹 6박스,▽ 대원헬스 마그네슘킹 6박스,,,,확인필요,▽ 대원헬스 마그네슘킹 6박스,식품,1,,,,,missing,free_schedule_2350,2026-08-24T00:08:56.671501+09:00,,,,2026-08-20T19:03:15.331106+09:00,2026-08-21T00:20:11.105409+09:00
3273772ccd768c504d9856b1bb9a2a0d,2026-08-23,2026-08-23T03:01:00+09:00,2026-08-23T03:06:00+09:00,hs_lotteimallonetv,롯데원티비,[대원제약] ▽[6박스]대원헬스 마그네슘킹 6박스(1박스:30mlX14병),▽ 대원헬스 마그네슘킹 6박스,▽ 대원헬스 마그네슘킹 6박스,,,,확인필요,▽ 대원헬스 마그네슘킹 6박스,식품,1,0,0,,,validated_paid,paid_schedule_api,2026-08-24T09:51:37.230635+09:00,,,1,2026-08-22T00:18:40.734118+09:00,2026-08-24T09:54:18.987653+09:00
b3557c37392be77b5a019d971a48ee15,2026-08-23,2026-08-23T03:05:00+09:00,2026-08-23T03:15:00+09:00,hs_cjonstyleplus,CJ온스타일 플러스,호주직수입 베지 크리스프 오리지널 * 2봉+브로콜리 플로렛츠 * 2봉+표고버섯 크리스프 * 2봉+ 스냅피 * 2봉,호주직수입 베지 크리스프 오리지널 * 2봉+브로콜리 플로렛츠 * 2봉+표고버섯 크리스프 * 2봉+ 스냅피 * 2봉,호주직수입 베지 크리스프 오리지널 * 2봉+브로콜리 플로렛츠 * 2봉+표고버섯 크리스프 * 2봉+ 스냅피 * 2봉,,,,확인필요,호주직수입 베지 크리스프 오리지널 * 2봉+브로콜리 플로렛츠 * 2봉+표고버섯 크리스프 * 2봉+ 스냅피 * 2봉,식품,1,6,359400,,,validated_paid,paid_schedule_api,2026-08-24T09:51:37.230635+09:00,,,1,2026-08-20T19:03:15.331106+09:00,2026-08-24T09:54:18.987653+09:00
bfe43d2d5b7505b18b24749f48c64ba6,2026-08-23,2026-08-23T03:05:00+09:00,2026-08-23T03:10:00+09:00,hs_lotteimallonetv,롯데원티비,[대원제약] □[6박스]대원헬스 마그네슘킹 6박스(1박스:30mlX14병),□ 대원헬스 마그네슘킹 6박스,□ 대원헬스 마그네슘킹 6박스,,,,확인필요,□ 대원헬스 마그네슘킹 6박스,식품,1,,,,,missing,free_schedule_2350,2026-08-24T00:08:56.671508+09:00,,,,2026-08-20T19:03:15.331106+09:00,2026-08-21T00:20:11.105409+09:00
290ec25855c1a14f8877cff0516dcbdc,2026-08-23,2026-08-23T03:06:00+09:00,2026-08-23T03:11:00+09:00,hs_lotteimallonetv,롯데원티비,[대원제약] □[6박스]대원헬스 마그네슘킹 6박스(1박스:30mlX14병),□ 대원헬스 마그네슘킹 6박스,□ 대원헬스 마그네슘킹 6박스,,,,확인필요,□ 대원헬스 마그네슘킹 6박스,식품,1,0,0,,,validated_paid,paid_schedule_api,2026-08-24T09:51:37.230635+09:00,,,1,2026-08-22T00:18:40.734118+09:00,2026-08-24T09:54:18.987653+09:00
3faec581757f96f182c5bdae60298665,2026-08-23,2026-08-23T03:10:00+09:00,2026-08-23T03:15:00+09:00,hs_lotteimallonetv,롯데원티비,[대원제약] ▽[6박스]대원헬스 마그네슘킹 6박스(1박스:30mlX14병),▽ 대원헬스 마그네슘킹 6박스,▽ 대원헬스 마그네슘킹 6박스,,,,확인필요,▽ 대원헬스 마그네슘킹 6박스,식품,1,,,,,missing,free_schedule_2350,2026-08-24T00:08:56.671513+09:00,,,,2026-08-20T19:03:15.331106+09:00,2026-08-21T00:20:11.105409+09:00
732181d4cb9e03c0c034ba7c61d2e813,2026-08-23,2026-08-23T03:10:00+09:00,2026-08-23T03:15:00+09:00,hs_hmallplus,현대홈쇼핑 플러스샵,100% 서해안 자연산 손질 대하 총100마리,100% 서해안 자연산 손질 대하 총100마리,서해안 자연산 손질 대하,,수산물,수산물,확정,서해안 자연산 손질 대하,식품,1,19,758100,,,validated_paid,paid_schedule_api,2026-08-24T09:51:37.230635+09:00,,,1,2026-08-20T16:45:12.228207+09:00,2026-08-24T09:54:18.987653+09:00
6ddd070c8e2f97e739ae78e9680c1b88,2026-08-23,2026-08-23T03:11:00+09:00,2026-08-23T03:16:00+09:00,hs_lotteimallonetv,롯데원티비,[대원제약] ▽[6박스]대원헬스 마그네슘킹 6박스(1박스:30mlX14병),▽ 대원헬스 마그네슘킹 6박스,▽ 대원헬스 마그네슘킹 6박스,,,,확인필요,▽ 대원헬스 마그네슘킹 6박스,식품,1,0,0,,,validated_paid,paid_schedule_api,2026-08-24T09:51:37.230635+09:00,,,1,2026-08-22T00:18:40.734118+09:00,2026-08-24T09:54:18.987653+09:00
ed6f51788acf783abeb60f0ae884e939,2026-08-23,2026-08-23T03:30:00+09:00,2026-08-23T03:51:00+09:00,hs_hmall,현대홈쇼핑,[보넬드]아이엠 당근주스 15병(1000ml x 15병),아이엠 당근주스 15병,보넬드 아이엠 당근주스,보넬드,과채주스,당근,확정,아이엠 당근주스,식품,1,13,3172000,,,validated_paid,paid_schedule_api,2026-08-24T09:51:37.230635+09:00,,,1,2026-08-20T16:45:12.228207+09:00,2026-08-24T09:54:18.987653+09:00
dc6c7c1f3a2504018d868e75a4844d81,2026-08-23,2026-08-23T03:35:00+09:00,2026-08-23T03:45:00+09:00,hs_cjonstyleplus,CJ온스타일 플러스,호주직수입 베지 크리스프 오리지널 * 2봉+브로콜리 플로렛츠 * 2봉+표고버섯 크리스프 * 2봉+ 스냅피 * 2봉,호주직수입 베지 크리스프 오리지널 * 2봉+브로콜리 플로렛츠 * 2봉+표고버섯 크리스프 * 2봉+ 스냅피 * 2봉,호주직수입 베지 크리스프 오리지널 * 2봉+브로콜리 플로렛츠 * 2봉+표고버섯 크리스프 * 2봉+ 스냅피 * 2봉,,,,확인필요,호주직수입 베지 크리스프 오리지널 * 2봉+브로콜리 플로렛츠 * 2봉+표고버섯 크리스프 * 2봉+ 스냅피 * 2봉,식품,1,5,299500,,,validated_paid,paid_schedule_api,2026-08-24T09:51:37.230635+09:00,,,1,2026-08-20T19:03:15.331106+09:00,2026-08-24T09:54:18.987653+09:00
63f652e2979f006ed79d7b6a822d8953,2026-08-23,2026-08-23T03:36:00+09:00,2026-08-23T03:58:00+09:00,hs_kshop,KT알파쇼핑,팔레오_알티지오메가,팔레오_알티지오메가,팔레오_알티지오메가,,,,확인필요,팔레오_알티지오메가,식품,1,3,594000,,,validated_paid,paid_schedule_api,2026-08-24T09:51:37.230635+09:00,,,1,2026-08-22T00:18:40.734118+09:00,2026-08-24T09:54:18.987653+09:00
00aee9c548daf6daf4b61f03a86800b4,2026-08-23,2026-08-23T03:41:00+09:00,2026-08-23T04:01:00+09:00,hs_skstoa,SK스토아,"아이엠 당근주스 12병 (1,000ml*12병) | 원산지 : 상품정보 참조",아이엠 당근주스 12병 | 원산지 : 상품정보 참조,보넬드 아이엠 당근주스,보넬드,과채주스,당근,확정,아이엠 당근주스,식품,1,3,475200,,,validated_paid,paid_schedule_api,2026-08-24T09:51:37.230635+09:00,,,1,2026-08-20T16:45:12.228207+09:00,2026-08-24T09:54:18.987653+09:00
57749f4b1361cc1f8733eb5cc2c03f15,2026-08-23,2026-08-23T03:50:00+09:00,2026-08-23T04:51:00+09:00,hs_hmall,현대홈쇼핑,[여름한정]홍쌍리 장아찌세트(매실원4+매실절임2+고추장장아찌1+감로매1+청매실고추비빔장1),홍쌍리 장아찌세트,홍쌍리 장아찌세트,,,,미분류,,식품,2,515,35998500,,,validated_paid,paid_schedule_api,2026-08-24T09:51:37.230635+09:00,,,1,2026-08-20T16:45:12.228207+09:00,2026-08-24T09:54:18.987653+09:00
9940ffc7e3aab8a22bffca94abdfebae,2026-08-23,2026-08-23T03:55:00+09:00,2026-08-23T04:35:00+09:00,hs_lotteimallonetv,롯데원티비,[켄자임] 켄자임 발효 무화과 플러스 (3g x 20포 x 7박스),켄자임 발효 무화과 플러스,켄자임 발효 무화과 플러스,,,,미분류,,식품,1,,,,,missing,free_schedule_2350,2026-08-24T00:08:56.671529+09:00,,,,2026-08-20T16:45:12.228207+09:00,2026-08-21T00:20:11.105409+09:00
f284161569add5ffc5a2f2aeb6bf4e57,2026-08-23,2026-08-23T03:55:00+09:00,2026-08-23T04:00:00+09:00,hs_hmallplus,현대홈쇼핑 플러스샵,100% 서해안 자연산 손질 대하 총100마리,100% 서해안 자연산 손질 대하 총100마리,서해안 자연산 손질 대하,,수산물,수산물,확정,서해안 자연산 손질 대하,식품,1,0,0,,,validated_paid,paid_detail_page,2026-08-24T09:51:37.230635+09:00,success,2026-08-24T09:51:36.885535+09:00,1,2026-08-20T16:45:12.228207+09:00,2026-08-24T09:54:18.987653+09:00
5d8ddb376be542fac76bb061caaac499,2026-08-23,2026-08-23T03:56:00+09:00,2026-08-23T04:36:00+09:00,hs_lotteimallonetv,롯데원티비,[켄자임] 켄자임 발효 무화과 플러스 (3g x 20포 x 7박스),켄자임 발효 무화과 플러스,켄자임 발효 무화과 플러스,,,,미분류,,식품,1,2,190000,,,validated_paid,paid_schedule_api,2026-08-24T09:51:37.230635+09:00,,,1,2026-08-22T00:18:40.734118+09:00,2026-08-24T09:54:18.987653+09:00
352affd1ea6a03e34bea04e4244c6fb6,2026-08-23,2026-08-23T04:00:00+09:00,2026-08-23T05:02:00+09:00,hs_nsmall,NS홈쇼핑,히트상품 앵콜방송4부,히트상품 앵콜방송4부,히트상품 앵콜방송4부,,,,미분류,,식품,2,661,20864600,,,validated_paid,paid_schedule_api,2026-08-24T09:51:37.230635+09:00,,,1,2026-08-20T16:45:12.228207+09:00,2026-08-24T09:54:18.987653+09:00
97e0c6b5bc129238ceaf02383378fbd9,2026-08-23,2026-08-23T04:00:00+09:00,2026-08-23T04:30:00+09:00,hs_gsshop,GS홈쇼핑,프리메로 블루베리 리얼 100% 10박스+2박스(방송에서만) 총 12박스 (1박스 10포),프리메로 블루베리 리얼 100% 10박스+2박스 총 12박스,프리메로 블루베리 리얼,프리메로,과채주스/베리,블루베리,확정,프리메로 블루베리 리얼,식품,2,20,2472000,,,validated_paid,paid_schedule_api,2026-08-24T09:51:37.230635+09:00,,,1,2026-08-20T16:45:12.228207+09:00,2026-08-24T09:54:18.987653+09:00
2ac1bf6bc47bf34329d5ca111e9322a0,2026-08-23,2026-08-23T04:01:00+09:00,2026-08-23T04:41:00+09:00,hs_skstoa,SK스토아,[방송에서만8+8]헬스브릿지 유기농 엑스트라버진 올리브오일 8+8박스(총 16박스) | 원산지 : 상품정보 참조,헬스브릿지 유기농 엑스트라버진 올리브오일 8+8박스 | 원산지 : 상품정보 참조,헬스브릿지 유기농 엑스트라버진 올리브오일,,오일,올리브,확정,헬스브릿지 유기농 엑스트라버진 올리브오일,식품,1,19,3762000,,,validated_paid,paid_schedule_api,2026-08-24T09:51:37.230635+09:00,,,1,2026-08-20T16:45:12.228207+09:00,2026-08-24T09:54:18.987653+09:00
d9602a3f448cef04acefaf7510e931e2,2026-08-23,2026-08-23T04:10:00+09:00,2026-08-23T05:01:00+09:00,hs_gongyoung,공영쇼핑,26년 햇 천사의 땅 해남 고춧가루 500g*8봉 총4kg,26년 햇 천사의 땅 해남 고춧가루 500g*8봉 총4kg,26년 햇 천사의 땅 해남 고춧가루 500g*8봉 총4kg,,,,미분류,,식품,2,152,16836400,,,validated_paid,paid_schedule_api,2026-08-24T09:51:37.230635+09:00,,,1,2026-08-20T16:45:12.228207+09:00,2026-08-24T09:54:18.987653+09:00
d21929254310bb3dc322f0e2decc874b,2026-08-23,2026-08-23T04:30:00+09:00,2026-08-23T05:00:00+09:00,hs_cjonstyle,CJ온스타일,우엉차 .,우엉차 .,우엉차 .,,,,확인필요,우엉차 .,식품,1,230,5957000,,,validated_paid,paid_schedule_api,2026-08-24T09:51:37.230635+09:00,,,1,2026-08-22T00:18:40.734118+09:00,2026-08-24T09:54:18.987653+09:00
bb1b08e137c2cd331918e7518f339b25,2026-08-23,2026-08-23T04:45:00+09:00,2026-08-23T05:15:00+09:00,hs_cjonstyleplus,CJ온스타일 플러스,콘드로이친+MPB+난각막 20개월분,콘드로이친+MPB+난각막 20개월분,콘드로이친+MPB+난각막 20개월분,,,,확인필요,콘드로이친+MPB+난각막 20개월분,식품,1,10,1980000,,,validated_paid,paid_schedule_api,2026-08-24T09:51:37.230635+09:00,,,1,2026-08-22T00:18:40.734118+09:00,2026-08-24T09:54:18.987653+09:00
73039e1b934a2fa19ee1ed3fbfbdc57e,2026-08-23,2026-08-23T04:55:00+09:00,2026-08-23T05:00:00+09:00,hs_lotteimallonetv,롯데원티비,[태현] 알뜰 못난이 보조개 초록사과 3kg,알뜰 못난이 보조개 초록사과 3kg,알뜰 못난이 보조개 초록사과 3kg,,,,미분류,,식품,1,,,,,missing,free_schedule_2350,2026-08-24T00:08:56.671549+09:00,,,,2026-08-20T16:45:12.228207+09:00,2026-08-21T00:20:11.105409+09:00
0742935bd26b0a928489b50e091c165a,2026-08-23,2026-08-23T04:56:00+09:00,2026-08-23T05:01:00+09:00,hs_lotteimallonetv,롯데원티비,[태현] 알뜰 못난이 보조개 초록사과 3kg,알뜰 못난이 보조개 초록사과 3kg,알뜰 못난이 보조개 초록사과 3kg,,,,미분류,,식품,1,8,159200,,,validated_paid,paid_schedule_api,2026-08-24T09:51:37.230635+09:00,,,1,2026-08-22T00:18:40.734118+09:00,2026-08-24T09:54:18.987653+09:00
457cd5b485d966f18b0a03d131d39d1b,2026-08-23,2026-08-23T05:00:00+09:00,2026-08-23T05:30:00+09:00,hs_gsshop,GS홈쇼핑,[TV특가]심플바이오 비타민D 2000IU 3개월분x4병 (12개월분),심플바이오 비타민D 2000IU 3개월분x4병,심플바이오 비타민D 2000IU 3개월분x4병,,,,확인필요,심플바이오 비타민D 2000IU 3개월분x4병,식품,4,139,8003100,,,validated_paid,paid_schedule_api,2026-08-24T09:51:37.230635+09:00,,,1,2026-08-20T16:45:12.228207+09:00,2026-08-24T09:54:18.987653+09:00
e567c7b76f882e3e5e4772a869d07c53,2026-08-23,2026-08-23T05:00:00+09:00,2026-08-23T05:42:00+09:00,hs_nsmall,NS홈쇼핑,한삼인홍삼진플러스,한삼인홍삼진플러스,한삼인 홍삼진플러스,한삼인,건강식품/홍삼,홍삼,확정,한삼인홍삼진플러스,식품,21,89,17711000,,,validated_paid,paid_schedule_api,2026-08-24T09:51:37.230635+09:00,,,1,2026-08-20T16:45:12.228207+09:00,2026-08-24T09:54:18.987653+09:00
ef742ec2b28491ef67cbdfcead23f69c,2026-08-23,2026-08-23T05:00:00+09:00,2026-08-23T06:01:00+09:00,hs_cjonstyle,CJ온스타일,정품카무트 밀 효소 골드S 12+1박스 13개월분,정품카무트 밀 효소 골드S 12+1박스 13개월분,정품카무트 밀 효소 골드S 12+1박스 13개월분,,,,미분류,,식품,2,22,8016000,,,validated_paid,paid_schedule_api,2026-08-24T09:51:37.230635+09:00,,,1,2026-08-20T16:45:12.228207+09:00,2026-08-24T09:54:18.987653+09:00
c10687eb8c23824683f1184ba4179cac,2026-08-23,2026-08-23T05:15:00+09:00,2026-08-23T05:45:00+09:00,hs_cjonstyleplus,CJ온스타일 플러스,완도 손질 전복 20 미.,완도 손질 전복 20 미.,완도 손질 전복 20 미.,,,,확인필요,완도 손질 전복 20 미.,식품,1,115,6888500,,,validated_paid,paid_schedule_api,2026-08-24T09:51:37.230635+09:00,,,1,2026-08-22T00:18:40.734118+09:00,2026-08-24T09:54:18.987653+09:00
b630a769fff2310b9f1d3ea907ac5f7d,2026-08-23,2026-08-23T05:20:00+09:00,2026-08-23T06:41:00+09:00,hs_shinsegae,신세계쇼핑,[방송중 반값세일] 보넬 아이엠 당근 NFC 착즙주스 1L*12병,보넬 아이엠 당근 NFC 착즙주스 1L*12병,보넬드 아이엠 당근주스,보넬드,과채주스,당근,확정,보넬 아이엠 당근 NFC 착즙주스,식품,1,1099,108801000,,,validated_paid,paid_schedule_api,2026-08-24T09:51:37.230635+09:00,,,1,2026-08-20T16:45:12.228207+09:00,2026-08-24T09:54:18.987653+09:00
4fcd95d476ec41e21b9ba0a261f327b8,2026-08-23,2026-08-23T05:21:00+09:00,2026-08-23T06:21:00+09:00,hs_skstoa,SK스토아,(99천원 특가/복부 마사지기 추가구성)락토핏 코어맥스 16개월분+복부 마사지기 | 원산지 : 상품정보 참조,락토핏 코어맥스 16개월분+복부 마사지기 | 원산지 : 상품정보 참조,락토핏 코어맥스 16개월분+복부 마사지기 | 원산지 : 상품정보 참조,,,,미분류,,식품,7,,,,,missing,free_schedule_2350,2026-08-24T00:08:56.671564+09:00,,,,2026-08-22T00:18:40.734118+09:00,2026-08-22T00:18:40.734118+09:00
67843f39074774d65f5f58bec0c4f2a7,2026-08-23,2026-08-23T05:21:00+09:00,2026-08-23T06:21:00+09:00,hs_skstoa,SK스토아,(99천원 특가/복부 마사지기 추가구성)락토핏 코어맥스 16개월분+복부 마사지기 | 원산지 : 상품정보 참조,락토핏 코어맥스 16개월분+복부 마사지기 | 원산지 : 상품정보 참조,락토핏 코어맥스 16개월분+복부 마사지기 | 원산지 : 상품정보 참조,,,,미분류,,식품,7,,,,,missing,free_schedule_2350,2026-08-24T00:08:56.671566+09:00,,,,2026-08-21T00:20:11.105409+09:00,2026-08-21T00:20:11.105409+09:00
80a6b24cdd413e125a063ec05fd6fbbd,2026-08-23,2026-08-23T05:21:00+09:00,2026-08-23T06:21:00+09:00,hs_skstoa,SK스토아,(99천원 특가/복부 마사지기 추가구성)락토핏 코어맥스 16개월분+복부 마사지기 | 원산지 : 상품정보 참조,락토핏 코어맥스 16개월분+복부 마사지기 | 원산지 : 상품정보 참조,락토핏 코어맥스 16개월분+복부 마사지기 | 원산지 : 상품정보 참조,,,,미분류,,식품,7,240,23760000,,,validated_paid,paid_schedule_api,2026-08-24T09:51:37.230635+09:00,,,1,2026-08-20T17:37:08.513202+09:00,2026-08-24T09:54:18.987653+09:00
ce863c89cf55652c489160c32a09bb6c,2026-08-23,2026-08-23T05:21:00+09:00,2026-08-23T06:21:00+09:00,hs_skstoa,SK스토아,(99천원 특가/복부 마사지기 추가구성)락토핏 코어맥스 16개월분+복부 마사지기 | 원산지 : 상품정보 참조,락토핏 코어맥스 16개월분+복부 마사지기 | 원산지 : 상품정보 참조,락토핏 코어맥스 16개월분+복부 마사지기 | 원산지 : 상품정보 참조,,,,미분류,,식품,7,,,,,missing,free_schedule_2350,2026-08-24T00:08:56.671570+09:00,,,,2026-08-20T20:50:12.612178+09:00,2026-08-20T20:50:12.612178+09:00
d84a3b954a1d2e1e6e86da86a2e147e4,2026-08-23,2026-08-23T05:21:00+09:00,2026-08-23T06:21:00+09:00,hs_skstoa,SK스토아,(99천원 특가/복부 마사지기 추가구성)락토핏 코어맥스 16개월분+복부 마사지기 | 원산지 : 상품정보 참조,락토핏 코어맥스 16개월분+복부 마사지기 | 원산지 : 상품정보 참조,락토핏 코어맥스 16개월분+복부 마사지기 | 원산지 : 상품정보 참조,,,,미분류,,식품,7,,,,,missing,free_schedule_2350,2026-08-24T00:08:56.671572+09:00,,,,2026-08-20T16:45:12.228207+09:00,2026-08-20T19:33:25.186746+09:00
4369c002fed0e8ea9f88db63cc59fe79,2026-08-23,2026-08-23T05:30:00+09:00,2026-08-23T06:01:00+09:00,hs_gsshop,GS홈쇼핑,전통남원추어탕 300g 10팩,전통남원추어탕 300g 10팩,전통남원추어탕 300g 10팩,,,,미분류,,식품,1,236,9416400,,,validated_paid,paid_schedule_api,2026-08-24T09:51:37.230635+09:00,,,1,2026-08-20T16:45:12.228207+09:00,2026-08-24T09:54:18.987653+09:00
84ba644d3e586a19f7935ac66db9cc24,2026-08-23,2026-08-23T05:30:00+09:00,2026-08-23T06:30:00+09:00,hs_lotteimall,롯데홈쇼핑,[대원제약] ☆뮤코다당특별구성[8개월]대원헬스 관절연골엔 소연골 콘드로이친 뮤코다당단백 1200 8박스+오메가파이터 2박스,☆뮤코다당특별구성 대원헬스 관절연골엔 소연골 콘드로이친 뮤코다당단백 1200 8박스+오메가파이터 2박스,☆뮤코다당특별구성 대원헬스 관절연골엔 소연골 콘드로이친 뮤코다당단백 1200 8박스+오메가파이터 2박스,,,,확인필요,☆뮤코다당특별구성 대원헬스 관절연골엔 소연골 콘드로이친 뮤코다당단백 1200 8박스+오메가파이터 2박스,식품,7,58,4582000,,,validated_paid,paid_schedule_api,2026-08-24T09:51:37.230635+09:00,,,1,2026-08-20T19:03:15.331106+09:00,2026-08-24T09:54:18.987653+09:00
2709f5b81386ce6f175775e7c3bb8de6,2026-08-23,2026-08-23T05:35:00+09:00,2026-08-23T06:36:00+09:00,hs_gsshopmyshop,GS홈쇼핑 마이샵,덴프스 LGG 덴마크 유산균이야기 6박스(12개월분),덴프스 LGG 덴마크 유산균이야기 6박스,덴프스 덴마크 유산균 이야기,덴프스,유산균,유산균,확정,덴프스 LGG 덴마크 유산균이야기,식품,1,74,14652000,,,validated_paid,paid_schedule_api,2026-08-24T09:51:37.230635+09:00,,,1,2026-08-20T16:45:12.228207+09:00,2026-08-24T09:54:18.987653+09:00
9e0ee6e6c7408f226be05d92d9334cd9,2026-08-23,2026-08-23T05:36:00+09:00,2026-08-23T06:37:00+09:00,hs_shopntmall,쇼핑엔티,[50％세일]보넬드 아이엠 당근 주스 15병,보넬드 아이엠 당근 주스 15병,보넬드 아이엠 당근주스,보넬드,과채주스,당근,확정,보넬드 아이엠 당근 주스,식품,1,306,37332000,,,validated_paid,paid_schedule_api,2026-08-24T09:51:37.230635+09:00,,,1,2026-08-20T16:45:12.228207+09:00,2026-08-24T09:54:18.987653+09:00
8034a7f01b9411d90bef6841543a958f,2026-08-23,2026-08-23T05:40:00+09:00,2026-08-23T06:47:00+09:00,hs_nsmall,NS홈쇼핑,뼈엔MBP,뼈엔MBP,뼈엔 MBP,뼈엔,건강식품/뼈건강,MBP,확정,뼈엔MBP,식품,3,168,69281000,,,validated_paid,paid_schedule_api,2026-08-24T09:51:37.230635+09:00,,,1,2026-08-20T16:45:12.228207+09:00,2026-08-24T09:54:18.987653+09:00
df75cf831019c99debd23220434c171d,2026-08-23,2026-08-23T05:40:00+09:00,2026-08-23T06:40:00+09:00,hs_nsmallshopplus,NS홈쇼핑 샵플러스,오한진알부민1,오한진알부민1,오한진 알부민,오한진,건강식품/단백질,알부민,확정,오한진알부민,식품,2,,,,,missing,free_schedule_2350,2026-08-24T00:08:56.671585+09:00,,,,2026-08-20T16:45:12.228207+09:00,2026-08-20T16:45:12.228207+09:00
7eb36a0993346658e274d48448096f58,2026-08-23,2026-08-23T05:41:00+09:00,2026-08-23T06:42:00+09:00,hs_nsmallshopplus,NS홈쇼핑 샵플러스,정성가득ABC주스1,정성가득ABC주스1,정성가득ABC주스1,,,,미분류,,식품,1,291,20224500,,,validated_paid,paid_schedule_api,2026-08-24T09:51:37.230635+09:00,,,1,2026-08-22T00:18:40.734118+09:00,2026-08-24T09:54:18.987653+09:00
dd02f85b8528f41b256e09bd7910017e,2026-08-23,2026-08-23T05:45:00+09:00,2026-08-23T06:51:00+09:00,hs_hmall,현대홈쇼핑,[방송에서만]뉴트리코어 관절엔 DEM 디이엠 12개월분,뉴트리코어 관절엔 DEM 디이엠 12개월분,뉴트리코어 관절엔 DEM 디이엠 12개월분,,,,미분류,,식품,2,82,49632000,,,validated_paid,paid_schedule_api,2026-08-24T09:51:37.230635+09:00,,,1,2026-08-20T16:45:12.228207+09:00,2026-08-24T09:54:18.987653+09:00
693cf568297311fd1c9f93e6b12788a8,2026-08-23,2026-08-23T06:00:00+09:00,2026-08-23T07:00:00+09:00,hs_hmallplus,현대홈쇼핑 플러스샵,뼈엔 엠비피 MBP 12개월분(130mgX30정X12박스),뼈엔 엠비피 MBP 12개월분,뼈엔 MBP,뼈엔,건강식품/뼈건강,MBP,확정,뼈엔 엠비피 MBP,식품,3,136,59559000,,,validated_paid,paid_schedule_api,2026-08-24T09:51:37.230635+09:00,,,1,2026-08-20T16:45:12.228207+09:00,2026-08-24T09:54:18.987653+09:00
efa63c31053c8917491bcf514e5618c6,2026-08-23,2026-08-23T06:00:00+09:00,2026-08-23T07:06:00+09:00,hs_gongyoung,공영쇼핑,홍천약도라지청 떠먹는 국산 도라지청 100g 8병,홍천약도라지청 떠먹는 국산 도라지청 100g 8병,홍천약도라지청 떠먹는 국산 도라지청 100g 8병,,,,미분류,,식품,2,1865,107543500,,,validated_paid,paid_schedule_api,2026-08-24T09:51:37.230635+09:00,,,1,2026-08-20T16:45:12.228207+09:00,2026-08-24T09:54:18.987653+09:00
2ef44b499151bc30bddb65fbfa51cf49,2026-08-23,2026-08-23T06:30:00+09:00,2026-08-23T07:35:00+09:00,hs_lotteimall,롯데홈쇼핑,[휴럼] ★방송에서만 반값세일★[12개월] 대마종자유 12박스(800mg*30캡슐*12박스),★방송에서만 반값세일★ 대마종자유 12박스,★방송에서만 반값세일★ 대마종자유 12박스,,,,미분류,,식품,2,399,53466000,,,validated_paid,paid_schedule_api,2026-08-24T09:51:37.230635+09:00,,,1,2026-08-20T16:45:12.228207+09:00,2026-08-24T09:54:18.987653+09:00
85cf339cb3efcb64edf45e141fd7e469,2026-08-23,2026-08-23T06:36:00+09:00,2026-08-23T07:37:00+09:00,hs_shopntmall,쇼핑엔티,[50％세일] 닥터린 콘드로이친1200 콘레이티 +MBP +K2 12개월분 + 비타민K2 2박스,닥터린 콘드로이친1200 콘레이티 +MBP +K2 12개월분 + 비타민K2 2박스,닥터린 콘드로이친1200 콘레이티 +MBP +K2 12개월분 + 비타민K2 2박스,,,,미분류,,식품,2,239,38015500,,,validated_paid,paid_schedule_api,2026-08-24T09:51:37.230635+09:00,,,1,2026-08-20T16:45:12.228207+09:00,2026-08-24T09:54:18.987653+09:00
59431d1b5ef5d60d90565660bb8b9008,2026-08-23,2026-08-23T06:38:00+09:00,2026-08-23T07:44:00+09:00,hs_kshop,KT알파쇼핑,비너지_대마종자유,비너지_대마종자유,비너지대마종자유,,건강식품/오일,대마종자유,확정,비너지대마종자유,식품,1,774,103716000,,,validated_paid,paid_schedule_api,2026-08-24T09:51:37.230635+09:00,,,1,2026-08-20T16:45:12.228207+09:00,2026-08-24T09:54:18.987653+09:00
7e2bb4a701b74e7f2b51eb0e2b7db9ca,2026-08-23,2026-08-23T06:40:00+09:00,2026-08-23T08:01:00+09:00,hs_shinsegae,신세계쇼핑,(50％세일)★방송최다구성★[12박스+2박스](1)닥터린 콘드로이친 1200 콘레이티 MBP 12개월분+초임계 비타민K2 2박스,★방송최다구성★ 닥터린 콘드로이친 1200 콘레이티 MBP 12개월분+초임계 비타민K2 2박스,★방송최다구성★ 닥터린 콘드로이친 1200 콘레이티 MBP 12개월분+초임계 비타민K2 2박스,,,,미분류,,식품,2,802,128159000,,,validated_paid,paid_schedule_api,2026-08-24T09:51:37.230635+09:00,,,1,2026-08-20T16:45:12.228207+09:00,2026-08-24T09:54:18.987653+09:00
b9b4e80a4a2d5bccfe2311850a14ed69,2026-08-23,2026-08-23T06:40:00+09:00,2026-08-23T07:40:00+09:00,hs_lotteimallonetv,롯데원티비,[에스더포뮬러] ●여에스더 포스파티딜세린 5개월분+유기농 그린 컬리케일 1박스,●여에스더 포스파티딜세린 5개월분+유기농 그린 컬리케일 1박스,●여에스더 포스파티딜세린 5개월분+유기농 그린 컬리케일 1박스,,,,미분류,,식품,9,,,,,missing,free_schedule_2350,2026-08-24T00:08:56.671604+09:00,,,,2026-08-20T16:45:12.228207+09:00,2026-08-21T00:20:11.105409+09:00
57e3f886c20fb8e737b449ba17a61694,2026-08-23,2026-08-23T06:41:00+09:00,2026-08-23T07:41:00+09:00,hs_lotteimallonetv,롯데원티비,[에스더포뮬러] ●여에스더 포스파티딜세린 5개월분+유기농 그린 컬리케일 1박스,●여에스더 포스파티딜세린 5개월분+유기농 그린 컬리케일 1박스,●여에스더 포스파티딜세린 5개월분+유기농 그린 컬리케일 1박스,,,,미분류,,식품,9,130,11570000,,,validated_paid,paid_schedule_api,2026-08-24T09:51:37.230635+09:00,,,1,2026-08-22T00:18:40.734118+09:00,2026-08-24T09:54:18.987653+09:00
31a37434702bbc6ae65dab532290b85d,2026-08-23,2026-08-23T06:45:00+09:00,2026-08-23T07:50:00+09:00,hs_gsshop,GS홈쇼핑,뉴트리코어 헤어그릭스 케라넷 3박스(12주),뉴트리코어 헤어그릭스 케라넷 3박스,뉴트리코어 헤어그릭스 케라넷 3박스,,,,확인필요,뉴트리코어 헤어그릭스 케라넷 3박스,식품,2,747,192863000,,,validated_paid,paid_schedule_api,2026-08-24T09:51:37.230635+09:00,,,1,2026-08-20T16:45:12.228207+09:00,2026-08-24T09:54:18.987653+09:00
73961754bfd76ff01b52c9786736d105,2026-08-23,2026-08-23T06:45:00+09:00,2026-08-23T07:52:00+09:00,hs_nsmall,NS홈쇼핑,보넬드당근주스,보넬드당근주스,보넬드 아이엠 당근주스,보넬드,과채주스,당근,확정,보넬드당근주스,식품,1,1693,206546000,,,validated_paid,paid_schedule_api,2026-08-24T09:51:37.230635+09:00,,,1,2026-08-20T16:45:12.228207+09:00,2026-08-24T09:54:18.987653+09:00
88863b6738a2d533202c6ecab8db6a4c,2026-08-23,2026-08-23T06:50:00+09:00,2026-08-23T07:51:00+09:00,hs_hmall,현대홈쇼핑,[방송에서만 구매가능] 위바이옴 두뇌엔 닥터 PS 맥스 15개월분,위바이옴 두뇌엔 닥터 PS 맥스 15개월분,두뇌엔 닥터PS,두뇌엔,건강식품/두뇌·인지,포스파티딜세린,확정,위바이옴 두뇌엔 닥터 PS 맥스,식품,4,265,139901000,,,validated_paid,paid_schedule_api,2026-08-24T09:51:37.230635+09:00,,,1,2026-08-20T16:45:12.228207+09:00,2026-08-24T09:54:18.987653+09:00
a924745b4b1488031788ec04331ee3d9,2026-08-23,2026-08-23T06:50:00+09:00,2026-08-23T07:51:00+09:00,hs_cjonstyle,CJ온스타일,[최다 11개월] 프로 다이어트 유산균 10개월분+슬림플러스 1개월분,프로 다이어트 유산균 10개월분+슬림플러스 1개월분,프로 다이어트 유산균 10개월분+슬림플러스 1개월분,,,,미분류,,식품,3,258,130165000,,,validated_paid,paid_schedule_api,2026-08-24T09:51:37.230635+09:00,,,1,2026-08-20T16:45:12.228207+09:00,2026-08-24T09:54:18.987653+09:00
5e9fac2918f97b8e22168c4c5622498d,2026-08-23,2026-08-23T07:05:00+09:00,2026-08-23T08:06:00+09:00,hs_gongyoung,공영쇼핑,[26년 햇복분자] 고창 복분자 발효농축분말 12통+스푼5개,고창 복분자 발효농축분말 12통+스푼5개,고창 복분자 발효농축분말 12통+스푼5개,,,,미분류,,식품,2,2768,204692000,,,validated_paid,paid_schedule_api,2026-08-24T09:51:37.230635+09:00,,,1,2026-08-20T16:45:12.228207+09:00,2026-08-24T09:54:18.987653+09:00
d3d3b65e86a2b89443718c9e20378aaa,2026-08-23,2026-08-23T07:35:00+09:00,2026-08-23T08:50:00+09:00,hs_lotteimall,롯데홈쇼핑,[닥터린] ★방송에서만![12+6박스] 닥터린 파비플로라X알파CD 18박스(1박스:20gX14포),★방송에서만! 닥터린 파비플로라X알파CD 18박스,★방송에서만! 닥터린 파비플로라X알파CD 18박스,,,,미분류,,식품,2,463,116517000,,,validated_paid,paid_schedule_api,2026-08-24T09:51:37.230635+09:00,,,1,2026-08-20T16:45:12.228207+09:00,2026-08-24T09:54:18.987653+09:00
5363040debc0d4f82210c612fbc9dc57,2026-08-23,2026-08-23T07:36:00+09:00,2026-08-23T08:36:00+09:00,hs_gsshopmyshop,GS홈쇼핑 마이샵,GRN 갱년기 다이어트 리얼퀸 9개월(분홍이 9+초록이 9),GRN 갱년기 다이어트 리얼퀸 9개월,GRN 갱년기 다이어트 리얼퀸 9개월,,,,미분류,,식품,4,32,7173000,,,validated_paid,paid_schedule_api,2026-08-24T09:51:37.230635+09:00,,,1,2026-08-20T16:45:12.228207+09:00,2026-08-24T09:54:18.987653+09:00
32f3b9407f6bb6193730c3e416b40d4d,2026-08-23,2026-08-23T07:40:00+09:00,2026-08-23T08:40:00+09:00,hs_lotteimallonetv,롯데원티비,[김오곤] ☆방송에서만 반값세일☆[5박스] 김오곤 원장의 한방 다이어트 환 (5 g x 28포 x 5박스),☆방송에서만 반값세일☆ 김오곤 원장의 한방 다이어트 환,김오곤 원장의 한방 다이어트 환,김오곤,다이어트,한방 환,확정,반값세일 김오곤 원장의 한방 다이어트 환,식품,1,,,,,missing,free_schedule_2350,2026-08-24T00:08:56.671622+09:00,,,,2026-08-20T16:45:12.228207+09:00,2026-08-21T00:20:11.105409+09:00
39e6838cda672ae78738e2f73e1dba29,2026-08-23,2026-08-23T07:41:00+09:00,2026-08-23T08:40:00+09:00,hs_lotteimallonetv,롯데원티비,[김오곤] ☆방송에서만 반값세일☆[5박스] 김오곤 원장의 한방 다이어트 환 (5 g x 28포 x 5박스),☆방송에서만 반값세일☆ 김오곤 원장의 한방 다이어트 환,김오곤 원장의 한방 다이어트 환,김오곤,다이어트,한방 환,확정,반값세일 김오곤 원장의 한방 다이어트 환,식품,1,165,16170000,,,validated_paid,paid_schedule_api,2026-08-24T09:51:37.230635+09:00,,,1,2026-08-22T00:18:40.734118+09:00,2026-08-24T09:54:18.987653+09:00
94b4547f6ef8b5d96d156890075cba5c,2026-08-23,2026-08-23T07:50:00+09:00,2026-08-23T08:50:00+09:00,hs_gsshop,GS홈쇼핑,비에날씬 프로 다이어트 유산균(6박스),비에날씬 프로 다이어트 유산균,비에날씬 프로,비에날씬,다이어트 유산균,BNR17 유산균,확정,비에날씬프로,식품,3,553,281434000,,,validated_paid,paid_schedule_api,2026-08-24T09:51:37.230635+09:00,,,1,2026-08-20T16:45:12.228207+09:00,2026-08-24T09:54:18.987653+09:00
aa8c2cfef5044d4899bda378e3ab9af4,2026-08-23,2026-08-23T07:50:00+09:00,2026-08-23T08:52:00+09:00,hs_nsmall,NS홈쇼핑,닥터파이토구강유산균,닥터파이토구강유산균,닥터파이토구강유산균,,,,미분류,,식품,5,456,125343000,,,validated_paid,paid_schedule_api,2026-08-24T09:51:37.230635+09:00,,,1,2026-08-20T16:45:12.228207+09:00,2026-08-24T09:54:18.987653+09:00
e66852b4bc28afe09ebcdca1e3579886,2026-08-23,2026-08-23T07:50:00+09:00,2026-08-23T08:51:00+09:00,hs_hmall,현대홈쇼핑,[사은품:무선텀블러블랜더]카사베르디 레드와인비니거 8병+디스펜서1,카사베르디 레드와인비니거 8병+디스펜서1,카사베르디 레드와인비니거 8병+디스펜서1,,,,미분류,,식품,3,1291,164579000,,,validated_paid,paid_schedule_api,2026-08-24T09:51:37.230635+09:00,,,1,2026-08-20T16:45:12.228207+09:00,2026-08-24T09:54:18.987653+09:00
f30df9e03ea927ef89898a233d701b79,2026-08-23,2026-08-23T07:50:00+09:00,2026-08-23T08:50:00+09:00,hs_cjonstyle,CJ온스타일,모발콜라겐 3X 12박스 (48주분),모발콜라겐 3X 12박스,모발콜라겐 3X 12박스,,,,미분류,,식품,2,534,143892000,,,validated_paid,paid_schedule_api,2026-08-24T09:51:37.230635+09:00,,,1,2026-08-20T16:45:12.228207+09:00,2026-08-24T09:54:18.987653+09:00
d1cac19b0c66d168ed1ccfa6e1691208,2026-08-23,2026-08-23T08:00:00+09:00,2026-08-23T09:02:00+09:00,hs_shinsegae,신세계쇼핑,(방송에서만 30％ 세일) 비어랩 맥주효모 비오틴 플러스 18박스 (36주분),비어랩 맥주효모 비오틴 플러스 18박스,비어랩 맥주효모 비오틴 플러스 18박스,,,,미분류,,식품,2,775,138265200,,,validated_paid,paid_schedule_api,2026-08-24T09:51:37.230635+09:00,,,1,2026-08-20T16:45:12.228207+09:00,2026-08-24T09:54:18.987653+09:00
6d8b28bb4135de5e2629029009d36f82,2026-08-23,2026-08-23T08:39:00+09:00,2026-08-23T09:44:00+09:00,hs_kshop,KT알파쇼핑,데이즈온_파라다이스그레인,데이즈온_파라다이스그레인,데이즈온 파라다이스그레인,데이즈온,다이어트/건강식품,곡물,확정,데이즈온 파라다이스그레인,식품,2,740,176529000,,,validated_paid,paid_schedule_api,2026-08-24T09:51:37.230635+09:00,,,1,2026-08-20T16:45:12.228207+09:00,2026-08-24T09:54:18.987653+09:00
02d721fc2d538a1c7b4e19e0a5882c30,2026-08-23,2026-08-23T08:50:00+09:00,2026-08-23T10:00:00+09:00,hs_cjonstyle,CJ온스타일,카사베르디 유기농 와인비니거 레드6+2병+디스펜서+텀블러믹서기+발사믹비니거1병,카사베르디 유기농 와인비니거 레드6+2병+디스펜서+텀블러믹서기+발사믹비니거1병,카사베르디 유기농 와인비니거 레드6+2병+디스펜서+텀블러믹서기+발사믹비니거1병,,,,미분류,,식품,2,2358,301982000,,,validated_paid,paid_schedule_api,2026-08-24T09:51:37.230635+09:00,,,1,2026-08-20T16:45:12.228207+09:00,2026-08-24T09:54:18.987653+09:00
0f9a597dba04a64133d853f8d2a7a680,2026-08-23,2026-08-23T08:50:00+09:00,2026-08-23T10:01:00+09:00,hs_nsmall,NS홈쇼핑,보넬드당근주스 2부,보넬드당근주스 2부,보넬드 아이엠 당근주스,보넬드,과채주스,당근,확정,보넬드당근주스,식품,1,1884,229848000,,,validated_paid,paid_schedule_api,2026-08-24T09:51:37.230635+09:00,,,1,2026-08-20T16:45:12.228207+09:00,2026-08-24T09:54:18.987653+09:00
be153952a1a35415595034f972b31f42,2026-08-23,2026-08-23T08:50:00+09:00,2026-08-23T10:00:00+09:00,hs_gsshop,GS홈쇼핑,[한지민 PICK] 에버콜라겐 레티놀A GPH콜라겐 19병 (76주분),에버콜라겐 레티놀A GPH콜라겐 19병,에버콜라겐 레티놀A GPH콜라겐,,건강식품/콜라겐,콜라겐,확정,에버콜라겐 레티놀A GPH콜라겐,식품,4,501,261899000,,,validated_paid,paid_schedule_api,2026-08-24T09:51:37.230635+09:00,,,1,2026-08-20T16:45:12.228207+09:00,2026-08-24T09:54:18.987653+09:00
df021b4633017ece3fb9400de03f3adb,2026-08-23,2026-08-23T08:50:00+09:00,2026-08-23T10:00:00+09:00,hs_lotteimall,롯데홈쇼핑,[에스더포뮬러] ★유리네 단독! 최다구성★여에스더 리포좀 NMN 파이토에스 울트라 X 16개월분+히알루론산 마스크팩 5매,★유리네 ! 최다구성★여에스더 리포좀 NMN 파이토에스 울트라 X 16개월분+히알루론산 마스크팩 5매,★유리네 ! 최다구성★여에스더 리포좀 NMN 파이토에스 울트라 X 16개월분+히알루론산 마스크팩 5매,,,,미분류,,식품,2,580,172840000,,,validated_paid,paid_schedule_api,2026-08-24T09:51:37.230635+09:00,,,1,2026-08-20T16:45:12.228207+09:00,2026-08-24T09:54:18.987653+09:00
f2107cbe598839daa774ac0047a26895,2026-08-23,2026-08-23T08:50:00+09:00,2026-08-23T10:01:00+09:00,hs_hmall,현대홈쇼핑,[추가구성 : 오메가3 2박스]관절엔 콘드로이친 1200 12개월분(900mgX60정X12박스),관절엔 콘드로이친 1200 12개월분,관절엔 콘드로이친,관절엔,건강식품/관절,콘드로이친,확정,관절엔 콘드로이친,식품,4,669,385953000,,,validated_paid,paid_schedule_api,2026-08-24T09:51:37.230635+09:00,,,1,2026-08-20T16:45:12.228207+09:00,2026-08-24T09:54:18.987653+09:00
ff0da61212ae23500a7245cee260d296,2026-08-23,2026-08-23T08:50:00+09:00,2026-08-23T10:00:00+09:00,hs_hnsmall,홈앤쇼핑,[닥터루템] 이시형 박사의 인생 마그네슘 6박스 + 3박스 (총 126병),이시형 박사의 인생 마그네슘 6박스 + 3박스,이시형 박사의 인생 마그네슘 6박스 + 3박스,,,,미분류,,식품,1,667,186093000,,,validated_paid,paid_schedule_api,2026-08-24T09:51:37.230635+09:00,,,1,2026-08-20T16:45:12.228207+09:00,2026-08-24T09:54:18.987653+09:00
48a2573773243b0591804eb2690c0120,2026-08-23,2026-08-23T09:01:00+09:00,2026-08-23T10:22:00+09:00,hs_shinsegae,신세계쇼핑,(방송중+냉감매트+30포)에버콜라겐 타임레티놀A (총 570포),에버콜라겐 타임레티놀A,에버콜라겐 타임레티놀A,,,,미분류,,식품,3,177,75211000,,,validated_paid,paid_schedule_api,2026-08-24T09:51:37.230635+09:00,,,1,2026-08-20T16:45:12.228207+09:00,2026-08-24T09:54:18.987653+09:00
54df31709d90352a8a008c199b130c66,2026-08-23,2026-08-23T09:10:00+09:00,2026-08-23T10:20:00+09:00,hs_gongyoung,공영쇼핑,★강순의 도가니탕★ 11팩 (8.8kg),★강순의 도가니탕★ 11팩,★강순의 도가니탕★ 11팩,,,,미분류,,식품,1,3354,167364600,,,validated_paid,paid_schedule_api,2026-08-24T09:51:37.230635+09:00,,,1,2026-08-20T16:45:12.228207+09:00,2026-08-24T09:54:18.987653+09:00
91daeadc81c168dcdc1405c1dbf3856e,2026-08-23,2026-08-23T09:35:00+09:00,2026-08-23T10:35:00+09:00,hs_shopntmall,쇼핑엔티,[SALE] 안국약품 토비콤 루테인 지아잔틴 아스타잔틴 12개월분,안국약품 토비콤 루테인 지아잔틴 아스타잔틴 12개월분,안국약품 토비콤 루테인 지아잔틴 아스타잔틴 12개월분,,,,미분류,,식품,1,348,51852000,,,validated_paid,paid_schedule_api,2026-08-24T09:51:37.230635+09:00,,,1,2026-08-20T16:45:12.228207+09:00,2026-08-24T09:54:18.987653+09:00
0826cdfc651a2f40270a65796eb22263,2026-08-23,2026-08-23T10:00:00+09:00,2026-08-23T11:07:00+09:00,hs_nsmall,NS홈쇼핑,닥터파이토파이토블락,닥터파이토파이토블락,닥터파이토파이토블락,,,,미분류,,식품,6,241,85449000,,,validated_paid,paid_schedule_api,2026-08-24T09:51:37.230635+09:00,,,1,2026-08-20T16:45:12.228207+09:00,2026-08-24T09:54:18.987653+09:00
c2459cc72182989324529192ac8dbe91,2026-08-23,2026-08-23T10:00:00+09:00,2026-08-23T11:15:00+09:00,hs_hnsmall,홈앤쇼핑,[방송에서만 1만원 할인][더블]데이즈온 그린 아세로라C 16박스(1.5g x 14포 x 16박스),데이즈온 그린 아세로라C 16박스,그린 아세로라 C,,건강식품/비타민,아세로라,확정,그린 아세로라 C,식품,2,1490,355168000,,,validated_paid,paid_schedule_api,2026-08-24T09:51:37.230635+09:00,,,1,2026-08-20T16:45:12.228207+09:00,2026-08-24T09:54:18.987653+09:00
c298b9db91b2abfc74d81cc4c6e09d12,2026-08-23,2026-08-23T10:00:00+09:00,2026-08-23T11:16:00+09:00,hs_hmall,현대홈쇼핑,[이알하나] 이알하나 면역 LF300 6박스+2박스(총 32주분),이알하나 면역 LF300 6박스+2박스,이알하나 면역 LF300,이알하나,건강식품/면역,,확정,이알하나 면역 LF300,식품,3,528,145821000,,,validated_paid,paid_schedule_api,2026-08-24T09:51:37.230635+09:00,,,1,2026-08-20T16:45:12.228207+09:00,2026-08-24T09:54:18.987653+09:00
f83361c19b53ce72cb267b3dbba82e91,2026-08-23,2026-08-23T10:00:00+09:00,2026-08-23T11:15:00+09:00,hs_gsshop,GS홈쇼핑,세포랩 스페셜 에디션 93% 155ml 4병+30ml 4병+100ml 1병+스프레이캡,세포랩 스페셜 에디션 93% 155ml 4병+30ml 4병+100ml 1병+스프레이캡,세포랩 스페셜 에디션 93% 155ml 4병+30ml 4병+100ml 1병+스프레이캡,,,,미분류,,식품,2,2299,655931000,,,validated_paid,paid_schedule_api,2026-08-24T09:51:37.230635+09:00,,,1,2026-08-20T16:45:12.228207+09:00,2026-08-24T09:54:18.987653+09:00
bd6c2d09b81383ae255242f7d902de95,2026-08-23,2026-08-23T10:20:00+09:00,2026-08-23T11:35:00+09:00,hs_gongyoung,공영쇼핑,[2026 햇육젓 1+1] 김정배명인새우젓(육젓)500g×6통,김정배명인새우젓 500g×6통,김정배명인새우젓 500g×6통,,,,미분류,,식품,5,1872,164039900,,,validated_paid,paid_schedule_api,2026-08-24T09:51:37.230635+09:00,,,1,2026-08-20T16:45:12.228207+09:00,2026-08-24T09:54:18.987653+09:00
c0b8afa8deee96805d87783993e3297b,2026-08-23,2026-08-23T10:40:00+09:00,2026-08-23T11:40:00+09:00,hs_lotteimallonetv,롯데원티비,[대상웰라이프] T[직][더블]뉴케어 구수한맛 밸런스업 총 144팩 (230ml X 24팩 X 6박스),T 뉴케어 구수한맛 밸런스업 총 144팩,T 뉴케어 구수한맛 밸런스업 총 144팩,,,,미분류,,식품,2,105,28285000,,,validated_paid,paid_schedule_api,2026-08-24T09:51:37.230635+09:00,,,1,2026-08-20T16:45:12.228207+09:00,2026-08-24T09:54:18.987653+09:00
9513881a2c2cf8f0def7c8a86bf6d9fc,2026-08-23,2026-08-23T11:34:00+09:00,2026-08-23T12:35:00+09:00,hs_shopntmall,쇼핑엔티,[50％세일] 대원제약 혈당파이터 20개월분 + 저압냄비,대원제약 혈당파이터 20개월분 + 저압냄비,대원제약 혈당파이터 20개월분 + 저압냄비,,,,미분류,,식품,1,382,37818000,,,validated_paid,paid_schedule_api,2026-08-24T09:51:37.230635+09:00,,,1,2026-08-22T00:18:40.734118+09:00,2026-08-24T09:54:18.987653+09:00
62f9f586d7e1bfc6fe31d3b990da9a67,2026-08-23,2026-08-23T11:35:00+09:00,2026-08-23T12:45:00+09:00,hs_gongyoung,공영쇼핑,[전국한우협회]한우먹는날한우스테이크 10팩 ,한우먹는날한우스테이크 10팩,한우먹는날한우스테이크 10팩,,,,미분류,,식품,1,1984,138681600,,,validated_paid,paid_schedule_api,2026-08-24T09:51:37.230635+09:00,,,1,2026-08-20T16:45:12.228207+09:00,2026-08-24T09:54:18.987653+09:00
09f765b7d954548549ed149a9023395e,2026-08-23,2026-08-23T11:40:00+09:00,2026-08-23T12:40:00+09:00,hs_hmallplus,현대홈쇼핑 플러스샵,[2026년산 햇고추] 태양초 청결 햇 고춧가루 3kg(500g 6팩),태양초 청결 햇 고춧가루 3kg,태양초 청결 햇 고춧가루,,조미식품,고추,확정,태양초 청결 햇 고춧가루,식품,2,657,59319300,,,validated_paid,paid_schedule_api,2026-08-24T09:51:37.230635+09:00,,,1,2026-08-22T00:18:40.734118+09:00,2026-08-24T09:54:18.987653+09:00
0276c86c52d17a012d1c7634bac6c6a0,2026-08-23,2026-08-23T12:21:00+09:00,2026-08-23T13:22:00+09:00,hs_nsmallshopplus,NS홈쇼핑 샵플러스,고춧가루1,고춧가루1,고춧가루1,,조미식품,고추,확인필요,고춧가루1,식품,2,262,31910400,,,validated_paid,paid_schedule_api,2026-08-24T09:51:37.230635+09:00,,,1,2026-08-22T00:18:40.734118+09:00,2026-08-24T09:54:18.987653+09:00
61d1580ff111170c2a1afccf6c61bc45,2026-08-23,2026-08-23T13:21:00+09:00,2026-08-23T14:23:00+09:00,hs_nsmallshopplus,NS홈쇼핑 샵플러스,임성근소곱창전골1,임성근소곱창전골1,임성근소곱창전골1,,,,미분류,,식품,3,1351,67414900,,,validated_paid,paid_schedule_api,2026-08-24T09:51:37.230635+09:00,,,1,2026-08-22T00:18:40.734118+09:00,2026-08-24T09:54:18.987653+09:00
9d70413a2a9d88a9a1e613b7ee6b6810,2026-08-23,2026-08-23T13:22:00+09:00,2026-08-23T14:24:00+09:00,hs_shinsegae,신세계쇼핑,26) 조선호텔 양념 LA갈비 400g X 8팩,26) 조선호텔 양념 LA갈비 400g X 8팩,26) 조선호텔 양념 LA갈비 400g X 8팩,,,,미분류,,식품,1,977,126912300,,,validated_paid,paid_schedule_api,2026-08-24T09:51:37.230635+09:00,,,1,2026-08-22T00:18:40.734118+09:00,2026-08-24T09:54:18.987653+09:00
fcd04b7e39d84328a72c0dc5da5d9bca,2026-08-23,2026-08-23T13:22:00+09:00,2026-08-23T14:23:00+09:00,hs_shinsegae,신세계쇼핑,26) 조선호텔 양념 소갈비 수제 포갈비 600g X 6팩(3.6kg),26) 조선호텔 양념 소갈비 수제 포갈비 600g X 6팩,26) 조선호텔 양념 소갈비 수제 포갈비 600g X 6팩,,,,미분류,,식품,1,,,,,missing,free_schedule_2350,2026-08-24T00:08:56.671684+09:00,,,,2026-08-20T16:45:12.228207+09:00,2026-08-21T00:20:11.105409+09:00
ba8cef9c4f8e1e0452d6cf73d1d9f6f3,2026-08-23,2026-08-23T13:40:00+09:00,2026-08-23T14:40:00+09:00,hs_nsmallshopplus,NS홈쇼핑 샵플러스,임성근소곱창전골1,임성근소곱창전골1,임성근소곱창전골1,,,,미분류,,식품,3,,,,,missing,free_schedule_2350,2026-08-24T00:08:56.671686+09:00,,,,2026-08-20T16:45:12.228207+09:00,2026-08-21T00:20:11.105409+09:00
e1ea5b2ed7b3943e28dc53d1a57ff2e2,2026-08-23,2026-08-23T13:45:00+09:00,2026-08-23T14:55:00+09:00,hs_gsshop,GS홈쇼핑,덴프스 트루바이타민 올인원 멀티비타민&루테인&밀크씨슬 5개월분,덴프스 트루바이타민 올인원 멀티비타민&루테인&밀크씨슬 5개월분,덴프스 트루바이타민 올인원,덴프스,기타 식품,,확정,덴프스 트루바이타민 올인원,식품,2,584,161702000,,,validated_paid,paid_schedule_api,2026-08-24T09:51:37.230635+09:00,,,1,2026-08-20T16:45:12.228207+09:00,2026-08-24T09:54:18.987653+09:00
1328cfc9650716fcc00d14fc6c66549d,2026-08-23,2026-08-23T13:55:00+09:00,2026-08-23T15:05:00+09:00,hs_gongyoung,공영쇼핑,1등급 신선한우 만능다짐육 180g X 8팩,1등급 신선한우 만능다짐육 180g X 8팩,1등급 신선한우 만능다짐육 180g X 8팩,,,,미분류,,식품,1,4512,180028800,,,validated_paid,paid_schedule_api,2026-08-24T09:51:37.230635+09:00,,,1,2026-08-20T16:45:12.228207+09:00,2026-08-24T09:54:18.987653+09:00
d3209cae29b134c0180a6b1435fc6b29,2026-08-23,2026-08-23T14:21:00+09:00,2026-08-23T15:23:00+09:00,hs_nsmallshopplus,NS홈쇼핑 샵플러스,홍로사과1,홍로사과1,애플진 홍로 못난이사과,애플진,과일,사과,확정,홍로사과1,식품,1,1148,45805200,,,validated_paid,paid_schedule_api,2026-08-24T09:51:37.230635+09:00,,,1,2026-08-22T00:18:40.734118+09:00,2026-08-24T09:54:18.987653+09:00
49022507ee3c84885d0b802d85f4fe8c,2026-08-23,2026-08-23T14:23:00+09:00,2026-08-23T15:23:00+09:00,hs_shinsegae,신세계쇼핑,조선호텔 붉은대게 포기김치 8kg,조선호텔 붉은대게 포기김치 8kg,조선호텔 붉은대게 포기김치 8kg,,,,미분류,,식품,2,,,,,missing,free_schedule_2350,2026-08-24T00:08:56.671694+09:00,,,,2026-08-20T16:45:12.228207+09:00,2026-08-21T00:20:11.105409+09:00
e37dce723eee4916ce44f7b7ca8b79f1,2026-08-23,2026-08-23T14:23:00+09:00,2026-08-23T15:24:00+09:00,hs_shinsegae,신세계쇼핑,26) 조선호텔 양념 LA갈비 400g X 8팩,26) 조선호텔 양념 LA갈비 400g X 8팩,26) 조선호텔 양념 LA갈비 400g X 8팩,,,,미분류,,식품,1,897,116520300,,,validated_paid,paid_schedule_api,2026-08-24T09:51:37.230635+09:00,,,1,2026-08-22T00:18:40.734118+09:00,2026-08-24T09:54:18.987653+09:00
e300c507b7be68dd23d5c3dce9886f43,2026-08-23,2026-08-23T14:30:00+09:00,2026-08-23T15:30:00+09:00,hs_cjonstyle,CJ온스타일,[에스더 포뮬러 X 한창]FGO 키성장 하이&그로우 스틱 12박스+2박스,FGO 키성장 하이&그로우 스틱 12박스+2박스,FGO 키성장 하이&그로우 스틱 12박스+2박스,,,,미분류,,식품,2,92,80925000,,,validated_paid,paid_schedule_api,2026-08-24T09:51:37.230635+09:00,,,1,2026-08-20T16:45:12.228207+09:00,2026-08-24T09:54:18.987653+09:00
2ee8fe62aba1101d634164e9e3d3c466,2026-08-23,2026-08-23T14:55:00+09:00,2026-08-23T16:05:00+09:00,hs_gsshop,GS홈쇼핑,[99특가] 종근당건강 락토핏 PS인지력케어 4통+핸디청소기,종근당건강 락토핏 PS인지력케어 4통+핸디청소기,종근당건강 락토핏 PS인지력케어 4통+핸디청소기,,,,확인필요,종근당건강 락토핏 PS인지력케어 4통+핸디청소기,식품,9,1882,186318000,,,validated_paid,paid_schedule_api,2026-08-24T09:51:37.230635+09:00,,,1,2026-08-20T16:45:12.228207+09:00,2026-08-24T09:54:18.987653+09:00
cb54fc4dc6fc9618f3dd544e7f7f5d3c,2026-08-23,2026-08-23T15:05:00+09:00,2026-08-23T16:15:00+09:00,hs_gongyoung,공영쇼핑,박미선의 손질전복 20팩(손질 전 80g이상 특대사이즈 전복 엄선),박미선의 손질전복 20팩,박미선의 손질전복 20팩,,,,미분류,,식품,1,3382,202581800,,,validated_paid,paid_schedule_api,2026-08-24T09:51:37.230635+09:00,,,1,2026-08-20T16:45:12.228207+09:00,2026-08-24T09:54:18.987653+09:00
af4433f37870a0fc62fd69aa8bf832dd,2026-08-23,2026-08-23T15:20:00+09:00,2026-08-23T16:16:00+09:00,hs_nsmall,NS홈쇼핑,손질통오징어,손질통오징어,손질통오징어,,,,미분류,,식품,1,3015,150448500,,,validated_paid,paid_schedule_api,2026-08-24T09:51:37.230635+09:00,,,1,2026-08-20T16:45:12.228207+09:00,2026-08-24T09:54:18.987653+09:00
37a043bf31ea929f548c3ed4d4d3cfc8,2026-08-23,2026-08-23T15:21:00+09:00,2026-08-23T16:21:00+09:00,hs_skstoa,SK스토아,[워커힐 호텔판매 동일] 워커힐 고메 함박 스테이크 180g * 15팩 (데미그라스 10팩+ 트리플치즈 5팩) | 원산지 : 상품정보 참조,워커힐 고메 함박 스테이크 180g * 15팩 | 원산지 : 상품정보 참조,워커힐 고메 함박 스테이크 180g * 15팩 | 원산지 : 상품정보 참조,,,,미분류,,식품,2,1412,80678800,,,validated_paid,paid_schedule_api,2026-08-24T09:51:37.230635+09:00,,,1,2026-08-20T16:45:12.228207+09:00,2026-08-24T09:54:18.987653+09:00
f5af86b730118aa6c22cdb9bb298e4f7,2026-08-23,2026-08-23T15:21:00+09:00,2026-08-23T16:21:00+09:00,hs_skstoa,SK스토아,[워커힐 호텔판매 동일] 워커힐 고메 함박 스테이크 180g * 15팩 (데미그라스 10팩+ 트리플치즈 5팩) | 원산지 : 상품정보 참조,워커힐 고메 함박 스테이크 180g * 15팩 | 원산지 : 상품정보 참조,워커힐 고메 함박 스테이크 180g * 15팩 | 원산지 : 상품정보 참조,,,,미분류,,식품,2,,,,,missing,free_schedule_2350,2026-08-24T00:08:56.671708+09:00,,,,2026-08-20T17:37:08.513202+09:00,2026-08-23T00:03:05.573332+09:00
8c3f36fb1b1e4aa8e645c495e9af233b,2026-08-23,2026-08-23T15:40:00+09:00,2026-08-23T16:40:00+09:00,hs_hmallplus,현대홈쇼핑 플러스샵,[2026년산 햇고추] 태양초 청결 햇 고춧가루 3kg(500g 6팩),태양초 청결 햇 고춧가루 3kg,태양초 청결 햇 고춧가루,,조미식품,고추,확정,태양초 청결 햇 고춧가루,식품,2,919,83519700,,,validated_paid,paid_schedule_api,2026-08-24T09:51:37.230635+09:00,,,1,2026-08-22T00:18:40.734118+09:00,2026-08-24T09:54:18.987653+09:00
1309e5a8292fe5a16688ae0a835e6908,2026-08-23,2026-08-23T16:15:00+09:00,2026-08-23T17:17:00+09:00,hs_nsmall,NS홈쇼핑,알렉스우삼겹구이,알렉스우삼겹구이,알렉스우삼겹구이,,,,미분류,,식품,2,4924,294947600,,,validated_paid,paid_schedule_api,2026-08-24T09:51:37.230635+09:00,,,1,2026-08-20T16:45:12.228207+09:00,2026-08-24T09:54:18.987653+09:00
f50b878a26b0725ad7d65739c54de9e9,2026-08-23,2026-08-23T16:15:00+09:00,2026-08-23T17:25:00+09:00,hs_gongyoung,공영쇼핑,[100개] 보리농부 우리쌀 찰보리빵,보리농부 우리쌀 찰보리빵,보리농부 우리쌀 찰보리빵,,,,미분류,,식품,1,4659,167258100,,,validated_paid,paid_schedule_api,2026-08-24T09:51:37.230635+09:00,,,1,2026-08-20T16:45:12.228207+09:00,2026-08-24T09:54:18.987653+09:00
4603efade65e7e0e505c54e256953d04,2026-08-23,2026-08-23T16:33:00+09:00,2026-08-23T17:33:00+09:00,hs_shopntmall,쇼핑엔티,(방송에서만 3팩 더) 사조 숙성 훈제오리 180g x 10팩+3팩 / 총13팩,사조 숙성 훈제오리 180g x 10팩+3팩 / 총13팩,사조 숙성 훈제오리 180g x 10팩+3팩 / 총13팩,,,,확인필요,사조 숙성 훈제오리 180g x 10팩+3팩 / 총13팩,식품,1,1677,83682300,,,validated_paid,paid_schedule_api,2026-08-24T09:51:37.230635+09:00,,,1,2026-08-22T00:18:40.734118+09:00,2026-08-24T09:54:18.987653+09:00
fd9918e3b045d64dd21644dea5d3d5ab,2026-08-23,2026-08-23T16:39:00+09:00,2026-08-23T17:44:00+09:00,hs_kshop,KT알파쇼핑,유한양행_모큐락,유한양행_모큐락,유한양행_모큐락,,,,미분류,,식품,2,223,73177000,,,validated_paid,paid_schedule_api,2026-08-24T09:51:37.230635+09:00,,,1,2026-08-20T16:45:12.228207+09:00,2026-08-24T09:54:18.987653+09:00
17c0d9f407a67526007f384b61afb115,2026-08-23,2026-08-23T16:40:00+09:00,2026-08-23T17:40:00+09:00,hs_nsmallshopplus,NS홈쇼핑 샵플러스,호박고구마1,호박고구마1,호박고구마1,,,,미분류,,식품,1,,,,,missing,free_schedule_2350,2026-08-24T00:08:56.671720+09:00,,,,2026-08-20T16:45:12.228207+09:00,2026-08-20T16:45:12.228207+09:00
8c382b7e62040b5ed1f38cf055acf710,2026-08-23,2026-08-23T16:40:00+09:00,2026-08-23T17:21:00+09:00,hs_lotteimallonetv,롯데원티비,[방송에서만] 지극진성 금산인삼 스지 도가니탕 14팩 (팩당 800g),지극진성 금산인삼 스지 도가니탕 14팩,지극진성 금산인삼 스지 도가니탕 14팩,,,,미분류,,식품,1,191,11440900,,,validated_paid,paid_schedule_api,2026-08-24T09:51:37.230635+09:00,,,1,2026-08-20T16:45:12.228207+09:00,2026-08-24T09:54:18.987653+09:00
7c0d17bdebe75c489927e60eb3f7bcd2,2026-08-23,2026-08-23T16:42:00+09:00,2026-08-23T18:04:00+09:00,hs_nsmallshopplus,NS홈쇼핑 샵플러스,해남땅끝마을김치1,해남땅끝마을김치1,해남땅끝마을김치,,김치,배추,확정,해남땅끝마을김치,식품,2,2766,102065400,,,validated_paid,paid_schedule_api,2026-08-24T09:51:37.230635+09:00,,,1,2026-08-22T00:18:40.734118+09:00,2026-08-24T09:54:18.987653+09:00
bf498398f1111605d5bdf3bf7d246717,2026-08-23,2026-08-23T16:45:00+09:00,2026-08-23T17:45:00+09:00,hs_cjonstyleplus,CJ온스타일 플러스,조리기능장 의 특 키로갈비탕 1kg x 8+4팩 (방송에서만4팩더),조리기능장 의 특 키로갈비탕 1kg x 8+4팩,조리기능장 의 특 키로갈비탕 1kg x 8+4팩,,,,확인필요,조리기능장 의 특 키로갈비탕 1kg x 8+4팩,식품,1,1375,82362500,,,validated_paid,paid_schedule_api,2026-08-24T09:51:37.230635+09:00,,,1,2026-08-20T19:03:15.331106+09:00,2026-08-24T09:54:18.987653+09:00
9895655ebb9f2943bbb216051c8eeaf1,2026-08-23,2026-08-23T17:15:00+09:00,2026-08-23T18:26:00+09:00,hs_hmall,현대홈쇼핑,아워홈 온더고 미식가패키지 6종x2팩(총 12팩)+온더고 1팩 사은품,아워홈 온더고 미식가패키지 6종x2팩 +온더고 1팩,아워홈 온더고 미식가패키지 6종x2팩 +온더고 1팩,,,,확인필요,아워홈 온더고 미식가패키지 6종x2팩 +온더고 1팩,식품,1,7944,396405600,,,validated_paid,paid_schedule_api,2026-08-24T09:51:37.230635+09:00,,,1,2026-08-22T00:18:40.734118+09:00,2026-08-24T09:54:18.987653+09:00
d5d8fd82d8bf2b78ff0345198a4c9450,2026-08-23,2026-08-23T17:15:00+09:00,2026-08-23T18:20:00+09:00,hs_gsshop,GS홈쇼핑,인산가 X 광천김 죽염담은 곱창 캔김 30g * 32캔 더블구성,인산가 X 광천김 죽염담은 곱창 캔김 30g * 32캔 더블구성,인산가 X 광천김 죽염담은 곱창 캔김 30g * 32캔 더블구성,,,,확인필요,인산가 X 광천김 죽염담은 곱창 캔김 30g * 32캔 더블구성,식품,2,4015,299801100,,,validated_paid,paid_schedule_api,2026-08-24T09:51:37.230635+09:00,,,1,2026-08-20T16:45:12.228207+09:00,2026-08-24T09:54:18.987653+09:00
c1d456a2e529e788c4bc898894a3463c,2026-08-23,2026-08-23T17:24:00+09:00,2026-08-23T18:24:00+09:00,hs_shinsegae,신세계쇼핑,[방송에서만] 최현석 횡성축협한우 한돈한우 직화스테이크 160g*21팩(총 42장) [직],최현석 횡성축협한우 한돈한우 직화스테이크 160g*21팩,최현석 횡성축협한우 한돈한우 직화스테이크,최현석,육류,소고기/육류,확정,최현석 횡성축협한우 한돈한우 직화스테이크,식품,1,,,,,missing,free_schedule_2350,2026-08-24T00:08:56.671733+09:00,,,,2026-08-20T16:45:12.228207+09:00,2026-08-21T00:20:11.105409+09:00
0bff6ad4e232636474c6ce59135f15b6,2026-08-23,2026-08-23T17:25:00+09:00,2026-08-23T18:40:00+09:00,hs_gongyoung,공영쇼핑,"도미솔김치 포기 8k+열무2k+총각2k+깻잎1k(총4종,13kg) ",도미솔김치 포기 8k+열무2k+총각2k+깻잎1k,도미솔김치 포기 8k+열무2k+총각2k+깻잎1k,,,,미분류,,식품,24,7639,454957100,,,validated_paid,paid_schedule_api,2026-08-24T09:51:37.230635+09:00,,,1,2026-08-20T19:03:15.331106+09:00,2026-08-24T09:54:18.987653+09:00
d78b7496148fa9f353faf4b5beb1c44c,2026-08-23,2026-08-23T17:32:00+09:00,2026-08-23T18:33:00+09:00,hs_shopntmall,쇼핑엔티,(방송에서만 4팩 더!) 임성근의 국내산 특 키로도가니탕 1kg x 12팩 (총 12kg),임성근의 국내산 특 키로도가니탕 1kg x 12팩,임성근의 국내산 특 키로도가니탕 1kg x 12팩,,,,미분류,,식품,1,973,58282700,,,validated_paid,paid_schedule_api,2026-08-24T09:51:37.230635+09:00,,,1,2026-08-20T17:37:08.513202+09:00,2026-08-24T09:54:18.987653+09:00
f1cd2274ad2aaf2f8c975a8083164363,2026-08-23,2026-08-23T17:38:00+09:00,2026-08-23T18:38:00+09:00,hs_gsshopmyshop,GS홈쇼핑 마이샵,덴프스 트루바이타민 올인원 멀티비타민&루테인&밀크씨슬 10개월분,덴프스 트루바이타민 올인원 멀티비타민&루테인&밀크씨슬 10개월분,덴프스 트루바이타민 올인원,덴프스,기타 식품,,확정,덴프스 트루바이타민 올인원,식품,2,118,32704000,,,validated_paid,paid_schedule_api,2026-08-24T09:51:37.230635+09:00,,,1,2026-08-20T16:45:12.228207+09:00,2026-08-24T09:54:18.987653+09:00
4cf990db23c2b50ac5b85a0ffa43b2e2,2026-08-23,2026-08-23T17:40:00+09:00,2026-08-23T18:40:00+09:00,hs_nsmallshopplus,NS홈쇼핑 샵플러스,해남땅끝마을김치1,해남땅끝마을김치1,해남땅끝마을김치,,김치,배추,확정,해남땅끝마을김치,식품,2,,,,,missing,free_schedule_2350,2026-08-24T00:08:56.671741+09:00,,,,2026-08-20T16:45:12.228207+09:00,2026-08-21T00:20:11.105409+09:00
c8f7b9b5bcec6ef5fcd46c02e49193b8,2026-08-23,2026-08-23T18:02:00+09:00,2026-08-23T19:23:00+09:00,hs_nsmallshopplus,NS홈쇼핑 샵플러스,정호영낙지1,정호영낙지1,정호영낙지1,,,,확인필요,정호영낙지1,식품,3,1478,78086200,,,validated_paid,paid_schedule_api,2026-08-24T09:51:37.230635+09:00,,,1,2026-08-22T00:18:40.734118+09:00,2026-08-24T09:54:18.987653+09:00
d5546ed72ee3014cd4158511a270a3b6,2026-08-23,2026-08-23T18:20:00+09:00,2026-08-23T19:25:00+09:00,hs_hnsmall,홈앤쇼핑,[NO팁/NO옵션/NO유류세인상분] 북해도 단풍/눈꽃 하이라이트 4일,북해도 단풍/눈꽃 하이라이트 4일,북해도 단풍/눈꽃 하이라이트 4일,,,,확인필요,북해도 단풍/눈꽃 하이라이트 4일,식품,1,949,0,,,validated_paid,paid_schedule_api,2026-08-24T09:51:37.230635+09:00,,,1,2026-08-22T00:18:40.734118+09:00,2026-08-24T09:54:18.987653+09:00
ed2abf7653ed68522b058d50d04434e4,2026-08-23,2026-08-23T18:21:00+09:00,2026-08-23T19:21:00+09:00,hs_skstoa,SK스토아,[용량 업! 방송에서만 10박스 더!]유기농 레몬즙 20+10박스(22g*10포*30박스/300포) | 원산지 : 상품정보 참조,유기농 레몬즙 20+10박스 | 원산지 : 상품정보 참조,유기농 레몬즙 20+10박스 | 원산지 : 상품정보 참조,,,,확인필요,유기농 레몬즙 20+10박스 | 원산지 : 상품정보 참조,식품,1,276,54648000,,,validated_paid,paid_schedule_api,2026-08-24T09:51:37.230635+09:00,,,1,2026-08-20T19:03:15.331106+09:00,2026-08-24T09:54:18.987653+09:00
ca327ccad04469a25b2a19abd23cb315,2026-08-23,2026-08-23T18:40:00+09:00,2026-08-23T19:40:00+09:00,hs_lotteimallonetv,롯데원티비,[보물섬투어] 보물섬투어 푸꾸옥VS나트랑 5일 패키지,보물섬투어 푸꾸옥VS나트랑 5일 패키지,보물섬투어 푸꾸옥VS나트랑 5일 패키지,,,,미분류,,식품,1,0,0,,,validated_paid,paid_schedule_api,2026-08-24T09:51:37.230635+09:00,,,1,2026-08-20T16:45:12.228207+09:00,2026-08-24T09:54:18.987653+09:00
e882f3c8edb1ab8dd13d7b3e8934097c,2026-08-23,2026-08-23T18:40:00+09:00,2026-08-23T19:40:00+09:00,hs_nsmallshopplus,NS홈쇼핑 샵플러스,손질낙지1,손질낙지1,손질낙지1,,,,미분류,,식품,3,,,,,missing,free_schedule_2350,2026-08-24T00:08:56.671753+09:00,,,,2026-08-20T16:45:12.228207+09:00,2026-08-21T00:20:11.105409+09:00
4922e6df3722928121c4dbf06d86bee8,2026-08-23,2026-08-23T19:22:00+09:00,2026-08-23T20:43:00+09:00,hs_nsmallshopplus,NS홈쇼핑 샵플러스,호박고구마1,호박고구마1,호박고구마1,,,,미분류,,식품,1,3523,105337700,,,validated_paid,paid_schedule_api,2026-08-24T09:51:37.230635+09:00,,,1,2026-08-22T00:18:40.734118+09:00,2026-08-24T09:54:18.987653+09:00
bb044ce5d63d36e052f729092c37e6cc,2026-08-23,2026-08-23T20:25:00+09:00,2026-08-23T21:26:00+09:00,hs_shinsegae,신세계쇼핑,26) 조선호텔 양념 LA갈비 400g X 8팩,26) 조선호텔 양념 LA갈비 400g X 8팩,26) 조선호텔 양념 LA갈비 400g X 8팩,,,,미분류,,식품,1,683,88721700,,,validated_paid,paid_schedule_api,2026-08-24T09:51:37.230635+09:00,,,1,2026-08-22T00:18:40.734118+09:00,2026-08-24T09:54:18.987653+09:00
3cabce414c54bb1b86ad6ad902972289,2026-08-23,2026-08-23T20:30:00+09:00,2026-08-23T21:35:00+09:00,hs_lotteimall,롯데홈쇼핑,[덴마크 유산균이야기] ♥방송에서만! 가장 저렴하게!♥ 덴프스 덴마크 유산균이야기 우먼 6병(12개월분),♥방송에서만! 가장 저렴하게!♥ 덴프스 덴마크 유산균이야기 우먼 6병,덴프스 덴마크 유산균 이야기,덴프스,유산균,유산균,확정,덴프스 덴마크 유산균 이야기,식품,4,1616,287502000,,,validated_paid,paid_schedule_api,2026-08-24T09:51:37.230635+09:00,,,1,2026-08-20T16:45:12.228207+09:00,2026-08-24T09:54:18.987653+09:00
6bf37e6f124405ddd914511dd9a2225a,2026-08-23,2026-08-23T20:33:00+09:00,2026-08-23T21:33:00+09:00,hs_shopntmall,쇼핑엔티,(방송에서만 2세트 더) 정호영셰프의 신선담은 손질왕낙지 170g x 11팩 + 비법담은 볶음소스 50g x 11팩,정호영셰프의 신선담은 손질왕낙지 170g x 11팩 + 비법담은 볶음소스 50g x 11팩,정호영셰프의 신선담은 손질왕낙지 170g x 11팩 + 비법담은 볶음소스 50g x 11팩,,,,미분류,,식품,1,1679,88819100,,,validated_paid,paid_schedule_api,2026-08-24T09:51:37.230635+09:00,,,1,2026-08-20T16:45:12.228207+09:00,2026-08-24T09:54:18.987653+09:00
95f952fe3b4ecb489ea91adfb266786b,2026-08-23,2026-08-23T20:40:00+09:00,2026-08-23T21:24:00+09:00,hs_kshop,KT알파쇼핑,종근당건강_알티지오메가3,종근당건강_알티지오메가3,종근당건강_알티지오메가3,,,,확인필요,종근당건강_알티지오메가3,식품,1,210,37380000,,,validated_paid,paid_schedule_api,2026-08-24T09:51:37.230635+09:00,,,1,2026-08-22T00:18:40.734118+09:00,2026-08-24T09:54:18.987653+09:00
3771df1c1f4b0f27d2a75e1890b28827,2026-08-23,2026-08-23T21:20:00+09:00,2026-08-23T21:44:00+09:00,hs_kshop,KT알파쇼핑,종근당건강_알티지오메가3,종근당건강_알티지오메가3,종근당건강_알티지오메가3,,,,확인필요,종근당건강_알티지오메가3,식품,1,143,25454000,,,validated_paid,paid_schedule_api,2026-08-24T09:51:37.230635+09:00,,,1,2026-08-22T00:18:40.734118+09:00,2026-08-24T09:54:18.987653+09:00
94b7618b629442552be005e661c8c812,2026-08-23,2026-08-23T21:40:00+09:00,2026-08-23T22:40:00+09:00,hs_lotteimallonetv,롯데원티비,[교원투어 ] 교원투어 치앙마이 5/6일 패키지,교원투어 치앙마이 5/6일 패키지,교원투어 치앙마이 5/6일 패키지,,제외,,제외,교원투어,식품,1,0,0,,,validated_paid_insert,paid_schedule_api,2026-08-24T09:51:37.230635+09:00,,,1,2026-08-24T09:51:36.480854+09:00,2026-08-24T09:54:18.987653+09:00
ff8f9b5a6a58fa5e4287e349387f9814,2026-08-23,2026-08-23T22:00:00+09:00,2026-08-23T23:00:00+09:00,hs_gongyoung,공영쇼핑,[한국인의 두유]무가당 국산 서리태 콩물두유 60팩(20팩*3박스),무가당 국산 서리태 콩물두유 60팩,무가당 국산 서리태 콩물두유 60팩,,,,미분류,,식품,8,1082,80500000,,,validated_paid,paid_schedule_api,2026-08-24T09:51:37.230635+09:00,,,1,2026-08-20T16:45:12.228207+09:00,2026-08-24T09:54:18.987653+09:00
d8a31aeca86d69639ae74f3e661cfaef,2026-08-23,2026-08-23T23:21:00+09:00,2026-08-24T00:21:00+09:00,hs_skstoa,SK스토아,[방송에서만] 프리미엄 오한진의 백세알부민 4박스(120병)+백세알부민 활력 365 8박스(240포) | 원산지 : 상품정보 참조,프리미엄 오한진의 백세알부민 4박스 +백세알부민 활력 365 8박스 | 원산지 : 상품정보 참조,프리미엄 오한진의 백세알부민 4박스 +백세알부민 활력 365 8박스 | 원산지 : 상품정보 참조,,,,확인필요,프리미엄 오한진의 백세알부민 4박스 +백세알부민 활력 365 8박스 | 원산지 : 상품정보 참조,식품,2,,,,,needs_manual,free_schedule_2350,2026-08-24T00:08:56.671772+09:00,object_not_found,2026-08-24T09:54:20.875679+09:00,,2026-08-22T00:18:40.734118+09:00,2026-08-23T00:03:05.573332+09:00
bda7f519a3656465065a81924a075185,2026-08-23,2026-08-23T23:23:00+09:00,2026-08-24T00:45:00+09:00,hs_nsmallshopplus,NS홈쇼핑 샵플러스,명란1,명란1,명란1,,,,미분류,,식품,5,1222,67182700,,,needs_manual,paid_schedule_api,2026-08-24T09:51:37.230635+09:00,object_not_found,2026-08-24T09:54:22.855749+09:00,1,2026-08-22T00:18:40.734118+09:00,2026-08-24T09:54:18.987653+09:00
17c2ece19536046c9774ebaf8ea173c9,2026-08-23,2026-08-23T23:40:00+09:00,2026-08-24T00:40:00+09:00,hs_nsmallshopplus,NS홈쇼핑 샵플러스,명란1,명란1,명란1,,,,미분류,,식품,5,,,,,needs_manual,free_schedule_2350,2026-08-24T00:08:56.671776+09:00,object_not_found,2026-08-24T09:54:24.706995+09:00,,2026-08-20T16:45:12.228207+09:00,2026-08-21T00:20:11.105409+09:00
533c08547814e0c16cf402f6890fa9bc,2026-08-24,2026-08-24T00:21:00+09:00,2026-08-24T01:21:00+09:00,hs_skstoa,SK스토아,(방송에서만 50프로세일)★골드 파로효소 캡슐레이션 10박스 + 무선 텀블러 블렌더★ | 원산지 : 상품정보 참조,★골드 파로효소 캡슐레이션 10박스 + 무선 텀블러 블렌더★ | 원산지 : 상품정보 참조,골드 파로효소,,건강식품/효소,효소,확정,골드파로효소,식품,1,250,44750000,,,captured,free_schedule_2350,2026-08-24T09:54:31.234391+09:00,,,1,2026-08-20T16:45:12.414716+09:00,2026-08-24T09:54:25.093084+09:00
ff6ce7ff5f30663ff77ad7a095989d4a,2026-08-24,2026-08-24T00:32:00+09:00,2026-08-24T01:31:00+09:00,hs_shopntmall,쇼핑엔티,[50％세일] 골드 파로효소 캡슐레이션 10박스 + 텀블러믹서기,골드 파로효소 캡슐레이션 10박스 + 텀블러믹서기,골드 파로효소,,건강식품/효소,효소,확정,골드파로효소,식품,1,152,27208000,,,captured,free_schedule_2350,2026-08-24T09:54:31.234403+09:00,,,1,2026-08-20T16:45:12.414716+09:00,2026-08-24T09:54:25.093084+09:00
0190acdb79768f3a1912fc375094015d,2026-08-24,2026-08-24T01:00:00+09:00,2026-08-24T01:50:00+09:00,hs_gongyoung,공영쇼핑,[품애복] 1등급 무항생제 오리로스 14팩 (총 2.1kg),1등급 무항생제 오리로스 14팩,1등급 무항생제 오리로스 14팩,,,,확인필요,1등급 무항생제 오리로스 14팩,식품,1,443,17675700,,,captured,free_schedule_2350,2026-08-24T09:54:31.234408+09:00,,,1,2026-08-21T00:20:13.462051+09:00,2026-08-24T09:54:25.093084+09:00
4b909db24fb4b8047ca077cd4ad5ab72,2026-08-24,2026-08-24T01:00:00+09:00,2026-08-24T01:55:00+09:00,hs_lotteimall,롯데홈쇼핑,[프리메로] ☆방송에서만 10+2박스☆ 프리메로 블루베리 리얼 100 (30ml x 10포 x 12박스),☆방송에서만 10+2박스☆ 프리메로 블루베리 리얼 100,프리메로 블루베리 리얼,프리메로,과채주스/베리,블루베리,확정,프리메로 블루베리 리얼,식품,2,58,7482000,,,captured,free_schedule_2350,2026-08-24T09:54:31.234412+09:00,,,1,2026-08-20T16:45:12.414716+09:00,2026-08-24T09:54:25.093084+09:00
9dd4485f9c768e8c5663718d4540735f,2026-08-24,2026-08-24T01:00:00+09:00,2026-08-24T01:40:00+09:00,hs_hmallplus,현대홈쇼핑 플러스샵,[방송에서만70%세일][프리메로] 유기농 레몬즙 10박스(총 140포),유기농 레몬즙 10박스,유기농 레몬즙 10박스,,,,미분류,,식품,1,203,9947000,,,captured,free_schedule_2350,2026-08-24T09:54:31.234415+09:00,,,1,2026-08-20T16:45:12.414716+09:00,2026-08-24T09:54:25.093084+09:00
c8e465462fea70313b511687de753c6e,2026-08-24,2026-08-24T01:00:00+09:00,2026-08-24T01:31:00+09:00,hs_cjonstyle,CJ온스타일,다정헌 호박팥차,다정헌 호박팥차,다정헌 호박팥차,,,,확인필요,다정헌 호박팥차,식품,1,272,8948800,,,captured,free_schedule_2350,2026-08-24T09:54:31.234418+09:00,,,1,2026-08-22T00:18:42.359211+09:00,2026-08-24T09:54:25.093084+09:00
de817a1ef869825d8fe3e2ab14128068,2026-08-24,2026-08-24T01:00:00+09:00,2026-08-24T02:01:00+09:00,hs_nsmall,NS홈쇼핑,히트상품 앵콜방송1부,히트상품 앵콜방송1부,히트상품 앵콜방송1부,,,,미분류,,식품,2,69,20485000,,,captured,free_schedule_2350,2026-08-24T09:54:31.234421+09:00,,,1,2026-08-20T16:45:12.414716+09:00,2026-08-24T09:54:25.093084+09:00
15baaea59d6ad6dee016da6c85da25de,2026-08-24,2026-08-24T01:50:00+09:00,2026-08-24T02:31:00+09:00,hs_gsshopmyshop,GS홈쇼핑 마이샵,여수돌산갓김치 6kg (2kg+2kg+2kg),여수돌산갓김치 6kg,여수돌산갓김치 6kg,,,,미분류,,식품,1,231,9216900,,,captured,free_schedule_2350,2026-08-24T09:54:31.234424+09:00,,,1,2026-08-20T16:45:12.414716+09:00,2026-08-24T09:54:25.093084+09:00
87a98afec0f87da84b07727cf0c31da6,2026-08-24,2026-08-24T02:00:00+09:00,2026-08-24T03:02:00+09:00,hs_nsmall,NS홈쇼핑,히트상품 앵콜방송 2부,히트상품 앵콜방송 2부,히트상품 앵콜방송 2부,,,,미분류,,식품,5,209,11981100,,,captured,free_schedule_2350,2026-08-24T09:54:31.234427+09:00,,,1,2026-08-20T16:45:12.414716+09:00,2026-08-24T09:54:25.093084+09:00
b23b25399d0c7447e9182daf04e97d2c,2026-08-24,2026-08-24T02:00:00+09:00,2026-08-24T02:41:00+09:00,hs_nsmallshopplus,NS홈쇼핑 샵플러스,고춧가루4,고춧가루4,고춧가루4,,조미식품,고추,확인필요,고춧가루4,식품,2,28,2062200,,,captured,free_schedule_2350,2026-08-24T09:54:31.234429+09:00,,,1,2026-08-22T00:18:42.359211+09:00,2026-08-24T09:54:25.093084+09:00
e9cbc10044e209982f5b5c4f72c9d51c,2026-08-24,2026-08-24T02:15:00+09:00,2026-08-24T02:25:00+09:00,hs_cjonstyleplus,CJ온스타일 플러스,호주직수입 베지 크리스프 오리지널 * 2봉+브로콜리 플로렛츠 * 2봉+표고버섯 크리스프 * 2봉+ 스냅피 * 2봉,호주직수입 베지 크리스프 오리지널 * 2봉+브로콜리 플로렛츠 * 2봉+표고버섯 크리스프 * 2봉+ 스냅피 * 2봉,호주직수입 베지 크리스프 오리지널 * 2봉+브로콜리 플로렛츠 * 2봉+표고버섯 크리스프 * 2봉+ 스냅피 * 2봉,,,,확인필요,호주직수입 베지 크리스프 오리지널 * 2봉+브로콜리 플로렛츠 * 2봉+표고버섯 크리스프 * 2봉+ 스냅피 * 2봉,식품,1,6,359400,,,captured,free_schedule_2350,2026-08-24T09:54:31.234432+09:00,,,1,2026-08-20T19:03:17.044868+09:00,2026-08-24T09:54:25.093084+09:00
60a83e0f0f0e43704aa7aec54d65233d,2026-08-24,2026-08-24T02:20:00+09:00,2026-08-24T03:00:00+09:00,hs_hmallplus,현대홈쇼핑 플러스샵,오세득셰프의 우삼겹구이 160g x 11팩 (방송에서만 1팩 더 총 12팩),오세득셰프의 우삼겹구이 160g x 11팩,오세득셰프의 우삼겹구이 160g x 11팩,,,,미분류,,식품,1,56,3354400,,,captured,free_schedule_2350,2026-08-24T09:54:31.234435+09:00,,,1,2026-08-20T16:45:12.414716+09:00,2026-08-24T09:54:25.093084+09:00
6c659c0d6dd6c4a26e56cc3b2911cf79,2026-08-24,2026-08-24T02:28:00+09:00,2026-08-24T02:38:00+09:00,hs_shinsegae,신세계쇼핑,[효돈농협]프리미엄 제주 하우스 감귤 특등급 2.5kg (2s-m 사이즈),프리미엄 제주 하우스 감귤 특등급 2.5kg,프리미엄 제주 하우스 감귤 특등급 2.5kg,,,,미분류,,식품,3,22,825800,,,captured,free_schedule_2350,2026-08-24T09:54:31.234438+09:00,,,1,2026-08-20T17:37:08.976293+09:00,2026-08-24T09:54:25.093084+09:00
1c599e66e210895ae41039253ad7cfe5,2026-08-24,2026-08-24T02:45:00+09:00,2026-08-24T02:55:00+09:00,hs_cjonstyleplus,CJ온스타일 플러스,호주직수입 베지 크리스프 오리지널 * 2봉+브로콜리 플로렛츠 * 2봉+표고버섯 크리스프 * 2봉+ 스냅피 * 2봉,호주직수입 베지 크리스프 오리지널 * 2봉+브로콜리 플로렛츠 * 2봉+표고버섯 크리스프 * 2봉+ 스냅피 * 2봉,호주직수입 베지 크리스프 오리지널 * 2봉+브로콜리 플로렛츠 * 2봉+표고버섯 크리스프 * 2봉+ 스냅피 * 2봉,,,,확인필요,호주직수입 베지 크리스프 오리지널 * 2봉+브로콜리 플로렛츠 * 2봉+표고버섯 크리스프 * 2봉+ 스냅피 * 2봉,식품,1,4,239600,,,captured,free_schedule_2350,2026-08-24T09:54:31.234441+09:00,,,1,2026-08-20T19:03:17.044868+09:00,2026-08-24T09:54:25.093084+09:00
0ecaee3993b31b3cff075c3ccf7964b4,2026-08-24,2026-08-24T02:50:00+09:00,2026-08-24T03:20:00+09:00,hs_gongyoung,공영쇼핑,제주산 당찬여주 분말17통+스푼5개_R,제주산 당찬여주 분말17통+스푼5개_R,제주산 당찬여주 분말17통+스푼5개_R,,,,확인필요,제주산 당찬여주 분말17통+스푼5개_R,식품,1,17,2346000,,,captured,free_schedule_2350,2026-08-24T09:54:31.234444+09:00,,,1,2026-08-22T00:18:42.359211+09:00,2026-08-24T09:54:25.093084+09:00
cb014b929b338c2ac48db22dc41ea855,2026-08-24,2026-08-24T03:00:00+09:00,2026-08-24T03:10:00+09:00,hs_hmallplus,현대홈쇼핑 플러스샵,100% 서해안 자연산 손질 대하 총100마리,100% 서해안 자연산 손질 대하 총100마리,서해안 자연산 손질 대하,,수산물,수산물,확정,서해안 자연산 손질 대하,식품,1,0,0,,,captured,free_schedule_2350,2026-08-24T09:54:31.234447+09:00,,,1,2026-08-20T16:45:12.414716+09:00,2026-08-24T09:54:25.093084+09:00
bf2e24abc4fbb00ca85d4fdc3aec518d,2026-08-24,2026-08-24T03:10:00+09:00,2026-08-24T03:40:00+09:00,hs_gsshop,GS홈쇼핑,베리솔 더 콜라겐구미 클래식 16주(총16봉),베리솔 더 콜라겐구미 클래식 16주,베리솔 더 콜라겐구미 클래식 16주,,,,확인필요,베리솔 더 콜라겐구미 클래식 16주,식품,2,13,5187000,,,captured,free_schedule_2350,2026-08-24T09:54:31.234450+09:00,,,1,2026-08-20T16:45:12.414716+09:00,2026-08-24T09:54:25.093084+09:00
000d48f5be23c86e04aeafff0f9c8e7c,2026-08-24,2026-08-24T03:20:00+09:00,2026-08-24T04:02:00+09:00,hs_nsmall,NS홈쇼핑,히트상품 앵콜방송3부,히트상품 앵콜방송3부,히트상품 앵콜방송3부,,,,미분류,,식품,2,170,7713500,,,captured,free_schedule_2350,2026-08-24T09:54:31.234452+09:00,,,1,2026-08-20T16:45:12.414716+09:00,2026-08-24T09:54:25.093084+09:00
725e077e60d55ba722a87906493e894e,2026-08-24,2026-08-24T03:30:00+09:00,2026-08-24T03:40:00+09:00,hs_hmallplus,현대홈쇼핑 플러스샵,100% 서해안 자연산 손질 대하 총100마리,100% 서해안 자연산 손질 대하 총100마리,서해안 자연산 손질 대하,,수산물,수산물,확정,서해안 자연산 손질 대하,식품,1,,,,,missing,free_schedule_2350,2026-08-24T09:54:31.234456+09:00,,,1,2026-08-20T16:45:12.414716+09:00,2026-08-24T09:54:25.093084+09:00
76627b8c62aaebd3b29e99b3c0909f99,2026-08-24,2026-08-24T04:00:00+09:00,2026-08-24T05:02:00+09:00,hs_nsmall,NS홈쇼핑,히트상품 앵콜방송4부,히트상품 앵콜방송4부,히트상품 앵콜방송4부,,,,미분류,,식품,2,741,22155900,,,captured,free_schedule_2350,2026-08-24T09:54:31.234459+09:00,,,1,2026-08-20T16:45:12.414716+09:00,2026-08-24T09:54:25.093084+09:00
b56c415ebb115ec0cf503a90c69acb77,2026-08-24,2026-08-24T04:11:00+09:00,2026-08-24T04:51:00+09:00,hs_skstoa,SK스토아,(방송중에만3봉더)콩국이 기가막혀(콩국물 가루) 90g x 16봉 | 원산지 : 상품정보 참조,콩국이 기가막혀 90g x 16봉 | 원산지 : 상품정보 참조,콩국이 기가막혀 90g x 16봉 | 원산지 : 상품정보 참조,,,,확인필요,콩국이 기가막혀 90g x 16봉 | 원산지 : 상품정보 참조,식품,1,148,5905200,,,captured,free_schedule_2350,2026-08-24T09:54:31.234461+09:00,,,1,2026-08-22T00:18:42.359211+09:00,2026-08-24T09:54:25.093084+09:00
9ea6b14619d1b1b812b8bb1b628fae28,2026-08-24,2026-08-24T04:16:00+09:00,2026-08-24T04:36:00+09:00,hs_lotteimallonetv,롯데원티비,[5박스] 김소형원방 온감환 다이어트 (5g*28포*5박스),김소형원방 온감환 다이어트,김소형원방 온감환 다이어트,,,,확인필요,김소형원방 온감환 다이어트,식품,1,0,0,,,captured,free_schedule_2350,2026-08-24T09:54:31.234464+09:00,,,1,2026-08-22T00:18:42.359211+09:00,2026-08-24T09:54:25.093084+09:00
494d4fef4c942271bbf58fdbe35a855d,2026-08-24,2026-08-24T04:17:00+09:00,2026-08-24T04:37:00+09:00,hs_shopntmall,쇼핑엔티,닥터린 콘드로이친 1200 콘레이티+MBP 12개월분,닥터린 콘드로이친 1200 콘레이티+MBP 12개월분,닥터린 콘드로이친 1200 콘레이티+MBP 12개월분,,,,미분류,,식품,2,1,329000,,,captured,free_schedule_2350,2026-08-24T09:54:31.234467+09:00,,,1,2026-08-20T16:45:12.414716+09:00,2026-08-24T09:54:25.093084+09:00
19f0ef010cfb1439da4c42b005167901,2026-08-24,2026-08-24T04:19:00+09:00,2026-08-24T04:30:00+09:00,hs_shinsegae,신세계쇼핑,[방송에서만] 앱솔리 또또뻥 국내산 현미 8봉 + 호라산밀앤파로 8봉,앱솔리 또또뻥 국내산 현미 8봉 + 호라산밀앤파로 8봉,앱솔리 또또뻥 국내산 현미 8봉 + 호라산밀앤파로 8봉,,,,미분류,,식품,4,22,869900,,,captured,free_schedule_2350,2026-08-24T09:54:31.234471+09:00,,,1,2026-08-20T19:03:17.044868+09:00,2026-08-24T09:54:25.093084+09:00
767597273cc31a625a91463d4d0f9f16,2026-08-24,2026-08-24T04:19:00+09:00,2026-08-24T04:30:00+09:00,hs_shinsegae,신세계쇼핑,[방송에서만] 한끼든든 장어탕 350g x 8팩 + 1팩 더 (총 9팩),한끼든든 장어탕 350g x 8팩 + 1팩 더,한끼든든 장어탕 350g x 8팩 + 1팩 더,,,,미분류,,식품,2,,,,,missing,free_schedule_2350,2026-08-24T09:54:31.234475+09:00,,,,2026-08-20T17:37:08.976293+09:00,2026-08-20T17:37:08.976293+09:00
eb2517b28d469e855ce4c2040ba2b9fb,2026-08-24,2026-08-24T04:20:00+09:00,2026-08-24T04:30:00+09:00,hs_cjonstyleplus,CJ온스타일 플러스,[방송에서만] 이시형 박사의 인생 마그네슘 영양제 6+3박스,이시형 박사의 인생 마그네슘 영양제 6+3박스,이시형 박사의 인생 마그네슘,이시형,영양제/미네랄,마그네슘,확정,이시형 박사의 인생 마그네슘 영양제,식품,1,3,837000,,,captured,free_schedule_2350,2026-08-24T09:54:31.234480+09:00,,,1,2026-08-20T16:45:12.414716+09:00,2026-08-24T09:54:25.093084+09:00
9d6c92b3ae90f718db8097105da3e8b9,2026-08-24,2026-08-24T04:36:00+09:00,2026-08-24T04:41:00+09:00,hs_lotteimallonetv,롯데원티비,[태현] 알뜰 못난이 보조개 초록사과 3kg,알뜰 못난이 보조개 초록사과 3kg,알뜰 못난이 보조개 초록사과 3kg,,,,미분류,,식품,1,3,59700,,,captured,free_schedule_2350,2026-08-24T09:54:31.234483+09:00,,,1,2026-08-22T00:18:42.359211+09:00,2026-08-24T09:54:25.093084+09:00
169158cb35b410e23ad0609838f55a44,2026-08-24,2026-08-24T04:37:00+09:00,2026-08-24T05:36:00+09:00,hs_shopntmall,쇼핑엔티,종근당건강 헬씨칸 밀크씨슬 로얄 10개월분 + 2개월분 더!,종근당건강 헬씨칸 밀크씨슬 로얄 10개월분 + 2개월분 더!,종근당건강 헬씨칸 밀크씨슬 로얄 10개월분 + 2개월분 더!,,,,미분류,,식품,1,68,8092000,,,captured,free_schedule_2350,2026-08-24T09:54:31.234486+09:00,,,1,2026-08-20T16:45:12.414716+09:00,2026-08-24T09:54:25.093084+09:00
9d23f88c259333a638a76a9b4601c89a,2026-08-24,2026-08-24T04:40:00+09:00,2026-08-24T05:20:00+09:00,hs_hmallplus,현대홈쇼핑 플러스샵,김오곤 원장의 한방(Onepunch) 다이어트환 4+1박스(총10주분),김오곤 원장의 한방 다이어트환 4+1박스,김오곤 원장의 한방 다이어트 환,김오곤,다이어트,한방 환,확정,김오곤 원장의 한방 다이어트 환,식품,1,89,8811000,,,captured,free_schedule_2350,2026-08-24T09:54:31.234489+09:00,,,1,2026-08-20T16:45:12.414716+09:00,2026-08-24T09:54:25.093084+09:00
cf41ebc8dbeca280de421d34d119b5ba,2026-08-24,2026-08-24T04:50:00+09:00,2026-08-24T05:21:00+09:00,hs_hmall,현대홈쇼핑,난각번호 1번 무항생제 유정란 대란(L사이즈) 40구_파손보장,난각번호 1번 무항생제 유정란 대란 40구_파손보장,난각번호 1번 무항생제 유정란 대란 40구_파손보장,,,,미분류,,식품,1,600,15540000,,,captured,free_schedule_2350,2026-08-24T09:54:31.234492+09:00,,,1,2026-08-20T16:45:12.414716+09:00,2026-08-24T09:54:25.093084+09:00
109418ff1a06eebc6c34ac13012104fd,2026-08-24,2026-08-24T05:00:00+09:00,2026-08-24T05:30:00+09:00,hs_gsshop,GS홈쇼핑,[방송에서만] 두뇌엔 닥터 PS 맥스 포스파티딜세린 9+1박스,두뇌엔 닥터 PS 맥스 포스파티딜세린 9+1박스,두뇌엔 닥터PS,두뇌엔,건강식품/두뇌·인지,포스파티딜세린,확정,두뇌엔닥터PS,식품,3,15,5972000,,,captured,free_schedule_2350,2026-08-24T09:54:31.234494+09:00,,,1,2026-08-20T16:45:12.414716+09:00,2026-08-24T09:54:25.093084+09:00
13d7ae222fa9951ac1b5410ba2373824,2026-08-24,2026-08-24T05:00:00+09:00,2026-08-24T05:42:00+09:00,hs_nsmall,NS홈쇼핑,못난이사과,못난이사과,못난이사과,,과일,사과,확인필요,못난이사과,식품,1,221,8817900,,,captured,free_schedule_2350,2026-08-24T09:54:31.234497+09:00,,,1,2026-08-20T16:45:12.414716+09:00,2026-08-24T09:54:25.093084+09:00
8bac31f52af1040c8b969051110fc888,2026-08-24,2026-08-24T05:00:00+09:00,2026-08-24T06:00:00+09:00,hs_gongyoung,공영쇼핑,"★유기농 100%★ 동결건조 만능 야채톡 (2g×10포)×10박스+1박스, 총 110포","★유기농 100%★ 동결건조 만능 야채톡 ×10박스+1박스, 총 110포","★유기농 100%★ 동결건조 만능 야채톡 ×10박스+1박스, 총 110포",,,,확인필요,"★유기농 100%★ 동결건조 만능 야채톡 ×10박스+1박스, 총 110포",식품,2,546,31705400,,,captured,free_schedule_2350,2026-08-24T09:54:31.234500+09:00,,,1,2026-08-22T00:18:42.359211+09:00,2026-08-24T09:54:25.093084+09:00
25590ae540d5f6a0965a6565568f0f5c,2026-08-24,2026-08-24T05:15:00+09:00,2026-08-24T06:15:00+09:00,hs_lotteimall,롯데홈쇼핑,[닥터린] ○[12+6개월] 하이퍼셀 식물성 멜라토닌 함유 멜라바인 18박스,○ 하이퍼셀 식물성 멜라토닌 함유 멜라바인 18박스,○ 하이퍼셀 식물성 멜라토닌 함유 멜라바인 18박스,,,,미분류,,식품,2,58,16842000,,,captured,free_schedule_2350,2026-08-24T09:54:31.234503+09:00,,,1,2026-08-20T16:45:12.414716+09:00,2026-08-24T09:54:25.093084+09:00
67d7995a07062ce35d2050fe1756a28b,2026-08-24,2026-08-24T05:15:00+09:00,2026-08-24T05:45:00+09:00,hs_cjonstyleplus,CJ온스타일 플러스,완도 손질 전복 20 미.,완도 손질 전복 20 미.,완도 손질 전복 20 미.,,,,확인필요,완도 손질 전복 20 미.,식품,1,89,5331100,,,captured,free_schedule_2350,2026-08-24T09:54:31.234506+09:00,,,1,2026-08-22T00:18:42.359211+09:00,2026-08-24T09:54:25.093084+09:00
309458ee06572d0b552b10ab110be871,2026-08-24,2026-08-24T05:20:00+09:00,2026-08-24T06:00:00+09:00,hs_hmallplus,현대홈쇼핑 플러스샵,[50%세일] 팔레오 초임계 알티지 오메가3 10개월분,팔레오 초임계 알티지 오메가3 10개월분,팔레오 초임계 알티지 오메가3 10개월분,,,,미분류,,식품,1,101,8989000,,,captured,free_schedule_2350,2026-08-24T09:54:31.234508+09:00,,,1,2026-08-20T19:03:17.044868+09:00,2026-08-24T09:54:25.093084+09:00
40ff225d24ca2e6d3b9c445aeaff1b04,2026-08-24,2026-08-24T05:20:00+09:00,2026-08-24T06:16:00+09:00,hs_hmall,현대홈쇼핑,(총 12박스 초특가) 블루베리빌 100% 유기농 블루베리 10박스+2박스 더(30gx15포x12박스),블루베리빌 100% 유기농 블루베리 10박스+2박스 더,블루베리빌 100% 유기농 블루베리 10박스+2박스 더,,,,미분류,,식품,3,113,23054600,,,captured,free_schedule_2350,2026-08-24T09:54:31.234512+09:00,,,1,2026-08-20T16:45:12.414716+09:00,2026-08-24T09:54:25.093084+09:00
2b0c5a7eee2fbf3cee544d42614f339f,2026-08-24,2026-08-24T05:30:00+09:00,2026-08-24T06:31:00+09:00,hs_shinsegae,신세계쇼핑,(방송에서만 2+2박스) HLB제약 어진 맥문동 진액(총 120포),HLB제약 어진 맥문동 진액,HLB제약 어진 맥문동 진액,HLB제약,전통건강즙,맥문동,확정,HLB제약 어진 맥문동 진액,식품,2,214,27606000,,,captured,free_schedule_2350,2026-08-24T09:54:31.234514+09:00,,,1,2026-08-20T16:45:12.414716+09:00,2026-08-24T09:54:25.093084+09:00
c1c06b6ed16e4f46143b722d548070b1,2026-08-24,2026-08-24T05:30:00+09:00,2026-08-24T06:01:00+09:00,hs_gsshop,GS홈쇼핑,사임당푸드 저당 모시떡 2종 총50개 (밥알떡 40g 20개 + 흑임자 인절미 40g 30개),사임당푸드 저당 모시떡 2종 총50개,사임당푸드 저당 모시떡 2종 총50개,,,,미분류,,식품,1,233,9296700,,,captured,free_schedule_2350,2026-08-24T09:54:31.234517+09:00,,,1,2026-08-20T16:45:12.414716+09:00,2026-08-24T09:54:25.093084+09:00
06fa16a36f2c0672edf665e6d8307281,2026-08-24,2026-08-24T05:31:00+09:00,2026-08-24T06:31:00+09:00,hs_skstoa,SK스토아,[방송에서만] 이시형 박사의 인생 마그네슘 영양제 6박스+3박스 / 9박스 | 원산지 : 상품정보 참조,이시형 박사의 인생 마그네슘 영양제 6박스+3박스 / 9박스 | 원산지 : 상품정보 참조,이시형 박사의 인생 마그네슘,이시형,영양제/미네랄,마그네슘,확정,이시형 박사의 인생 마그네슘 영양제,식품,1,188,52452000,,,captured,free_schedule_2350,2026-08-24T09:54:31.234520+09:00,,,1,2026-08-20T16:45:12.414716+09:00,2026-08-24T09:54:25.093084+09:00
dd60dd2705f32cd10d1ab36816ba2f1c,2026-08-24,2026-08-24T05:40:00+09:00,2026-08-24T06:32:00+09:00,hs_nsmall,NS홈쇼핑,비너지대마종자유,비너지대마종자유,비너지대마종자유,,건강식품/오일,대마종자유,확정,비너지대마종자유,식품,3,304,40736000,,,captured,free_schedule_2350,2026-08-24T09:54:31.234523+09:00,,,1,2026-08-20T16:45:12.414716+09:00,2026-08-24T09:54:25.093084+09:00
7fc0aa7d976851eb23385417a7dae6ba,2026-08-24,2026-08-24T05:45:00+09:00,2026-08-24T06:45:00+09:00,hs_cjonstyleplus,CJ온스타일 플러스,[방송에서만] 이시형 박사의 인생 마그네슘 영양제 6+3박스,이시형 박사의 인생 마그네슘 영양제 6+3박스,이시형 박사의 인생 마그네슘,이시형,영양제/미네랄,마그네슘,확정,이시형 박사의 인생 마그네슘 영양제,식품,1,68,18972000,,,captured,free_schedule_2350,2026-08-24T09:54:31.234526+09:00,,,1,2026-08-20T16:45:12.414716+09:00,2026-08-24T09:54:25.093084+09:00
2842a6273b96c3a25593d37e2b9196ee,2026-08-24,2026-08-24T06:00:00+09:00,2026-08-24T07:15:00+09:00,hs_gsshop,GS홈쇼핑,카사베르디 와인비니거8+디스펜서1+텀블러블렌더,카사베르디 와인비니거8+디스펜서1+텀블러블렌더,카사베르디 와인비니거8+디스펜서1+텀블러블렌더,,,,확인필요,카사베르디 와인비니거8+디스펜서1+텀블러블렌더,식품,2,1053,130393000,,,captured,free_schedule_2350,2026-08-24T09:54:31.234529+09:00,,,1,2026-08-20T16:45:12.414716+09:00,2026-08-24T09:54:25.093084+09:00
7bdff52054c148708c4c249745ce42e4,2026-08-24,2026-08-24T06:00:00+09:00,2026-08-24T06:40:00+09:00,hs_hmallplus,현대홈쇼핑 플러스샵,[방송에서만5+5] 팔레오 두뇌엔 포스파티딜세린 PS 10박스,팔레오 두뇌엔 포스파티딜세린 PS 10박스,팔레오 두뇌엔 포스파티딜세린 PS 10박스,,,,확인필요,팔레오 두뇌엔 포스파티딜세린 PS 10박스,식품,1,60,7740000,,,captured,free_schedule_2350,2026-08-24T09:54:31.234531+09:00,,,1,2026-08-20T19:03:17.044868+09:00,2026-08-24T09:54:25.093084+09:00
8301a39cf0b0b637834dfb070ffe19f9,2026-08-24,2026-08-24T06:00:00+09:00,2026-08-24T07:15:00+09:00,hs_hnsmall,홈앤쇼핑,[방송에서만 50%세일] NFC 착즙 보넬드 아이엠 당근 12병 (1L X 12병),NFC 착즙 보넬드 아이엠 당근 12병,보넬드 아이엠 당근주스,보넬드,과채주스,당근,확정,NFC 착즙 보넬드 아이엠 당근,식품,1,1014,100386000,,,captured,free_schedule_2350,2026-08-24T09:54:31.234534+09:00,,,1,2026-08-20T16:45:12.414716+09:00,2026-08-24T09:54:25.093084+09:00
17bc69343976632f534ebb9b4a8bccd6,2026-08-24,2026-08-24T06:15:00+09:00,2026-08-24T07:15:00+09:00,hs_cjonstyle,CJ온스타일,[방송에서만] 황성주 박사의 라이프 밀6 + 2박스 + 흔들컵2,황성주 박사의 라이프 밀6 + 2박스 + 흔들컵2,황성주 박사의 라이프 밀6 + 2박스 + 흔들컵2,,,,미분류,,식품,2,155,45847000,,,captured,free_schedule_2350,2026-08-24T09:54:31.234537+09:00,,,1,2026-08-24T09:54:25.093084+09:00,2026-08-24T09:54:25.093084+09:00
8e8bc9e381fc46571509f092341c0cdb,2026-08-24,2026-08-24T06:15:00+09:00,2026-08-24T07:16:00+09:00,hs_hmall,현대홈쇼핑,여에스더 PS 포스파티딜세린 10박스(5개월분) + 카무트 효소 1박스,여에스더 PS 포스파티딜세린 10박스 + 카무트 효소 1박스,여에스더 PS 포스파티딜세린 10박스 + 카무트 효소 1박스,,,,미분류,,식품,10,1305,116145000,,,captured,free_schedule_2350,2026-08-24T09:54:31.234540+09:00,,,1,2026-08-20T16:45:12.414716+09:00,2026-08-24T09:54:25.093084+09:00
ae307a29e16c35fa2787ae76f5fd4eb7,2026-08-24,2026-08-24T06:15:00+09:00,2026-08-24T07:15:00+09:00,hs_cjonstyle,CJ온스타일,[1등 생식] 황성주 박사의 라이프 밀 4박스+흔들컵1,황성주 박사의 라이프 밀 4박스+흔들컵1,황성주 박사의 라이프 밀 4박스+흔들컵1,,,,미분류,,식품,1,,,,,missing,free_schedule_2350,2026-08-24T09:54:31.234543+09:00,,,,2026-08-22T00:18:42.359211+09:00,2026-08-24T00:08:52.525139+09:00
03a0910a23257a69de9eff31b9720de8,2026-08-24,2026-08-24T06:30:00+09:00,2026-08-24T07:32:00+09:00,hs_nsmall,NS홈쇼핑,이시형마그네슘,이시형마그네슘,이시형 박사의 인생 마그네슘,이시형,영양제/미네랄,마그네슘,확정,이시형마그네슘,식품,3,375,104625000,,,captured,free_schedule_2350,2026-08-24T09:54:31.234546+09:00,,,1,2026-08-20T16:45:12.414716+09:00,2026-08-24T09:54:25.093084+09:00
8ca2ed2dd8147cb873ea280bbf81eb7e,2026-08-24,2026-08-24T06:31:00+09:00,2026-08-24T07:31:00+09:00,hs_skstoa,SK스토아,"(방송에서 6만원세일, 6박스 더)통째로 갈아만든 블루베리 퓨레100 6박스에 6박스 더(12박스) | 원산지 : 상품정보 참조",통째로 갈아만든 블루베리 퓨레100 6박스에 6박스 더 | 원산지 : 상품정보 참조,통째로 갈아만든 블루베리 퓨레100 6박스에 6박스 더 | 원산지 : 상품정보 참조,,,,미분류,,식품,1,542,48238000,,,captured,free_schedule_2350,2026-08-24T09:54:31.234548+09:00,,,1,2026-08-20T16:45:12.414716+09:00,2026-08-24T09:54:25.093084+09:00
7e6943cee2a10148207bfd1c60a36031,2026-08-24,2026-08-24T06:35:00+09:00,2026-08-24T07:37:00+09:00,hs_kshop,KT알파쇼핑,넛츠데이_견과세트,넛츠데이_견과세트,넛츠데이_견과세트,,,,확인필요,넛츠데이_견과세트,식품,1,1471,88112900,,,captured,free_schedule_2350,2026-08-24T09:54:31.234551+09:00,,,1,2026-08-22T00:18:42.359211+09:00,2026-08-24T09:54:25.093084+09:00
3e9a27bef2931a1f3a1114df5732596d,2026-08-24,2026-08-24T06:36:00+09:00,2026-08-24T07:36:00+09:00,hs_shopntmall,쇼핑엔티,[50％세일]보넬드 아이엠 당근 주스 15병,보넬드 아이엠 당근 주스 15병,보넬드 아이엠 당근주스,보넬드,과채주스,당근,확정,보넬드 아이엠 당근 주스,식품,1,321,39162000,,,captured,free_schedule_2350,2026-08-24T09:54:31.234554+09:00,,,1,2026-08-20T16:45:12.414716+09:00,2026-08-24T09:54:25.093084+09:00
9b91259431830cfd933b11a807f8c961,2026-08-24,2026-08-24T06:36:00+09:00,2026-08-24T07:36:00+09:00,hs_gsshopmyshop,GS홈쇼핑 마이샵,뉴트리원 이병헌 루테인지아잔틴164 GR 12박스(12개월분),뉴트리원 이병헌 루테인지아잔틴164 GR 12박스,뉴트리원 이병헌 루테인지아잔틴164 GR,뉴트리원,건강식품/눈건강,루테인/카로티노이드,확정,뉴트리원 이병헌 루테인지아잔틴164 GR,식품,2,87,14544000,,,captured,free_schedule_2350,2026-08-24T09:54:31.234557+09:00,,,1,2026-08-20T16:45:12.414716+09:00,2026-08-24T09:54:25.093084+09:00
3688c07de4d5ba816d375490fd7e6ba4,2026-08-24,2026-08-24T06:40:00+09:00,2026-08-24T07:40:00+09:00,hs_lotteimallonetv,롯데원티비,[딱좋아] ●방송에서만 반값세일[10박스]딱좋아 석류 콜라겐 스틱(20g x 15포 x 10박스),●방송에서만 반값세일 딱좋아 석류 콜라겐 스틱,●방송에서만 반값세일 딱좋아 석류 콜라겐 스틱,,,,미분류,,식품,1,,,,,missing,free_schedule_2350,2026-08-24T09:54:31.234560+09:00,,,,2026-08-20T16:45:12.414716+09:00,2026-08-21T00:20:13.462051+09:00
7e671f27a5871950c3e0ec9aad26f82c,2026-08-24,2026-08-24T06:40:00+09:00,2026-08-24T07:40:00+09:00,hs_nsmallshopplus,NS홈쇼핑 샵플러스,정관장홍삼진고1,정관장홍삼진고1,정관장홍삼진고1,,,,확인필요,정관장홍삼진고1,식품,2,,,,,missing,free_schedule_2350,2026-08-24T09:54:31.234562+09:00,,,,2026-08-20T19:03:17.044868+09:00,2026-08-21T00:20:13.462051+09:00
99b70ae791e95c5e0518063580f5552e,2026-08-24,2026-08-24T06:41:00+09:00,2026-08-24T07:41:00+09:00,hs_lotteimallonetv,롯데원티비,[딱좋아] ●방송에서만 반값세일[10박스]딱좋아 석류 콜라겐 스틱(20g x 15포 x 10박스),●방송에서만 반값세일 딱좋아 석류 콜라겐 스틱,●방송에서만 반값세일 딱좋아 석류 콜라겐 스틱,,,,미분류,,식품,1,53,5247000,,,captured,free_schedule_2350,2026-08-24T09:54:31.234565+09:00,,,1,2026-08-22T00:18:42.359211+09:00,2026-08-24T09:54:25.093084+09:00
f4c175941fbabda85bea5f74e96c28ae,2026-08-24,2026-08-24T06:41:00+09:00,2026-08-24T07:42:00+09:00,hs_nsmallshopplus,NS홈쇼핑 샵플러스,정관장홍삼진고1,정관장홍삼진고1,정관장홍삼진고1,,,,확인필요,정관장홍삼진고1,식품,7,30,10899000,,,captured,free_schedule_2350,2026-08-24T09:54:31.234568+09:00,,,1,2026-08-22T00:18:42.359211+09:00,2026-08-24T09:54:25.093084+09:00
88586c95f7768d91eff45cfa021873fc,2026-08-24,2026-08-24T06:45:00+09:00,2026-08-24T07:45:00+09:00,hs_cjonstyleplus,CJ온스타일 플러스,카사베르디 유기농 와인비니거 레드6+2병+디스펜서,카사베르디 유기농 와인비니거 레드6+2병+디스펜서,카사베르디 유기농 와인비니거 레드6+2병+디스펜서,,,,확인필요,카사베르디 유기농 와인비니거 레드6+2병+디스펜서,식품,2,126,16014000,,,captured,free_schedule_2350,2026-08-24T09:54:31.234571+09:00,,,1,2026-08-22T00:18:42.359211+09:00,2026-08-24T09:54:25.093084+09:00
140de5c0069b29f6fab3c01e00900328,2026-08-24,2026-08-24T07:15:00+09:00,2026-08-24T08:20:00+09:00,hs_gongyoung,공영쇼핑,참진한 야생 지리산 칡즙 25포*5박스(총 125포),참진한 야생 지리산 칡즙 25포*5박스,참진한 야생 지리산 칡즙 25포*5박스,,,,미분류,,식품,2,1342,93581300,,,captured,free_schedule_2350,2026-08-24T09:54:31.234574+09:00,,,1,2026-08-20T16:45:12.414716+09:00,2026-08-24T09:54:25.093084+09:00
44ffe7121b36ce45283d71f9e18802ce,2026-08-24,2026-08-24T07:15:00+09:00,2026-08-24T08:16:00+09:00,hs_hmall,현대홈쇼핑,[현대단독] 패밀리세트 비에날씬 프로 12박스+비에날퀸 1박스+비에날씬 플러스 1박스,패밀리세트 비에날씬 프로 12박스+비에날퀸 1박스+비에날씬 플러스 1박스,비에날씬 프로,비에날씬,다이어트 유산균,BNR17 유산균,확정,비에날씬프로,식품,4,347,200298000,,,captured,free_schedule_2350,2026-08-24T09:54:31.234576+09:00,,,1,2026-08-20T16:45:12.414716+09:00,2026-08-24T09:54:25.093084+09:00
e51af503574076fd61b23000e5f442fc,2026-08-24,2026-08-24T07:36:00+09:00,2026-08-24T08:36:00+09:00,hs_gsshopmyshop,GS홈쇼핑 마이샵,관절엔 콘드로이친1200 12개월분 + 주영 오메가 2개월분,관절엔 콘드로이친1200 12개월분 + 주영 오메가 2개월분,관절엔 콘드로이친,관절엔,건강식품/관절,콘드로이친,확정,관절엔 콘드로이친,식품,3,186,105549000,,,captured,free_schedule_2350,2026-08-24T09:54:31.234579+09:00,,,1,2026-08-20T16:45:12.414716+09:00,2026-08-24T09:54:25.093084+09:00
8e93bd2b2fde4301d6d8d7d355fe7bcc,2026-08-24,2026-08-24T07:40:00+09:00,2026-08-24T08:40:00+09:00,hs_nsmallshopplus,NS홈쇼핑 샵플러스,안국 루테인 1,안국 루테인 1,안국 루테인,안국,건강식품/눈건강,루테인/카로티노이드,확정,안국 루테인,식품,1,,,,,missing,free_schedule_2350,2026-08-24T09:54:31.234582+09:00,,,,2026-08-20T16:45:12.414716+09:00,2026-08-21T00:20:13.462051+09:00
4775f94e8f338e5c536d5e484ac4defd,2026-08-24,2026-08-24T07:41:00+09:00,2026-08-24T08:43:00+09:00,hs_nsmallshopplus,NS홈쇼핑 샵플러스,안국 루테인 1,안국 루테인 1,안국 루테인,안국,건강식품/눈건강,루테인/카로티노이드,확정,안국 루테인,식품,1,130,19240000,,,captured,free_schedule_2350,2026-08-24T09:54:31.234585+09:00,,,1,2026-08-22T00:18:42.359211+09:00,2026-08-24T09:54:25.093084+09:00
9642c13a1ca52784f2c60e4f13088c33,2026-08-24,2026-08-24T07:45:00+09:00,2026-08-24T08:45:00+09:00,hs_cjonstyleplus,CJ온스타일 플러스,관절엔 콘드로이친1200 12개월+식물성오메가2개월분,관절엔 콘드로이친1200 12개월+식물성오메가2개월분,관절엔 콘드로이친,관절엔,건강식품/관절,콘드로이친,확정,관절엔 콘드로이친,식품,3,115,63896000,,,captured,free_schedule_2350,2026-08-24T09:54:31.234587+09:00,,,1,2026-08-20T16:45:12.414716+09:00,2026-08-24T09:54:25.093084+09:00
8fc816a6eaa1d875aeecfad50d51806d,2026-08-24,2026-08-24T08:30:00+09:00,2026-08-24T09:32:00+09:00,hs_nsmall,NS홈쇼핑,이경제흑염소진액,이경제흑염소진액,이경제흑염소진액,,,,미분류,,식품,2,215,60447000,,,captured,free_schedule_2350,2026-08-24T09:54:31.234590+09:00,,,1,2026-08-20T16:45:12.414716+09:00,2026-08-24T09:54:25.093084+09:00
107f45a0cba8fb4b65e82392f9a0319d,2026-08-24,2026-08-24T09:20:00+09:00,2026-08-24T09:40:00+09:00,hs_hmallplus,현대홈쇼핑 플러스샵,난각번호 1번 무항생제 유정란 대란 40구_파손보장,난각번호 1번 무항생제 유정란 대란 40구_파손보장,난각번호 1번 무항생제 유정란 대란 40구_파손보장,,,,미분류,,식품,1,788,21197200,,,captured,free_schedule_2350,2026-08-24T09:54:31.234593+09:00,,,1,2026-08-20T17:37:08.976293+09:00,2026-08-24T09:54:25.093084+09:00
d2169528f184679f8e093aab440b78eb,2026-08-24,2026-08-24T09:25:00+09:00,2026-08-24T10:25:00+09:00,hs_gsshop,GS홈쇼핑,비에날씬 프로 다이어트 유산균(6박스),비에날씬 프로 다이어트 유산균,비에날씬 프로,비에날씬,다이어트 유산균,BNR17 유산균,확정,비에날씬프로,식품,3,136,61110000,,,captured,free_schedule_2350,2026-08-24T09:54:31.234596+09:00,,,0,2026-08-20T16:45:12.414716+09:00,2026-08-24T09:54:25.093084+09:00
433b6605484f522e4973628cb21e7484,2026-08-24,2026-08-24T09:36:00+09:00,2026-08-24T10:15:00+09:00,hs_kshop,KT알파쇼핑,종근당건강_알티지오메가3,종근당건강_알티지오메가3,종근당건강_알티지오메가3,,,,확인필요,종근당건강_알티지오메가3,식품,1,48,8544000,,,captured,free_schedule_2350,2026-08-24T09:54:31.234599+09:00,,,0,2026-08-22T00:18:42.359211+09:00,2026-08-24T09:54:25.093084+09:00
3777e0770a2ad1e7665d71031401869f,2026-08-24,2026-08-24T09:40:00+09:00,2026-08-24T10:40:00+09:00,hs_nsmallshopplus,NS홈쇼핑 샵플러스,콘드로이친2,콘드로이친2,콘드로이친2,,,,미분류,,식품,3,,,,,missing,free_schedule_2350,2026-08-24T09:54:31.234601+09:00,,,,2026-08-20T16:45:12.414716+09:00,2026-08-21T00:20:13.462051+09:00
9a5953b3eb352dd1511728fd384c4d34,2026-08-24,2026-08-24T09:40:00+09:00,2026-08-24T10:39:00+09:00,hs_hmallplus,현대홈쇼핑 플러스샵,[에이스바이옴] 패밀리세트 비에날씬(BNR 17) 12BOX + 비에날씬프로틴 3BOX,패밀리세트 비에날씬 12BOX + 비에날씬프로틴 3BOX,비에날씬 프로,비에날씬,다이어트 유산균,BNR17 유산균,확정,비에날씬프로,식품,3,40,25310000,,,captured,free_schedule_2350,2026-08-24T09:54:31.234604+09:00,,,0,2026-08-20T16:45:12.414716+09:00,2026-08-24T09:54:25.093084+09:00
41e1f1e6c1e0cdf84a89714532cc2bb3,2026-08-24,2026-08-24T09:41:00+09:00,2026-08-24T10:41:00+09:00,hs_nsmallshopplus,NS홈쇼핑 샵플러스,콘드로이친2,콘드로이친2,콘드로이친2,,,,미분류,,식품,3,7,4536000,,,captured,free_schedule_2350,2026-08-24T09:54:31.234607+09:00,,,0,2026-08-22T00:18:42.359211+09:00,2026-08-24T09:54:25.093084+09:00
e7967477c24ce8fd60efb17f105bd13f,2026-08-24,2026-08-24T10:15:00+09:00,2026-08-24T10:36:00+09:00,hs_kshop,KT알파쇼핑,종근당건강_알티지오메가3,종근당건강_알티지오메가3,종근당건강_알티지오메가3,,,,확인필요,종근당건강_알티지오메가3,식품,1,,,,,missing,free_schedule_2350,2026-08-24T09:54:31.234610+09:00,,,,2026-08-22T00:18:42.359211+09:00,2026-08-24T09:54:25.093084+09:00
185d506a698abf3cb8d43bbb276d686b,2026-08-24,2026-08-24T10:25:00+09:00,2026-08-24T11:35:00+09:00,hs_gsshop,GS홈쇼핑,하루틴 리포좀 대마종자유 6박스,하루틴 리포좀 대마종자유 6박스,하루틴 리포좀 대마종자유 6박스,,,,미분류,,식품,2,,,,,missing,free_schedule_2350,2026-08-24T09:54:31.234612+09:00,,,,2026-08-20T16:45:12.414716+09:00,2026-08-24T09:54:25.093084+09:00
21a108f0301deace9bfce9b5a66e87f6,2026-08-24,2026-08-24T10:25:00+09:00,2026-08-24T11:35:00+09:00,hs_gongyoung,공영쇼핑,26년 햇 경북 들사랑 청결 고춧가루 (500g*8봉) / 총 4kg,26년 햇 경북 들사랑 청결 고춧가루 / 총 4kg,26년 햇 경북 들사랑 청결 고춧가루 / 총 4kg,,,,확인필요,26년 햇 경북 들사랑 청결 고춧가루 / 총 4kg,식품,2,,,,,missing,free_schedule_2350,2026-08-24T09:54:31.234615+09:00,,,,2026-08-20T16:45:12.414716+09:00,2026-08-24T09:54:25.093084+09:00
71aca232f511422731920416d18dc27a,2026-08-24,2026-08-24T10:31:00+09:00,2026-08-24T11:31:00+09:00,hs_skstoa,SK스토아,"(방송에서만 반값세일, 저당밥솥 추가구성) 종근당건강 당케어프로 12개월분 | 원산지 : 상품정보 참조",종근당건강 당케어프로 12개월분 | 원산지 : 상품정보 참조,종근당건강 당케어프로,종근당건강,건강식품/혈당관리,,확정,종근당건강 당케어프로,식품,1,,,,,missing,free_schedule_2350,2026-08-24T09:54:31.234618+09:00,,,,2026-08-20T16:45:12.414716+09:00,2026-08-24T09:54:25.093084+09:00
73fc4c76e5cbc14391493d449e50099f,2026-08-24,2026-08-24T10:32:00+09:00,2026-08-24T11:32:00+09:00,hs_shinsegae,신세계쇼핑,(방송에서만) 프롬바이오 위엔 매스틱 연질캡슐 6박스(24주분),프롬바이오 위엔 매스틱 연질캡슐 6박스,프롬바이오 매스틱,프롬바이오,건강식품/위건강,매스틱,확정,프롬바이오 위엔 매스틱 연질캡슐,식품,2,,,,,missing,free_schedule_2350,2026-08-24T09:54:31.234621+09:00,,,,2026-08-20T16:45:12.414716+09:00,2026-08-24T09:54:25.093084+09:00
babb424cef00e3606797800bd2cbabf9,2026-08-24,2026-08-24T10:40:00+09:00,2026-08-24T11:40:00+09:00,hs_lotteimallonetv,롯데원티비,[샘트리] 샘트리 촉촉한 맛병아리콩 100봉(20g * 20봉 * 5팩),샘트리 촉촉한 맛병아리콩 100봉,샘트리 촉촉한 맛병아리콩 100봉,,,,확인필요,샘트리 촉촉한 맛병아리콩 100봉,식품,1,,,,,missing,free_schedule_2350,2026-08-24T09:54:31.234623+09:00,,,,2026-08-22T00:18:42.359211+09:00,2026-08-24T09:54:25.093084+09:00
f2b06a96290b40804ca5bb3d073a9d77,2026-08-24,2026-08-24T10:40:00+09:00,2026-08-24T12:39:00+09:00,hs_hmallplus,현대홈쇼핑 플러스샵,[2026년산 햇고추] 태양초 청결 햇 고춧가루 3kg(500g 6팩),태양초 청결 햇 고춧가루 3kg,태양초 청결 햇 고춧가루,,조미식품,고추,확정,태양초 청결 햇 고춧가루,식품,2,,,,,missing,free_schedule_2350,2026-08-24T09:54:31.234626+09:00,,,,2026-08-22T00:18:42.359211+09:00,2026-08-24T09:54:25.093084+09:00
baf70532d9b782ca3010f970ee404938,2026-08-24,2026-08-24T11:34:00+09:00,2026-08-24T12:34:00+09:00,hs_shopntmall,쇼핑엔티,(방송에서만 3팩 더) 사조 숙성 훈제오리 180g x 10팩+3팩 / 총13팩,사조 숙성 훈제오리 180g x 10팩+3팩 / 총13팩,사조 숙성 훈제오리 180g x 10팩+3팩 / 총13팩,,,,확인필요,사조 숙성 훈제오리 180g x 10팩+3팩 / 총13팩,식품,1,,,,,missing,free_schedule_2350,2026-08-24T09:54:31.234629+09:00,,,,2026-08-20T19:03:17.044868+09:00,2026-08-21T00:20:13.462051+09:00
29b0377670502e0547bb0bfdec239bce,2026-08-24,2026-08-24T11:35:00+09:00,2026-08-24T12:35:00+09:00,hs_cjonstyle,CJ온스타일,근력과 지방감소를 위한 HW 오곡맛 12주분(6박스)+보틀2개+오메가3 2박스,근력과 지방감소를 위한 HW 오곡맛 12주분 +보틀2개+오메가3 2박스,근력과 지방감소를 위한 HW 오곡맛 12주분 +보틀2개+오메가3 2박스,,,,미분류,,식품,2,,,,,missing,free_schedule_2350,2026-08-24T09:54:31.234631+09:00,,,,2026-08-20T16:45:12.414716+09:00,2026-08-24T09:54:25.093084+09:00
73183792344abddc6e75b8f885602f74,2026-08-24,2026-08-24T11:35:00+09:00,2026-08-24T12:40:00+09:00,hs_gongyoung,공영쇼핑,녹우원 등심 파불고기 300g x 10팩,녹우원 등심 파불고기 300g x 10팩,녹우원 등심 파불고기 300g x 10팩,,,,미분류,,식품,1,,,,,missing,free_schedule_2350,2026-08-24T09:54:31.234634+09:00,,,,2026-08-20T16:45:12.414716+09:00,2026-08-24T09:54:25.093084+09:00
8cbc9d023becb47786486bb95b82b57e,2026-08-24,2026-08-24T11:35:00+09:00,2026-08-24T12:35:00+09:00,hs_hmall,현대홈쇼핑,[닥터파이토] 파이토블락 코엔 삼백초 삼백초추출물 (LHF618) 더블구성 (6개월분),파이토블락 코엔 삼백초 삼백초추출물 더블구성,파이토블락 코엔 삼백초 삼백초추출물 더블구성,,,,미분류,,식품,2,,,,,missing,free_schedule_2350,2026-08-24T09:54:31.234637+09:00,,,,2026-08-20T16:45:12.414716+09:00,2026-08-24T09:54:25.093084+09:00
d12f4ca3373895e4f4abf01fbdd83758,2026-08-24,2026-08-24T11:35:00+09:00,2026-08-24T12:34:00+09:00,hs_shopntmall,쇼핑엔티,지극진성 일천 뼈없는 갈비탕 1kg x12팩,지극진성 일천 뼈없는 갈비탕 1kg x12팩,지극진성 일천 뼈없는 갈비탕 1kg x12팩,,,,확인필요,지극진성 일천 뼈없는 갈비탕 1kg x12팩,식품,1,,,,,missing,free_schedule_2350,2026-08-24T09:54:31.234640+09:00,,,,2026-08-22T00:18:42.359211+09:00,2026-08-24T09:54:25.093084+09:00
19b85382d8dda3fd916b3c026fdfa913,2026-08-24,2026-08-24T11:36:00+09:00,2026-08-24T12:36:00+09:00,hs_gsshopmyshop,GS홈쇼핑 마이샵,산지애 아삭아삭 햇복숭아 총 9kg (3kg*3box),산지애 아삭아삭 햇복숭아 총 9kg,산지애 아삭아삭 햇복숭아,산지애,과일,복숭아,확정,산지애 아삭아삭 햇복숭아,식품,2,,,,,missing,free_schedule_2350,2026-08-24T09:54:31.234642+09:00,,,,2026-08-20T16:45:12.414716+09:00,2026-08-24T09:54:25.093084+09:00
64544a6ceec0af119f1afc037253b42b,2026-08-24,2026-08-24T11:36:00+09:00,2026-08-24T12:36:00+09:00,hs_kshop,KT알파쇼핑,정성곳간_김치,정성곳간_김치,정성곳간_김치,,,,확인필요,정성곳간_김치,식품,10,,,,,missing,free_schedule_2350,2026-08-24T09:54:31.234645+09:00,,,,2026-08-22T00:18:42.359211+09:00,2026-08-24T09:54:25.093084+09:00
c7972f2ed41247b639716b129ab0f643,2026-08-24,2026-08-24T12:25:00+09:00,2026-08-24T13:25:00+09:00,hs_nsmall,NS홈쇼핑,골드파로효소,골드파로효소,골드 파로효소,,건강식품/효소,효소,확정,골드파로효소,식품,11,,,,,missing,free_schedule_2350,2026-08-24T09:54:31.234648+09:00,,,,2026-08-20T16:45:12.414716+09:00,2026-08-24T09:54:25.093084+09:00
58913c7ed5be03910b1f026e88da109d,2026-08-24,2026-08-24T12:35:00+09:00,2026-08-24T13:35:00+09:00,hs_gsshop,GS홈쇼핑,[특집]프로메가 알티지오메가3 비타민D 12박스+4박스 더+아보카도오일 2병 더,프로메가 알티지오메가3 비타민D 12박스+4박스 더+아보카도오일 2병 더,프로메가 알티지오메가3 비타민D 12박스+4박스 더+아보카도오일 2병 더,,,,미분류,,식품,2,,,,,missing,free_schedule_2350,2026-08-24T09:54:31.234651+09:00,,,,2026-08-20T16:45:12.414716+09:00,2026-08-24T09:54:25.093084+09:00
5dc52b920b2d0fd5fc0bd05a2c7482be,2026-08-24,2026-08-24T12:35:00+09:00,2026-08-24T13:35:00+09:00,hs_hmall,현대홈쇼핑,[방송에서만]유한양행 당큐락 9개월,유한양행 당큐락 9개월,유한양행 당큐락 9개월,,,,미분류,,식품,3,,,,,missing,free_schedule_2350,2026-08-24T09:54:31.234653+09:00,,,,2026-08-20T16:45:12.414716+09:00,2026-08-24T09:54:25.093084+09:00
7acbe90fd45b4d16ca74392dd912b933,2026-08-24,2026-08-24T12:40:00+09:00,2026-08-24T13:40:00+09:00,hs_lotteimallonetv,롯데원티비,"[비비큐] BBQ 통닭다리 바베큐(로스트갈릭맛 9팩, 매콤달콤맛 9팩), 총170gx18팩","BBQ 통닭다리 바베큐 , 총170gx18팩","BBQ 통닭다리 바베큐 , 총170gx18팩",,,,확인필요,"BBQ 통닭다리 바베큐 , 총170gx18팩",식품,1,,,,,missing,free_schedule_2350,2026-08-24T09:54:31.234656+09:00,,,,2026-08-22T00:18:42.359211+09:00,2026-08-24T09:54:25.093084+09:00
ed3b77f5e21041bbdf7748789b9727de,2026-08-24,2026-08-24T12:40:00+09:00,2026-08-24T13:40:00+09:00,hs_gongyoung,공영쇼핑,"[천일]국내산 반건조 특대 가자미 120g×24마리(팩당 2마리), 총 12팩","국내산 반건조 특대 가자미 120g×24마리 , 총 12팩","국내산 반건조 특대 가자미 120g×24마리 , 총 12팩",,,,미분류,,식품,1,,,,,missing,free_schedule_2350,2026-08-24T09:54:31.234659+09:00,,,,2026-08-20T16:45:12.414716+09:00,2026-08-24T09:54:25.093084+09:00
c29ddd0f4c92afca7cb93fa5b1acb0e2,2026-08-24,2026-08-24T12:45:00+09:00,2026-08-24T13:45:00+09:00,hs_cjonstyleplus,CJ온스타일 플러스,[단독/최다] 종근당 건강 락토핏 당케어프로 유산균 10+10+1통(총21통/21개월분),종근당 건강 락토핏 당케어프로 유산균 10+10+1통,종근당 건강 락토핏 당케어프로 유산균 10+10+1통,,,,미분류,,식품,2,,,,,missing,free_schedule_2350,2026-08-24T09:54:31.234662+09:00,,,,2026-08-22T00:18:42.359211+09:00,2026-08-24T09:54:25.093084+09:00
eb9b18c417522d92a3c3ecada7b3d22a,2026-08-24,2026-08-24T13:25:00+09:00,2026-08-24T14:25:00+09:00,hs_nsmall,NS홈쇼핑,정관장홍삼활력플러스,정관장홍삼활력플러스,정관장 홍삼활력플러스,정관장,건강식품/홍삼,홍삼,확정,정관장홍삼활력플러스,식품,9,,,,,missing,free_schedule_2350,2026-08-24T09:54:31.234664+09:00,,,,2026-08-20T16:45:12.414716+09:00,2026-08-24T09:54:25.093084+09:00
79e70df8dc3db319b87fca60035d0248,2026-08-24,2026-08-24T13:30:00+09:00,2026-08-24T14:20:00+09:00,hs_hnsmall,홈앤쇼핑,폴리코사놀5 18박스(18개월분),폴리코사놀5 18박스,폴리코사놀5,,건강식품/혈행,폴리코사놀,확정,폴리코사놀5,식품,2,,,,,missing,free_schedule_2350,2026-08-24T09:54:31.234668+09:00,,,,2026-08-20T16:45:12.414716+09:00,2026-08-24T09:54:25.093084+09:00
8d6244739a038f6f4751e21825d90cff,2026-08-24,2026-08-24T13:33:00+09:00,2026-08-24T14:33:00+09:00,hs_shinsegae,신세계쇼핑,삼육두유 검은콩 볶은귀리 60팩 + 흑임자두유 45팩 (총105팩),삼육두유 검은콩 볶은귀리 60팩 + 흑임자두유 45팩,삼육두유 검은콩 볶은귀리 60팩 + 흑임자두유 45팩,,,,미분류,,식품,8,,,,,missing,free_schedule_2350,2026-08-24T09:54:31.234671+09:00,,,,2026-08-22T00:18:42.359211+09:00,2026-08-24T09:54:25.093084+09:00
1401d07e5a89a45b7b5c06a0da5f0cb1,2026-08-24,2026-08-24T13:35:00+09:00,2026-08-24T14:35:00+09:00,hs_cjonstyle,CJ온스타일,구수한맛 밸런스업 총 144팩 (230ml X 24팩 X 6박스),구수한맛 밸런스업 총 144팩,구수한맛 밸런스업 총 144팩,,,,미분류,,식품,2,,,,,missing,free_schedule_2350,2026-08-24T09:54:31.234673+09:00,,,,2026-08-20T16:45:12.414716+09:00,2026-08-24T09:54:25.093084+09:00
9f3a9729e258cb70714aee103e02e672,2026-08-24,2026-08-24T13:35:00+09:00,2026-08-24T14:35:00+09:00,hs_gsshop,GS홈쇼핑,하루틴 리포좀 비타민C 프로 12+ 3개월분(총 15개월분)+ 리포좀 비타민c스틱 10포 3박스 + LED 다용도 랜턴,하루틴 리포좀 비타민C 프로 12+ 3개월분 + 리포좀 비타민c스틱 10포 3박스 + LED 다용도 랜턴,하루틴 리포좀 비타민C 프로 12+ 3개월분 + 리포좀 비타민c스틱 10포 3박스 + LED 다용도 랜턴,,,,미분류,,식품,2,,,,,missing,free_schedule_2350,2026-08-24T09:54:31.234676+09:00,,,,2026-08-20T16:45:12.414716+09:00,2026-08-24T09:54:25.093084+09:00
1fffd7b46e48d0f4f137a85bf77fe83d,2026-08-24,2026-08-24T13:37:00+09:00,2026-08-24T14:37:00+09:00,hs_kshop,KT알파쇼핑,로지나_알부민,로지나_알부민,로지나_알부민,,,,미분류,,식품,2,,,,,missing,free_schedule_2350,2026-08-24T09:54:31.234679+09:00,,,,2026-08-22T00:18:42.359211+09:00,2026-08-24T09:54:25.093084+09:00
60f3b9f1deeec36a779e8dcb0cf71265,2026-08-24,2026-08-24T13:37:00+09:00,2026-08-24T13:57:00+09:00,hs_gsshopmyshop,GS홈쇼핑 마이샵,한생원 천연 육수팩 4팩(해물2 해장2) 천연버섯소금3종,한생원 천연 육수팩 4팩 천연버섯소금3종,한생원 천연 육수팩 4팩 천연버섯소금3종,,,,미분류,,식품,1,,,,,missing,free_schedule_2350,2026-08-24T09:54:31.234681+09:00,,,,2026-08-22T00:18:42.359211+09:00,2026-08-24T09:54:25.093084+09:00
c56f827c2c710164b9caafbb4fb1c1c0,2026-08-24,2026-08-24T13:40:00+09:00,2026-08-24T14:45:00+09:00,hs_gongyoung,공영쇼핑,송완숙 장인의 여수 갓김치 2kg+2kg+2kg + 총각김치 1.5kg / 총 7.5kg,송완숙 장인의 여수 갓김치 2kg+2kg+2kg + 총각김치 1.5kg / 총 7.5kg,송완숙 장인의 여수 갓김치 2kg+2kg+2kg + 총각김치 1.5kg / 총 7.5kg,,,,확인필요,송완숙 장인의 여수 갓김치 2kg+2kg+2kg + 총각김치 1.5kg / 총 7.5kg,식품,1,,,,,missing,free_schedule_2350,2026-08-24T09:54:31.234684+09:00,,,,2026-08-22T00:18:42.359211+09:00,2026-08-24T09:54:25.093084+09:00
f360f1c8ef3f15c8f5107ab487ee3280,2026-08-24,2026-08-24T13:40:00+09:00,2026-08-24T14:19:00+09:00,hs_hmallplus,현대홈쇼핑 플러스샵,[70%세일] [패밀리구성] 유기농 레몬즙 10박스+레자몽즙 6박스 (16박스 240포),유기농 레몬즙 10박스+레자몽즙 6박스,유기농 레몬즙 10박스+레자몽즙 6박스,,,,미분류,,식품,1,,,,,missing,free_schedule_2350,2026-08-24T09:54:31.234687+09:00,,,,2026-08-20T16:45:12.414716+09:00,2026-08-24T09:54:25.093084+09:00
3f9cbfb85111b591dd2db64032f0edff,2026-08-24,2026-08-24T13:41:00+09:00,2026-08-24T14:41:00+09:00,hs_nsmallshopplus,NS홈쇼핑 샵플러스,갈비탕1,갈비탕1,갈비탕1,,,,미분류,,식품,2,,,,,missing,free_schedule_2350,2026-08-24T09:54:31.234690+09:00,,,,2026-08-22T00:18:42.359211+09:00,2026-08-24T09:54:25.093084+09:00
35e6153d3b98abf821bed1f5841e04d7,2026-08-24,2026-08-24T13:57:00+09:00,2026-08-24T14:57:00+09:00,hs_gsshopmyshop,GS홈쇼핑 마이샵,덴프스 LGG 덴마크 유산균이야기 6박스(12개월분),덴프스 LGG 덴마크 유산균이야기 6박스,덴프스 덴마크 유산균 이야기,덴프스,유산균,유산균,확정,덴프스 LGG 덴마크 유산균이야기,식품,1,,,,,missing,free_schedule_2350,2026-08-24T09:54:31.234692+09:00,,,,2026-08-20T16:45:12.414716+09:00,2026-08-24T09:54:25.093084+09:00
39b2dbb142dd3704c295791e3eb388a1,2026-08-24,2026-08-24T14:20:00+09:00,2026-08-24T15:10:00+09:00,hs_hnsmall,홈앤쇼핑,[방송에서만] 덴프스 덴마크 유산균 이야기 6병 (12개월분),덴프스 덴마크 유산균 이야기 6병,덴프스 덴마크 유산균 이야기,덴프스,유산균,유산균,확정,덴프스 덴마크 유산균 이야기,식품,1,,,,,missing,free_schedule_2350,2026-08-24T09:54:31.234695+09:00,,,,2026-08-20T16:45:12.414716+09:00,2026-08-24T09:54:25.093084+09:00
17c405f1e65974aa34994f17fd4ae819,2026-08-24,2026-08-24T14:35:00+09:00,2026-08-24T14:40:00+09:00,hs_lotteimall,롯데홈쇼핑,[태현] 알뜰 못난이 보조개 초록사과 3kg,알뜰 못난이 보조개 초록사과 3kg,알뜰 못난이 보조개 초록사과 3kg,,,,미분류,,식품,1,,,,,missing,free_schedule_2350,2026-08-24T09:54:31.234698+09:00,,,,2026-08-20T16:45:12.414716+09:00,2026-08-24T09:54:25.093084+09:00
51c04e8ad3edb85231822e4850df9ba1,2026-08-24,2026-08-24T14:35:00+09:00,2026-08-24T15:35:00+09:00,hs_gsshop,GS홈쇼핑,하이뮨 프로틴밸런스 알파 6캔,하이뮨 프로틴밸런스 알파 6캔,하이뮨 프로틴밸런스 알파 6캔,,,,확인필요,하이뮨 프로틴밸런스 알파 6캔,식품,2,,,,,missing,free_schedule_2350,2026-08-24T09:54:31.234701+09:00,,,,2026-08-20T16:45:12.414716+09:00,2026-08-24T09:54:25.093084+09:00
6777268e440cdf7da316dc060fb60ba0,2026-08-24,2026-08-24T14:35:00+09:00,2026-08-24T15:30:00+09:00,hs_cjonstyle,CJ온스타일,[최다 11개월] 프로 다이어트 유산균 9개월분+BNR17플러스60포,프로 다이어트 유산균 9개월분+BNR17플러스60포,프로 다이어트 유산균 9개월분+BNR17플러스60포,,,,미분류,,식품,3,,,,,missing,free_schedule_2350,2026-08-24T09:54:31.234703+09:00,,,,2026-08-20T16:45:12.414716+09:00,2026-08-24T09:54:25.093084+09:00
7095f25d75a68b4236311da8c3993b0a,2026-08-24,2026-08-24T14:41:00+09:00,2026-08-24T15:41:00+09:00,hs_nsmallshopplus,NS홈쇼핑 샵플러스,고춧가루1,고춧가루1,고춧가루1,,조미식품,고추,확인필요,고춧가루1,식품,2,,,,,missing,free_schedule_2350,2026-08-24T09:54:31.234706+09:00,,,,2026-08-22T00:18:42.359211+09:00,2026-08-24T09:54:25.093084+09:00
09a223e4dd7eb8a5e4a1bc745d579f73,2026-08-24,2026-08-24T14:45:00+09:00,2026-08-24T15:40:00+09:00,hs_gongyoung,공영쇼핑,뼈없는 직화 화구닭발 150g x 10팩,뼈없는 직화 화구닭발 150g x 10팩,뼈없는 직화 화구닭발 150g x 10팩,,,,미분류,,식품,1,,,,,missing,free_schedule_2350,2026-08-24T09:54:31.234709+09:00,,,,2026-08-20T16:45:12.414716+09:00,2026-08-24T09:54:25.093084+09:00
71e28d05b8b7e65a0c97180a5045df45,2026-08-24,2026-08-24T15:10:00+09:00,2026-08-24T16:00:00+09:00,hs_hnsmall,홈앤쇼핑,"[디어레시피] 요리한포 150포(4g x 150포, 총 3박스)",요리한포 150포,요리한포 150포,,,,확인필요,요리한포 150포,식품,1,,,,,missing,free_schedule_2350,2026-08-24T09:54:31.234712+09:00,,,,2026-08-22T00:18:42.359211+09:00,2026-08-24T09:54:25.093084+09:00
f71e65fabf761f5c70702d8d60184b73,2026-08-24,2026-08-24T15:10:00+09:00,2026-08-24T16:00:00+09:00,hs_hnsmall,홈앤쇼핑,"[디어레시피] 요리한포 150포(4g x 150포, 총 3박스)",요리한포 150포,요리한포 150포,,,,확인필요,요리한포 150포,식품,1,,,,,missing,free_schedule_2350,2026-08-24T09:54:31.234715+09:00,,,,2026-08-20T19:03:17.044868+09:00,2026-08-21T00:20:13.462051+09:00
f82dbb57e96106d8926569ad659ba721,2026-08-24,2026-08-24T15:10:00+09:00,2026-08-24T16:00:00+09:00,hs_hnsmall,홈앤쇼핑,[이보은의]더아삭프리미엄 생포기김치 8kg + 파김치 2kg,더아삭프리미엄 생포기김치 8kg + 파김치 2kg,더아삭프리미엄 생포기김치 8kg + 파김치 2kg,,,,미분류,,식품,2,,,,,missing,free_schedule_2350,2026-08-24T09:54:31.234718+09:00,,,,2026-08-20T16:45:12.414716+09:00,2026-08-20T16:45:12.414716+09:00
a184d568adca8d2b5bb25d2f6f6218ce,2026-08-24,2026-08-24T15:20:00+09:00,2026-08-24T16:01:00+09:00,hs_lotteimallonetv,롯데원티비,"[아임피쉬] 아임피쉬 가시바른 국내산 순살 고등어 15팩 (100g x 15팩, 총 1.5kg)",아임피쉬 가시바른 국내산 순살 고등어 15팩,아임피쉬 가시바른 국내산 순살 고등어 15팩,,,,확인필요,아임피쉬 가시바른 국내산 순살 고등어 15팩,식품,1,,,,,missing,free_schedule_2350,2026-08-24T09:54:31.234720+09:00,,,,2026-08-22T00:18:42.359211+09:00,2026-08-24T09:54:25.093084+09:00
01440d6a5fe71ef51f40f75d32e124f3,2026-08-24,2026-08-24T15:25:00+09:00,2026-08-24T16:20:00+09:00,hs_nsmall,NS홈쇼핑,손질문어,손질문어,손질문어,,,,미분류,,식품,1,,,,,missing,free_schedule_2350,2026-08-24T09:54:31.234723+09:00,,,,2026-08-20T16:45:12.414716+09:00,2026-08-24T09:54:25.093084+09:00
d94371d0956aaa005ee39ded19624f95,2026-08-24,2026-08-24T15:30:00+09:00,2026-08-24T16:30:00+09:00,hs_cjonstyle,CJ온스타일,1.최다구성 에버콜라겐 타임레티놀A 18개월 +30포 더,1.최다구성 에버콜라겐 타임레티놀A 18개월 +30포 더,1.최다구성 에버콜라겐 타임레티놀A 18개월 +30포 더,,,,미분류,,식품,4,,,,,missing,free_schedule_2350,2026-08-24T09:54:31.234726+09:00,,,,2026-08-20T16:45:12.414716+09:00,2026-08-24T09:54:25.093084+09:00
7a6a8d24612ec2ce4db1a1bc9e147cb8,2026-08-24,2026-08-24T15:33:00+09:00,2026-08-24T16:33:00+09:00,hs_shopntmall,쇼핑엔티,(방송에서만 3팩더) 온작이영자의 뼈 없는 감자탕 400g x 13팩,온작이영자의 뼈 없는 감자탕 400g x 13팩,온작이영자의 뼈 없는 감자탕 400g x 13팩,,,,확인필요,온작이영자의 뼈 없는 감자탕 400g x 13팩,식품,1,,,,,missing,free_schedule_2350,2026-08-24T09:54:31.234729+09:00,,,,2026-08-22T00:18:42.359211+09:00,2026-08-24T09:54:25.093084+09:00
a10a1d69ee775f4e6550d00d267eaaf4,2026-08-24,2026-08-24T15:34:00+09:00,2026-08-24T16:34:00+09:00,hs_shinsegae,신세계쇼핑,조선호텔 닭갈비 300g X 7팩 (직),조선호텔 닭갈비 300g X 7팩,조선호텔 닭갈비 300g X 7팩,,,,확인필요,조선호텔 닭갈비 300g X 7팩,식품,3,,,,,missing,free_schedule_2350,2026-08-24T09:54:31.234731+09:00,,,,2026-08-22T00:18:42.359211+09:00,2026-08-24T09:54:25.093084+09:00
cea54dd4440431295bbeff3390f358ac,2026-08-24,2026-08-24T15:34:00+09:00,2026-08-24T16:34:00+09:00,hs_shinsegae,신세계쇼핑,(방송에서만) 양평서울 한우해장국 700g x 10팩,양평서울 한우해장국 700g x 10팩,양평서울 한우해장국 700g x 10팩,,,,확인필요,양평서울 한우해장국 700g x 10팩,식품,2,,,,,missing,free_schedule_2350,2026-08-24T09:54:31.234734+09:00,,,,2026-08-22T00:18:42.359211+09:00,2026-08-24T09:54:25.093084+09:00
f4eb8cb5b82dfde6ff8ef622f65f4f4e,2026-08-24,2026-08-24T15:42:00+09:00,2026-08-24T16:42:00+09:00,hs_nsmallshopplus,NS홈쇼핑 샵플러스,해남땅끝마을김치1,해남땅끝마을김치1,해남땅끝마을김치,,김치,배추,확정,해남땅끝마을김치,식품,2,,,,,missing,free_schedule_2350,2026-08-24T09:54:31.234737+09:00,,,,2026-08-22T00:18:42.359211+09:00,2026-08-24T09:54:25.093084+09:00
1bfc220ca2b27ff0ea938511c53b7eba,2026-08-24,2026-08-24T15:45:00+09:00,2026-08-24T16:45:00+09:00,hs_cjonstyleplus,CJ온스타일 플러스,[동가게단독조건] 올바이오 유기농 블루베리 퓨레 100% 9+3박스 (168포),올바이오 유기농 블루베리 퓨레 100% 9+3박스,올바이오 유기농 블루베리 퓨레 100% 9+3박스,,,,미분류,,식품,1,,,,,missing,free_schedule_2350,2026-08-24T09:54:31.234740+09:00,,,,2026-08-20T16:45:12.414716+09:00,2026-08-24T09:54:25.093084+09:00
5308cedb4e08a57615102554f0822eff,2026-08-24,2026-08-24T16:00:00+09:00,2026-08-24T16:39:00+09:00,hs_hmallplus,현대홈쇼핑 플러스샵,[특대]아임피쉬 가시바른 두툼한 순살갈치 총2kg 25토막(400g x 5팩) + 조림양념1통,아임피쉬 가시바른 두툼한 순살갈치 총2kg 25토막 + 조림양념1통,아임피쉬 가시바른 두툼한 순살갈치 총2kg 25토막 + 조림양념1통,,,,미분류,,식품,1,,,,,missing,free_schedule_2350,2026-08-24T09:54:31.234742+09:00,,,,2026-08-20T16:45:12.414716+09:00,2026-08-24T09:54:25.093084+09:00
c6a8b94b52aea2cc94f7321b93ef2ecc,2026-08-24,2026-08-24T16:00:00+09:00,2026-08-24T16:50:00+09:00,hs_hnsmall,홈앤쇼핑,[농할할인][농협] 제주 애플망고 2kg  x 1박스,제주 애플망고 2kg x 1박스,제주 애플망고 2kg x 1박스,,,,미분류,,식품,1,,,,,missing,free_schedule_2350,2026-08-24T09:54:31.234745+09:00,,,,2026-08-20T16:45:12.414716+09:00,2026-08-24T09:54:25.093084+09:00
f0bdd0bdbf26d360f496cb13a0edbe91,2026-08-24,2026-08-24T16:00:00+09:00,2026-08-24T16:40:00+09:00,hs_lotteimallonetv,롯데원티비,[순수식품] ☆방송에서만 반값세일☆[5박스] 오가닉 퓨어 블루베리즙 5박스(20g*14포*5박스),☆방송에서만 반값세일☆ 오가닉 퓨어 블루베리즙 5박스,반값세일 오가닉 퓨어 블루베리즙,,과채주스/베리,블루베리,확정,반값세일 오가닉 퓨어 블루베리즙,식품,1,,,,,missing,free_schedule_2350,2026-08-24T09:54:31.234748+09:00,,,,2026-08-20T16:45:12.414716+09:00,2026-08-21T00:20:13.462051+09:00
e9912a690d553364b69bdb6997e9a925,2026-08-24,2026-08-24T16:01:00+09:00,2026-08-24T16:41:00+09:00,hs_lotteimallonetv,롯데원티비,[순수식품] ☆방송에서만 반값세일☆[5박스] 오가닉 퓨어 블루베리즙 5박스(20g*14포*5박스),☆방송에서만 반값세일☆ 오가닉 퓨어 블루베리즙 5박스,반값세일 오가닉 퓨어 블루베리즙,,과채주스/베리,블루베리,확정,반값세일 오가닉 퓨어 블루베리즙,식품,1,,,,,missing,free_schedule_2350,2026-08-24T09:54:31.234751+09:00,,,,2026-08-22T00:18:42.359211+09:00,2026-08-24T09:54:25.093084+09:00
8fcfdee0cd449c4ff3759dd8756a01bb,2026-08-24,2026-08-24T16:20:00+09:00,2026-08-24T17:10:00+09:00,hs_nsmall,NS홈쇼핑,하림리얼마늘훈제치킨,하림리얼마늘훈제치킨,하림리얼마늘훈제치킨,,,,확인필요,하림리얼마늘훈제치킨,식품,3,,,,,missing,free_schedule_2350,2026-08-24T09:54:31.234753+09:00,,,,2026-08-22T00:18:42.359211+09:00,2026-08-24T09:54:25.093084+09:00
3daa5f9614a38284508c82818dd65b12,2026-08-24,2026-08-24T16:30:00+09:00,2026-08-24T17:30:00+09:00,hs_cjonstyle,CJ온스타일,잇몸유산균CMU (1000mg x 30정) 12개월분,잇몸유산균CMU 12개월분,잇몸유산균CMU 12개월분,,,,확인필요,잇몸유산균CMU 12개월분,식품,2,,,,,missing,free_schedule_2350,2026-08-24T09:54:31.234756+09:00,,,,2026-08-24T00:08:52.525139+09:00,2026-08-24T09:54:25.093084+09:00
4aa36e7d61d1a9e02e8e2df5902610f5,2026-08-24,2026-08-24T16:30:00+09:00,2026-08-24T17:30:00+09:00,hs_cjonstyle,CJ온스타일,잇몸유산균CMU 오라틱스 (1000mg x 30정) 6개월분,잇몸유산균CMU 오라틱스 6개월분,잇몸유산균CMU 오라틱스,,유산균,유산균,확정,잇몸유산균CMU 오라틱스,식품,1,,,,,missing,free_schedule_2350,2026-08-24T09:54:31.234759+09:00,,,,2026-08-20T16:45:12.414716+09:00,2026-08-23T00:03:08.062496+09:00
1d7fee5e3eeda5435f8f48b5b227c308,2026-08-24,2026-08-24T16:31:00+09:00,2026-08-24T17:31:00+09:00,hs_skstoa,SK스토아,(방송에서만 2세트 더) 정호영셰프의 신선담은 손질왕낙지 170g x 11팩 + 비법담은 볶음소스 50g x 11팩 | 원산지 : 상품정보 참조,정호영셰프의 신선담은 손질왕낙지 170g x 11팩 + 비법담은 볶음소스 50g x 11팩 | 원산지 : 상품정보 참조,정호영셰프의 신선담은 손질왕낙지 170g x 11팩 + 비법담은 볶음소스 50g x 11팩 | 원산지 : 상품정보 참조,,,,확인필요,정호영셰프의 신선담은 손질왕낙지 170g x 11팩 + 비법담은 볶음소스 50g x 11팩 | 원산지 : 상품정보 참조,식품,1,,,,,missing,free_schedule_2350,2026-08-24T09:54:31.234762+09:00,,,,2026-08-22T00:18:42.359211+09:00,2026-08-24T09:54:25.093084+09:00
3f44ea82278c6d5e5ca2bd23f1f46d4f,2026-08-24,2026-08-24T16:31:00+09:00,2026-08-24T17:31:00+09:00,hs_skstoa,SK스토아,문천식의 소곱창전골 700g*8팩 / 총5.6kg | 원산지 : 상품정보 참조,문천식의 소곱창전골 700g*8팩 / 총5.6kg | 원산지 : 상품정보 참조,문천식의 소곱창전골 700g*8팩 / 총5.6kg | 원산지 : 상품정보 참조,,,,확인필요,문천식의 소곱창전골 700g*8팩 / 총5.6kg | 원산지 : 상품정보 참조,식품,1,,,,,missing,free_schedule_2350,2026-08-24T09:54:31.234765+09:00,,,,2026-08-22T00:18:42.359211+09:00,2026-08-24T09:54:25.093084+09:00
6da26d89bee8ebe14f278e05da5335cd,2026-08-24,2026-08-24T16:33:00+09:00,2026-08-24T17:32:00+09:00,hs_shopntmall,쇼핑엔티,[방송에서만 1팩 더!!] 사조 연어회 200g x 4팩+ 200g x 1팩(총 5팩)+ 해동지5장+설명서1장 ,사조 연어회 200g x 4팩+ 200g x 1팩 + 해동지5장+설명서1장,사조 연어회 200g x 4팩+ 200g x 1팩 + 해동지5장+설명서1장,,,,미분류,,식품,1,,,,,missing,free_schedule_2350,2026-08-24T09:54:31.234767+09:00,,,,2026-08-20T16:45:12.414716+09:00,2026-08-24T09:54:25.093084+09:00
fdc399c6af6c092a7326a5c0b1195b51,2026-08-24,2026-08-24T16:34:00+09:00,2026-08-24T17:34:00+09:00,hs_shinsegae,신세계쇼핑,(50％세일)★방송최다구성★[12박스+2박스]닥터린 콘드로이친 1200 콘레이티 MBP 12개월분+초임계 비타민K2 2박스,★방송최다구성★ 닥터린 콘드로이친 1200 콘레이티 MBP 12개월분+초임계 비타민K2 2박스,★방송최다구성★ 닥터린 콘드로이친 1200 콘레이티 MBP 12개월분+초임계 비타민K2 2박스,,,,미분류,,식품,2,,,,,missing,free_schedule_2350,2026-08-24T09:54:31.234770+09:00,,,,2026-08-20T16:45:12.414716+09:00,2026-08-24T09:54:25.093084+09:00
81f8a1c9c2c5202db2813c8cd32a2a5f,2026-08-24,2026-08-24T16:35:00+09:00,2026-08-24T17:35:00+09:00,hs_lotteimall,롯데홈쇼핑,[에스더포뮬러] 여에스더 포스파티딜세린 5개월분+유기농 엑스트라버진 올리브유 1박스(14포),여에스더 포스파티딜세린 5개월분+유기농 엑스트라버진 올리브유 1박스,여에스더 포스파티딜세린 5개월분+유기농 엑스트라버진 올리브유 1박스,,,,확인필요,여에스더 포스파티딜세린 5개월분+유기농 엑스트라버진 올리브유 1박스,식품,9,,,,,missing,free_schedule_2350,2026-08-24T09:54:31.234773+09:00,,,,2026-08-22T00:18:42.359211+09:00,2026-08-24T09:54:25.093084+09:00
3f4614eb20e1dd47842d5a2e80632cc6,2026-08-24,2026-08-24T16:40:00+09:00,2026-08-24T17:40:00+09:00,hs_nsmallshopplus,NS홈쇼핑 샵플러스,해남땅끝마을김치1,해남땅끝마을김치1,해남땅끝마을김치,,김치,배추,확정,해남땅끝마을김치,식품,2,,,,,missing,free_schedule_2350,2026-08-24T09:54:31.234776+09:00,,,,2026-08-20T16:45:12.414716+09:00,2026-08-21T00:20:13.462051+09:00
a28a87ae8db881a940c2eade3ca7c38f,2026-08-24,2026-08-24T16:40:00+09:00,2026-08-24T17:39:00+09:00,hs_hmallplus,현대홈쇼핑 플러스샵,[50%세일] 닥터린 콘드로이친 1200 콘레이티+MBP+K2 12개월분+비타민K2 2개월분,닥터린 콘드로이친 1200 콘레이티+MBP+K2 12개월분+비타민K2 2개월분,닥터린 콘드로이친 1200 콘레이티+MBP+K2 12개월분+비타민K2 2개월분,,,,미분류,,식품,2,,,,,missing,free_schedule_2350,2026-08-24T09:54:31.234778+09:00,,,,2026-08-20T19:03:17.044868+09:00,2026-08-24T09:54:25.093084+09:00
a2376dd51d2c43a356dc89712aee5002,2026-08-24,2026-08-24T16:42:00+09:00,2026-08-24T17:42:00+09:00,hs_nsmallshopplus,NS홈쇼핑 샵플러스,안동간고등어 1,안동간고등어 1,안동간고등어 1,,,,미분류,,식품,1,,,,,missing,free_schedule_2350,2026-08-24T09:54:31.234781+09:00,,,,2026-08-22T00:18:42.359211+09:00,2026-08-24T09:54:25.093084+09:00
a348e2c0f91926b12a334b94d628bc5b,2026-08-24,2026-08-24T16:45:00+09:00,2026-08-24T17:45:00+09:00,hs_cjonstyleplus,CJ온스타일 플러스,[1병] 스페인 완제품 직수입 올리브오일 1L 1병,스페인 완제품 직수입 올리브오일 1L 1병,스페인 완제품 직수입 올리브오일 1L 1병,,,,확인필요,스페인 완제품 직수입 올리브오일 1L 1병,식품,1,,,,,missing,free_schedule_2350,2026-08-24T09:54:31.234784+09:00,,,,2026-08-22T00:18:42.359211+09:00,2026-08-24T09:54:25.093084+09:00
eb72de099311faddd8ead69ebb5031a1,2026-08-24,2026-08-24T16:50:00+09:00,2026-08-24T17:40:00+09:00,hs_hnsmall,홈앤쇼핑,"[ITALY] 디마떼오 피자 4종/20팩(알마이스,양송이,디아볼라,바질콤비네이션)",디마떼오 피자 4종/20팩,디마떼오 피자 4종/20팩,,,,확인필요,디마떼오 피자 4종/20팩,식품,1,,,,,missing,free_schedule_2350,2026-08-24T09:54:31.234786+09:00,,,,2026-08-24T00:08:52.525139+09:00,2026-08-24T09:54:25.093084+09:00
5b71314a8adc138e6a8f41c458991a73,2026-08-24,2026-08-24T17:00:00+09:00,2026-08-24T18:30:00+09:00,hs_hmall,현대홈쇼핑,[모두의 맛집] 소문난 원조 조방낙지 낙곱새 8팩 ,소문난 원조 조방낙지 낙곱새 8팩,소문난 원조 조방낙지 낙곱새 8팩,,,,미분류,,식품,3,,,,,missing,free_schedule_2350,2026-08-24T09:54:31.234789+09:00,,,,2026-08-20T16:45:12.414716+09:00,2026-08-24T09:54:25.093084+09:00
b7ed3d800ccdd354be78f5e430e82b0e,2026-08-24,2026-08-24T17:10:00+09:00,2026-08-24T17:55:00+09:00,hs_nsmall,NS홈쇼핑,오분도미버섯밥,오분도미버섯밥,오분도미버섯밥,,,,확인필요,오분도미버섯밥,식품,7,,,,,missing,free_schedule_2350,2026-08-24T09:54:31.234792+09:00,,,,2026-08-20T19:03:17.044868+09:00,2026-08-24T09:54:25.093084+09:00
890cd37c548207aedcfd48e2200c92ea,2026-08-24,2026-08-24T17:30:00+09:00,2026-08-24T18:30:00+09:00,hs_cjonstyle,CJ온스타일,에브리데이 견과 4박스(100봉),에브리데이 견과 4박스,에브리데이 견과 4박스,,,,미분류,,식품,2,,,,,missing,free_schedule_2350,2026-08-24T09:54:31.234795+09:00,,,,2026-08-20T16:45:12.414716+09:00,2026-08-24T09:54:25.093084+09:00
09009198ab8bdda9652eab17858fbb0d,2026-08-24,2026-08-24T17:32:00+09:00,2026-08-24T18:32:00+09:00,hs_shopntmall,쇼핑엔티,여수농협 돌산갓김치 2kg x 3봉 (총 6kg),여수농협 돌산갓김치 2kg x 3봉,여수농협 돌산갓김치 2kg x 3봉,,,,미분류,,식품,1,,,,,missing,free_schedule_2350,2026-08-24T09:54:31.234798+09:00,,,,2026-08-20T16:45:12.414716+09:00,2026-08-24T09:54:25.093084+09:00
ed458b482d695060489ed369dc181e61,2026-08-24,2026-08-24T17:34:00+09:00,2026-08-24T18:35:00+09:00,hs_shinsegae,신세계쇼핑,26) 조선호텔 양념 소갈비 수제 포갈비 600g X 6팩(3.6kg),26) 조선호텔 양념 소갈비 수제 포갈비 600g X 6팩,26) 조선호텔 양념 소갈비 수제 포갈비 600g X 6팩,,,,미분류,,식품,1,,,,,missing,free_schedule_2350,2026-08-24T09:54:31.234801+09:00,,,,2026-08-22T00:18:42.359211+09:00,2026-08-24T09:54:25.093084+09:00
cbaa3231a37444e6c36a2041b48080c2,2026-08-24,2026-08-24T17:35:00+09:00,2026-08-24T18:35:00+09:00,hs_gsshop,GS홈쇼핑,궁키친 이상민 블랙 타이거 새우 5팩 100미 + 갈릭 감바스소스 1병,궁키친 이상민 블랙 타이거 새우 5팩 100미 + 갈릭 감바스소스 1병,궁키친 이상민 블랙 타이거 새우 5팩 100미 + 갈릭 감바스소스 1병,,,,미분류,,식품,1,,,,,missing,free_schedule_2350,2026-08-24T09:54:31.234803+09:00,,,,2026-08-20T16:45:12.414716+09:00,2026-08-24T09:54:25.093084+09:00
2a9fdf3766f127639e653a73a8c56b7a,2026-08-24,2026-08-24T17:37:00+09:00,2026-08-24T18:37:00+09:00,hs_kshop,KT알파쇼핑,오늘제주_은갈치,오늘제주_은갈치,오늘제주_은갈치,,,,확인필요,오늘제주_은갈치,식품,2,,,,,missing,free_schedule_2350,2026-08-24T09:54:31.234806+09:00,,,,2026-08-22T00:18:42.359211+09:00,2026-08-24T09:54:25.093084+09:00
161c717c6e597cc2f22189e5520cf818,2026-08-24,2026-08-24T17:40:00+09:00,2026-08-24T18:39:00+09:00,hs_hmallplus,현대홈쇼핑 플러스샵,[2026년산 햇고추] 태양초 청결 햇 고춧가루 3kg(500g 6팩),태양초 청결 햇 고춧가루 3kg,태양초 청결 햇 고춧가루,,조미식품,고추,확정,태양초 청결 햇 고춧가루,식품,2,,,,,missing,free_schedule_2350,2026-08-24T09:54:31.234809+09:00,,,,2026-08-22T00:18:42.359211+09:00,2026-08-24T09:54:25.093084+09:00
5bdeaec8358a16c0f1c8f138dbcc9e4c,2026-08-24,2026-08-24T17:40:00+09:00,2026-08-24T18:40:00+09:00,hs_gongyoung,공영쇼핑,[정원] 국내산 자숙 골뱅이 120g×8팩,국내산 자숙 골뱅이 120g×8팩,국내산 자숙 골뱅이 120g×8팩,,,,미분류,,식품,1,,,,,missing,free_schedule_2350,2026-08-24T09:54:31.234812+09:00,,,,2026-08-20T16:45:12.414716+09:00,2026-08-24T09:54:25.093084+09:00
800faa943ea225e659939dd9f0dd118e,2026-08-24,2026-08-24T17:40:00+09:00,2026-08-24T18:40:00+09:00,hs_nsmallshopplus,NS홈쇼핑 샵플러스,임성근갈비탕1,임성근갈비탕1,임성근갈비탕,임성근,탕/간편식,소고기,확정,임성근갈비탕,식품,3,,,,,missing,free_schedule_2350,2026-08-24T09:54:31.234814+09:00,,,,2026-08-20T16:45:12.414716+09:00,2026-08-21T00:20:13.462051+09:00
c39e1fc30234db2251a147b0918d5948,2026-08-24,2026-08-24T17:40:00+09:00,2026-08-24T18:40:00+09:00,hs_lotteimallonetv,롯데원티비,[방송에서만] 박수홍의 직화  함박스테이크 총 17팩 (오리지널 10팩+치즈 7팩),박수홍의 직화 함박스테이크 총 17팩,박수홍의 직화 함박스테이크 총 17팩,,,,미분류,,식품,1,,,,,missing,free_schedule_2350,2026-08-24T09:54:31.234817+09:00,,,,2026-08-20T16:45:12.414716+09:00,2026-08-21T00:20:13.462051+09:00
233e9e323d47bfa0dd0a870841029b0c,2026-08-24,2026-08-24T17:41:00+09:00,2026-08-24T18:40:00+09:00,hs_lotteimallonetv,롯데원티비,[온작] 온작 이영자의 소곱창전골 800g 8팩 (총 6.4kg),온작 이영자의 소곱창전골 800g 8팩,온작 이영자의 소곱창전골 800g 8팩,,,,확인필요,온작 이영자의 소곱창전골 800g 8팩,식품,1,,,,,missing,free_schedule_2350,2026-08-24T09:54:31.234820+09:00,,,,2026-08-22T00:18:42.359211+09:00,2026-08-24T09:54:25.093084+09:00
a25b51c37b11a261bb29cc79087d839b,2026-08-24,2026-08-24T17:42:00+09:00,2026-08-24T18:42:00+09:00,hs_nsmallshopplus,NS홈쇼핑 샵플러스,임성근갈비탕1,임성근갈비탕1,임성근갈비탕,임성근,탕/간편식,소고기,확정,임성근갈비탕,식품,3,,,,,missing,free_schedule_2350,2026-08-24T09:54:31.234823+09:00,,,,2026-08-22T00:18:42.359211+09:00,2026-08-24T09:54:25.093084+09:00
3673c4a30be763e01fe07100931e8a99,2026-08-24,2026-08-24T17:45:00+09:00,2026-08-24T18:45:00+09:00,hs_cjonstyleplus,CJ온스타일 플러스,제주 은갈치 특대 20토막 총 5마리,제주 은갈치 특대 20토막 총 5마리,제주 은갈치 특대 20토막,,수산물,수산물,확정,제주 은갈치 특대 20토막,식품,1,,,,,missing,free_schedule_2350,2026-08-24T09:54:31.234825+09:00,,,,2026-08-20T16:45:12.414716+09:00,2026-08-24T09:54:25.093084+09:00
7f19c5a631b6899206794424b693283d,2026-08-24,2026-08-24T17:55:00+09:00,2026-08-24T18:35:00+09:00,hs_nsmall,NS홈쇼핑,고추장만들기,고추장만들기,고추장만들기,,,,미분류,,식품,3,,,,,missing,free_schedule_2350,2026-08-24T09:54:31.234828+09:00,,,,2026-08-20T16:45:12.414716+09:00,2026-08-24T09:54:25.093084+09:00
cde9ac950e71d2e048d2d14f8672c14c,2026-08-24,2026-08-24T18:31:00+09:00,2026-08-24T19:31:00+09:00,hs_skstoa,SK스토아,2026 영양 빛깔찬 햇고춧가루 2kg (500gX4팩) | 원산지 : 상품정보 참조,2026 영양 빛깔찬 햇고춧가루 2kg | 원산지 : 상품정보 참조,2026 영양 빛깔찬 햇고춧가루 2kg | 원산지 : 상품정보 참조,,,,확인필요,2026 영양 빛깔찬 햇고춧가루 2kg | 원산지 : 상품정보 참조,식품,2,,,,,missing,free_schedule_2350,2026-08-24T09:54:31.234831+09:00,,,,2026-08-21T00:20:13.462051+09:00,2026-08-24T09:54:25.093084+09:00
e8036f57c931938713d9dc818bf418d7,2026-08-24,2026-08-24T18:31:00+09:00,2026-08-24T19:31:00+09:00,hs_skstoa,SK스토아,2026 영양 빛깔찬 햇고춧가루 2kg (500gX4팩) | 원산지 : 상품정보 참조,2026 영양 빛깔찬 햇고춧가루 2kg | 원산지 : 상품정보 참조,2026 영양 빛깔찬 햇고춧가루 2kg | 원산지 : 상품정보 참조,,,,확인필요,2026 영양 빛깔찬 햇고춧가루 2kg | 원산지 : 상품정보 참조,식품,2,,,,,missing,free_schedule_2350,2026-08-24T09:54:31.234834+09:00,,,,2026-08-20T19:03:17.044868+09:00,2026-08-24T09:54:25.093084+09:00
ee347f604fbd67eaf060a7ab962ba77d,2026-08-24,2026-08-24T18:38:00+09:00,2026-08-24T19:38:00+09:00,hs_gsshopmyshop,GS홈쇼핑 마이샵,"[GOPIZZA] 고피자 18팩 (불고기 5팩, 허니치즈 5팩, 페퍼로니 4팩, 포테이토앤베이컨 4팩)",고피자 18팩,고피자 18팩,,,,미분류,,식품,1,,,,,missing,free_schedule_2350,2026-08-24T09:54:31.234837+09:00,,,,2026-08-20T16:45:12.414716+09:00,2026-08-24T09:54:25.093084+09:00
6e88c8d2665717dc7f2cd96f4d3ba94e,2026-08-24,2026-08-24T18:40:00+09:00,2026-08-24T19:35:00+09:00,hs_hnsmall,홈앤쇼핑,[1++ 한우] 이재훈셰프 구이세트 8팩(팩당 150g),이재훈셰프 구이세트 8팩,이재훈셰프 구이세트 8팩,,,,확인필요,이재훈셰프 구이세트 8팩,식품,1,,,,,missing,free_schedule_2350,2026-08-24T09:54:31.234839+09:00,,,,2026-08-22T00:18:42.359211+09:00,2026-08-24T09:54:25.093084+09:00
a1a94bbd5506736acb30982d625e60cf,2026-08-24,2026-08-24T18:40:00+09:00,2026-08-24T19:40:00+09:00,hs_gongyoung,공영쇼핑,하우스팜 1등급 한돈 한입 [삼겹살] 9팩 (총1.8kg),하우스팜 1등급 한돈 한입 9팩,하우스팜 1등급 한돈 한입 9팩,,,,미분류,,식품,1,,,,,missing,free_schedule_2350,2026-08-24T09:54:31.234842+09:00,,,,2026-08-20T16:45:12.414716+09:00,2026-08-24T09:54:25.093084+09:00
b65eff96ec7912828adf608155819e5b,2026-08-24,2026-08-24T18:40:00+09:00,2026-08-24T19:39:00+09:00,hs_hmallplus,현대홈쇼핑 플러스샵,[방송에서 4팩더] 금산인삼 특 스지도가니탕 800g x 14팩 (10팩 + 4팩) ,금산인삼 특 스지도가니탕 800g x 14팩,금산인삼 특 스지도가니탕 800g x 14팩,,,,확인필요,금산인삼 특 스지도가니탕 800g x 14팩,식품,2,,,,,missing,free_schedule_2350,2026-08-24T09:54:31.234845+09:00,,,,2026-08-22T00:18:42.359211+09:00,2026-08-24T09:54:25.093084+09:00
4b72fa4aecb2a1c21493e2fb2f30346c,2026-08-24,2026-08-24T19:35:00+09:00,2026-08-24T20:35:00+09:00,hs_nsmall,NS홈쇼핑,비에날씬프로,비에날씬프로,비에날씬 프로,비에날씬,다이어트 유산균,BNR17 유산균,확정,비에날씬프로,식품,3,,,,,missing,free_schedule_2350,2026-08-24T09:54:31.234848+09:00,,,,2026-08-20T16:45:12.414716+09:00,2026-08-24T09:54:25.093084+09:00
c4e4b5193b5e146b0ef2209f4f8b2482,2026-08-24,2026-08-24T19:35:00+09:00,2026-08-24T20:35:00+09:00,hs_shinsegae,신세계쇼핑,(방송에서만)[9+2박스+프라이팬](1)★NEW 비에날씬 프로★BNR17 다이어트 유산균 비에날씬 프로9박스+슬림플러스2박스+프라이,★NEW 비에날씬 프로★BNR17 다이어트 유산균 비에날씬 프로9박스+슬림플러스2박스+프라이,비에날씬 프로,비에날씬,다이어트 유산균,BNR17 유산균,확정,비에날씬프로,식품,4,,,,,missing,free_schedule_2350,2026-08-24T09:54:31.234850+09:00,,,,2026-08-20T16:45:12.414716+09:00,2026-08-24T09:54:25.093084+09:00
23a602331a49de7f73c7980286e9f825,2026-08-24,2026-08-24T19:40:00+09:00,2026-08-24T20:40:00+09:00,hs_gongyoung,공영쇼핑,26년 한들애 황도 말랑이 복숭아(엘바트) 4kg,26년 한들애 황도 말랑이 복숭아 4kg,26년 한들애 황도 말랑이 복숭아 4kg,,,,확인필요,26년 한들애 황도 말랑이 복숭아 4kg,식품,1,,,,,missing,free_schedule_2350,2026-08-24T09:54:31.234853+09:00,,,,2026-08-22T00:18:42.359211+09:00,2026-08-24T09:54:25.093084+09:00
c00be664751edef77847ada1e1665e61,2026-08-24,2026-08-24T19:40:00+09:00,2026-08-24T20:40:00+09:00,hs_lotteimallonetv,롯데원티비,[방송에서만] 박수홍의 직화  함박스테이크 총 17팩 (오리지널 10팩+치즈 7팩),박수홍의 직화 함박스테이크 총 17팩,박수홍의 직화 함박스테이크 총 17팩,,,,미분류,,식품,1,,,,,missing,free_schedule_2350,2026-08-24T09:54:31.234856+09:00,,,,2026-08-22T00:18:42.359211+09:00,2026-08-24T09:54:25.093084+09:00
ed17c3b702f38ec95424cdba70817e59,2026-08-24,2026-08-24T19:42:00+09:00,2026-08-24T20:42:00+09:00,hs_nsmallshopplus,NS홈쇼핑 샵플러스,유정임김치1,유정임김치1,유정임김치1,,,,미분류,,식품,1,,,,,missing,free_schedule_2350,2026-08-24T09:54:31.234858+09:00,,,,2026-08-22T00:18:42.359211+09:00,2026-08-24T09:54:25.093084+09:00
2295681fe49a4c212d7d4d53e8842ae7,2026-08-24,2026-08-24T20:33:00+09:00,2026-08-24T21:32:00+09:00,hs_shopntmall,쇼핑엔티,[50％세일] 골드 카무트 효소 12박스 +  파로 5봉 + 복부마사지기,골드 카무트 효소 12박스 + 파로 5봉 + 복부마사지기,골드 카무트 효소 12박스 + 파로 5봉 + 복부마사지기,,,,미분류,,식품,1,,,,,missing,free_schedule_2350,2026-08-24T09:54:31.234861+09:00,,,,2026-08-22T00:18:42.359211+09:00,2026-08-24T09:54:25.093084+09:00
0d20a00f04bba45a7baebae6d377ad3d,2026-08-24,2026-08-24T20:35:00+09:00,2026-08-24T21:36:00+09:00,hs_shinsegae,신세계쇼핑,*최신상* [방송중 +3박스] 이시형 박사의 인생 마그네슘 영양제 6+3박스 / 총 9박스,*최신상* 이시형 박사의 인생 마그네슘 영양제 6+3박스 / 총 9박스,이시형 박사의 인생 마그네슘,이시형,영양제/미네랄,마그네슘,확정,이시형 박사의 인생 마그네슘 영양제,식품,2,,,,,missing,free_schedule_2350,2026-08-24T09:54:31.234864+09:00,,,,2026-08-20T16:45:12.414716+09:00,2026-08-21T00:20:13.462051+09:00
6e5bfd67bb1fe2388a7f759fd841acc3,2026-08-24,2026-08-24T20:35:00+09:00,2026-08-24T21:36:00+09:00,hs_shinsegae,신세계쇼핑,*최신상* [방송중 +3박스] 이시형 박사의 인생 마그네슘 영양제 6+3박스 / 총 9박스,*최신상* 이시형 박사의 인생 마그네슘 영양제 6+3박스 / 총 9박스,이시형 박사의 인생 마그네슘,이시형,영양제/미네랄,마그네슘,확정,이시형 박사의 인생 마그네슘 영양제,식품,3,,,,,missing,free_schedule_2350,2026-08-24T09:54:31.234867+09:00,,,,2026-08-22T00:18:42.359211+09:00,2026-08-24T09:54:25.093084+09:00
a8471c3656e359d0573972dab972d2a3,2026-08-24,2026-08-24T20:35:00+09:00,2026-08-24T21:40:00+09:00,hs_nsmall,NS홈쇼핑,침향오일,침향오일,침향오일,,,,미분류,,식품,2,,,,,missing,free_schedule_2350,2026-08-24T09:54:31.234869+09:00,,,,2026-08-20T16:45:12.414716+09:00,2026-08-24T09:54:25.093084+09:00
2dd8e00b96eb8bebae9d61ff6ee8ed7b,2026-08-24,2026-08-24T20:40:00+09:00,2026-08-24T21:39:00+09:00,hs_hmallplus,현대홈쇼핑 플러스샵,요리연구가 이종임의 아삭한 포기김치 10kg,요리연구가 이종임의 아삭한 포기김치 10kg,요리연구가 이종임의 아삭한 포기김치 10kg,,,,미분류,,식품,1,,,,,missing,free_schedule_2350,2026-08-24T09:54:31.234872+09:00,,,,2026-08-20T16:45:12.414716+09:00,2026-08-24T09:54:25.093084+09:00
68084d855742f7ab33de37402ba8e77e,2026-08-24,2026-08-24T20:40:00+09:00,2026-08-24T21:45:00+09:00,hs_gongyoung,공영쇼핑,"[이경제] 이경제 흑염소 진액 眞 (70ml×30포)×8박스+1박스, 총 270포","이경제 흑염소 진액 眞 ×8박스+1박스, 총 270포",이경제 흑염소 진액 진,이경제,동물성 진액,흑염소,확정,이경제 흑염소 진액 眞 ×,식품,3,,,,,missing,free_schedule_2350,2026-08-24T09:54:31.234875+09:00,,,,2026-08-20T16:45:12.414716+09:00,2026-08-24T09:54:25.093084+09:00
79cd6fc38d03996e8abaa0b8d849a61d,2026-08-24,2026-08-24T20:45:00+09:00,2026-08-24T21:45:00+09:00,hs_hnsmall,홈앤쇼핑,안문숙  포기김치 10kg+석박지 1kg 추가,안문숙 포기김치 10kg+석박지 1kg 추가,안문숙 포기김치 10kg+석박지 1kg 추가,,,,확인필요,안문숙 포기김치 10kg+석박지 1kg 추가,식품,1,,,,,missing,free_schedule_2350,2026-08-24T09:54:31.234878+09:00,,,,2026-08-22T00:18:42.359211+09:00,2026-08-24T09:54:25.093084+09:00
80bf5f4ee0c2d30983fbfe2f1daef09c,2026-08-24,2026-08-24T22:38:00+09:00,2026-08-24T23:38:00+09:00,hs_gsshopmyshop,GS홈쇼핑 마이샵,"최현석 닭다리살스테이크 14팩(매콤바베큐 8팩, 오리엔탈갈릭 6팩)",최현석 닭다리살스테이크 14팩,최현석 닭다리살스테이크,최현석,육류,소고기/육류,확정,최현석 닭다리살스테이크,식품,1,,,,,missing,free_schedule_2350,2026-08-24T09:54:31.234880+09:00,,,,2026-08-20T16:45:12.414716+09:00,2026-08-24T09:54:25.093084+09:00
6dd219df66d3e48966f42c9fb4dc2ee7,2026-08-24,2026-08-24T22:40:00+09:00,2026-08-24T23:59:00+09:00,hs_hmallplus,현대홈쇼핑 플러스샵,린찐 삼선 누룽지탕 8팩 + 강황누룽지 8팩 (총 16팩 구성),린찐 삼선 누룽지탕 8팩 + 강황누룽지 8팩,린찐 삼선 누룽지탕 8팩 + 강황누룽지 8팩,,,,확인필요,린찐 삼선 누룽지탕 8팩 + 강황누룽지 8팩,식품,1,,,,,missing,free_schedule_2350,2026-08-24T09:54:31.234883+09:00,,,,2026-08-22T00:18:42.359211+09:00,2026-08-24T09:54:25.093084+09:00
9a17a443dc809c74186b83baa6d1642b,2026-08-24,2026-08-24T22:43:00+09:00,2026-08-24T23:43:00+09:00,hs_nsmallshopplus,NS홈쇼핑 샵플러스,손질갑오징어1,손질갑오징어1,손질갑오징어1,,,,확인필요,손질갑오징어1,식품,1,,,,,missing,free_schedule_2350,2026-08-24T09:54:31.234886+09:00,,,,2026-08-22T00:18:42.359211+09:00,2026-08-24T09:54:25.093084+09:00
a7237691f6621dcc360e49dc20265b3b,2026-08-24,2026-08-24T22:45:00+09:00,2026-08-24T23:50:00+09:00,hs_nsmall,NS홈쇼핑,못난이사과 2부,못난이사과 2부,못난이사과 2부,,,,미분류,,식품,1,,,,,missing,free_schedule_2350,2026-08-24T09:54:31.234888+09:00,,,,2026-08-20T16:45:12.414716+09:00,2026-08-24T09:54:25.093084+09:00
ec7ed25bb5cbd67b15c381fa3e673756,2026-08-24,2026-08-24T22:50:00+09:00,2026-08-24T23:50:00+09:00,hs_gongyoung,공영쇼핑,[전국한우협회]한우먹는날 한우1++구이 150g x 8팩,한우먹는날 한우1++구이 150g x 8팩,한우먹는날 한우1++구이 150g x 8팩,,,,미분류,,식품,1,,,,,missing,free_schedule_2350,2026-08-24T09:54:31.234891+09:00,,,,2026-08-20T16:45:12.414716+09:00,2026-08-24T09:54:25.093084+09:00
0e35c9c9f3edaa22a85f4772b1be0627,2026-08-24,2026-08-24T23:40:00+09:00,2026-08-25T00:40:00+09:00,hs_lotteimallonetv,롯데원티비,[흥국생명] 무배당 흥국생명 오튼튼 건강보험_One,무배당 흥국생명 오튼튼 건강보험_One,무배당 흥국생명 오튼튼 건강보험_One,,,,확인필요,무배당 흥국생명 오튼튼 건강보험_One,식품,1,,,,,needs_nextday,free_schedule_2350,2026-08-24T09:54:31.234894+09:00,,,,2026-08-22T00:18:42.359211+09:00,2026-08-24T09:54:25.093084+09:00
c21e640e8330c58488548611dc5c3233,2026-08-24,2026-08-24T23:40:00+09:00,2026-08-25T00:40:00+09:00,hs_nsmallshopplus,NS홈쇼핑 샵플러스,리고땅콩스프레드1,리고땅콩스프레드1,리고땅콩스프레드1,,,,미분류,,식품,1,,,,,needs_nextday,free_schedule_2350,2026-08-24T09:54:31.234898+09:00,,,,2026-08-20T16:45:12.414716+09:00,2026-08-21T00:20:13.462051+09:00
c1ef2adf6e987c2a441b4784e6bf7bce,2026-08-24,2026-08-24T23:43:00+09:00,2026-08-25T00:43:00+09:00,hs_nsmallshopplus,NS홈쇼핑 샵플러스,리고땅콩스프레드1,리고땅콩스프레드1,리고땅콩스프레드1,,,,미분류,,식품,1,,,,,needs_nextday,free_schedule_2350,2026-08-24T09:54:31.234901+09:00,,,,2026-08-22T00:18:42.359211+09:00,2026-08-24T09:54:25.093084+09:00
3bb514a4a717cf5fa8cba72e09f68b62,2026-08-24,2026-08-24T23:50:00+09:00,2026-08-25T01:00:00+09:00,hs_gongyoung,공영쇼핑,[완도천재진전복] 완도 활전복 대왕특대 110g×15마리,완도 활전복 대왕특대 110g×15마리,완도활전복,,수산물,수산물,확정,완도활전복,식품,3,,,,,needs_nextday,free_schedule_2350,2026-08-24T09:54:31.234904+09:00,,,,2026-08-20T16:45:12.414716+09:00,2026-08-24T09:54:25.093084+09:00
c527a1b4e550e8b0ca86b989b560f718,2026-08-24,2026-08-24T23:55:00+09:00,2026-08-25T01:00:00+09:00,hs_lotteimall,롯데홈쇼핑,[메리비] ☆호주 마누카 벌집꿀☆[더블]메리비 로우 마누카 허니콤 [800g(200gx4개입)]×2박스,☆호주 마누카 벌집꿀☆ 메리비 로우 마누카 허니콤 ×2박스,☆호주 마누카 벌집꿀☆ 메리비 로우 마누카 허니콤 ×2박스,,,,미분류,,식품,2,,,,,needs_nextday,free_schedule_2350,2026-08-24T09:54:31.234907+09:00,,,,2026-08-20T16:45:12.414716+09:00,2026-08-24T09:54:25.093084+09:00
bb88a05bb1e8fa33b0aa7c9b9efcb17d,2026-08-25,2026-08-25T00:44:00+09:00,2026-08-25T01:44:00+09:00,hs_nsmallshopplus,NS홈쇼핑 샵플러스,이종임간장게장1,이종임간장게장1,이종임간장게장1,,,,미분류,,식품,1,,,,,,,,,,,2026-08-22T00:18:43.956483+09:00,2026-08-24T09:54:26.761474+09:00
4d86f22e737d0aa7747218bbc7f0e400,2026-08-25,2026-08-25T00:45:00+09:00,2026-08-25T01:45:00+09:00,hs_cjonstyleplus,CJ온스타일 플러스,다이어트 유산균 6개월분,다이어트 유산균 6개월분,다이어트 유산균 6개월분,,,,확인필요,다이어트 유산균 6개월분,식품,2,,,,,,,,,,,2026-08-22T00:18:43.956483+09:00,2026-08-24T09:54:26.761474+09:00
1c5ab07c18b7ec99f8a3554b18d90138,2026-08-25,2026-08-25T01:00:00+09:00,2026-08-25T02:00:00+09:00,hs_gongyoung,공영쇼핑,영광 백조기 보리굴비 1.4kg내외 10미,영광 백조기 보리굴비 1.4kg내외 10미,영광 백조기 보리굴비 1.4kg내외 10미,,,,확인필요,영광 백조기 보리굴비 1.4kg내외 10미,식품,1,,,,,,,,,,,2026-08-22T00:18:43.956483+09:00,2026-08-24T09:54:26.761474+09:00
3a7a2f374d643690a06eb07afeb290d5,2026-08-25,2026-08-25T01:00:00+09:00,2026-08-25T02:00:00+09:00,hs_nsmall,NS홈쇼핑,히트상품 앵콜방송1부,히트상품 앵콜방송1부,히트상품 앵콜방송1부,,,,미분류,,식품,2,,,,,,,,,,,2026-08-22T00:18:43.956483+09:00,2026-08-24T09:54:26.761474+09:00
626e13cd5ee36ee0b9d6faf800cc4e58,2026-08-25,2026-08-25T01:00:00+09:00,2026-08-25T02:00:00+09:00,hs_hnsmall,홈앤쇼핑,[방송에서만][마이토스] 레몬버베나 다이어트&애사비 12박스,레몬버베나 다이어트&애사비 12박스,레몬버베나 다이어트&애사비 12박스,,,,확인필요,레몬버베나 다이어트&애사비 12박스,식품,2,,,,,,,,,,,2026-08-22T00:18:43.956483+09:00,2026-08-24T09:54:26.761474+09:00
cf004e02c1797644dfa0ce7a6dd7d7d3,2026-08-25,2026-08-25T01:00:00+09:00,2026-08-25T02:00:00+09:00,hs_gsshop,GS홈쇼핑,이경제 흑염소진액 진 4박스 120포,이경제 흑염소진액 진 4박스 120포,이경제 흑염소진액 진 4박스 120포,,,,확인필요,이경제 흑염소진액 진 4박스 120포,식품,2,,,,,,,,,,,2026-08-22T00:18:43.956483+09:00,2026-08-24T09:54:26.761474+09:00
d82c8e408cdc199f23cb2f81c7449996,2026-08-25,2026-08-25T01:00:00+09:00,2026-08-25T01:50:00+09:00,hs_hmall,현대홈쇼핑,[현대단독] 패밀리세트 비에날씬 프로 12박스+비에날퀸 1박스+비에날씬 플러스 1박스,패밀리세트 비에날씬 프로 12박스+비에날퀸 1박스+비에날씬 플러스 1박스,비에날씬 프로,비에날씬,다이어트 유산균,BNR17 유산균,확정,비에날씬프로,식품,4,,,,,,,,,,,2026-08-22T00:18:43.956483+09:00,2026-08-24T09:54:26.761474+09:00
f469d8c3d03b1af5863a098fed25b4d7,2026-08-25,2026-08-25T01:00:00+09:00,2026-08-25T01:30:00+09:00,hs_cjonstyle,CJ온스타일,"[1촌1명품]숙성 귀리쌀,숙성현미세트","숙성 귀리쌀,숙성현미세트","숙성 귀리쌀,숙성현미세트",,,,확인필요,"숙성 귀리쌀,숙성현미세트",식품,1,,,,,,,,,,,2026-08-22T00:18:43.956483+09:00,2026-08-24T09:54:26.761474+09:00
f81063b3fb688c2a819accf3630bac84,2026-08-25,2026-08-25T01:00:00+09:00,2026-08-25T01:39:00+09:00,hs_hmallplus,현대홈쇼핑 플러스샵,[순수식품] 유기농 양배추 케일즙 3+3박스(총 180포),유기농 양배추 케일즙 3+3박스,유기농 양배추 케일즙 3+3박스,,,,확인필요,유기농 양배추 케일즙 3+3박스,식품,1,,,,,,,,,,,2026-08-22T00:18:43.956483+09:00,2026-08-24T09:54:26.761474+09:00
eb0a1e59afb67cb600f73dd1c3aa1fa7,2026-08-25,2026-08-25T01:44:00+09:00,2026-08-25T02:04:00+09:00,hs_nsmallshopplus,NS홈쇼핑 샵플러스,공주밤두부과자1,공주밤두부과자1,공주밤두부과자1,,,,확인필요,공주밤두부과자1,식품,2,,,,,,,,,,,2026-08-22T00:18:43.956483+09:00,2026-08-24T09:54:26.761474+09:00
06c8b143579e33508b01d766c176cd21,2026-08-25,2026-08-25T02:00:00+09:00,2026-08-25T03:00:00+09:00,hs_nsmall,NS홈쇼핑,히트상품 앵콜방송 2부,히트상품 앵콜방송 2부,히트상품 앵콜방송 2부,,,,미분류,,식품,4,,,,,,,,,,,2026-08-22T00:18:43.956483+09:00,2026-08-24T09:54:26.761474+09:00
1b53a541b264735c4b7e84728ae29a34,2026-08-25,2026-08-25T02:00:00+09:00,2026-08-25T03:00:00+09:00,hs_gongyoung,공영쇼핑,김연도 오색현미500g*8봉+햇흰찰쌀보리600g*5봉,김연도 오색현미500g*8봉+햇흰찰쌀보리600g*5봉,김연도 오색현미500g*8봉+햇흰찰쌀보리600g*5봉,,,,확인필요,김연도 오색현미500g*8봉+햇흰찰쌀보리600g*5봉,식품,2,,,,,,,,,,,2026-08-22T00:18:43.956483+09:00,2026-08-24T09:54:26.761474+09:00
40cf011bf37c08fdc724adcaaaa6ada5,2026-08-25,2026-08-25T02:00:00+09:00,2026-08-25T02:05:00+09:00,hs_lotteimallonetv,롯데원티비,[고려은단] 1)[4개월] 고려은단 관절 올케어(60포 X 2개),1) 고려은단 관절 올케어,1) 고려은단 관절 올케어,,,,확인필요,1) 고려은단 관절 올케어,식품,1,,,,,,,,,,,2026-08-22T00:18:43.956483+09:00,2026-08-24T09:54:26.761474+09:00
65df02604b59fb4609c37efd456626df,2026-08-25,2026-08-25T02:00:00+09:00,2026-08-25T03:00:00+09:00,hs_nsmallshopplus,NS홈쇼핑 샵플러스,공주밤두부과자2,공주밤두부과자2,공주밤두부과자2,,,,확인필요,공주밤두부과자2,식품,2,,,,,,,,,,,2026-08-22T00:18:43.956483+09:00,2026-08-24T09:54:26.761474+09:00
bf2fb6492695dda9158dffbc71ee4e4d,2026-08-25,2026-08-25T02:00:00+09:00,2026-08-25T02:04:00+09:00,hs_hmallplus,현대홈쇼핑 플러스샵,[오월식당]전통 부세 보리굴비 120g x 8팩,전통 부세 보리굴비 120g x 8팩,전통 부세 보리굴비 120g x 8팩,,,,확인필요,전통 부세 보리굴비 120g x 8팩,식품,1,,,,,,,,,,,2026-08-22T00:18:43.956483+09:00,2026-08-24T09:54:26.761474+09:00
bf4c7241912e5924fd536a6d5178741b,2026-08-25,2026-08-25T02:05:00+09:00,2026-08-25T02:10:00+09:00,hs_lotteimallonetv,롯데원티비,[신토불이] 신토불이 국내산 자연산 손질 문어 130gx9팩,신토불이 국내산 자연산 손질 문어 130gx9팩,신토불이 국내산 자연산 손질 문어 130gx9팩,,,,확인필요,신토불이 국내산 자연산 손질 문어 130gx9팩,식품,1,,,,,,,,,,,2026-08-22T00:18:43.956483+09:00,2026-08-24T09:54:26.761474+09:00
29f716e64d0922af71be407b04c04843,2026-08-25,2026-08-25T02:10:00+09:00,2026-08-25T02:14:00+09:00,hs_hmallplus,현대홈쇼핑 플러스샵,[오월식당]전통 부세 보리굴비 120g x 8팩,전통 부세 보리굴비 120g x 8팩,전통 부세 보리굴비 120g x 8팩,,,,확인필요,전통 부세 보리굴비 120g x 8팩,식품,1,,,,,,,,,,,2026-08-22T00:18:43.956483+09:00,2026-08-24T09:54:26.761474+09:00
dfb5d70e5f2743bbd04be8771fb1bacc,2026-08-25,2026-08-25T02:20:00+09:00,2026-08-25T02:25:00+09:00,hs_lotteimallonetv,롯데원티비,[고려은단] 2)[4개월] 고려은단 관절 올케어(60포 X 2개),2) 고려은단 관절 올케어,2) 고려은단 관절 올케어,,,,확인필요,2) 고려은단 관절 올케어,식품,1,,,,,,,,,,,2026-08-22T00:18:43.956483+09:00,2026-08-24T09:54:26.761474+09:00
cd356438c7aecb75be639849b407217b,2026-08-25,2026-08-25T02:25:00+09:00,2026-08-25T02:30:00+09:00,hs_lotteimallonetv,롯데원티비,[신토불이] 신토불이 국내산 자연산 손질 문어 130gx9팩(2),신토불이 국내산 자연산 손질 문어 130gx9팩,신토불이 국내산 자연산 손질 문어 130gx9팩,,,,확인필요,신토불이 국내산 자연산 손질 문어 130gx9팩,식품,1,,,,,,,,,,,2026-08-22T00:18:43.956483+09:00,2026-08-24T09:54:26.761474+09:00
4f54a1d304cfd8bfe3cdb211ccb9430e,2026-08-25,2026-08-25T02:40:00+09:00,2026-08-25T03:40:00+09:00,hs_kshop,KT알파쇼핑,일동후디스_하이뮨,일동후디스_하이뮨,일동후디스_하이뮨,,,,미분류,,식품,2,,,,,,,,,,,2026-08-22T00:18:43.956483+09:00,2026-08-24T09:54:26.761474+09:00
9037151aca08954a5642273749fc5a21,2026-08-25,2026-08-25T02:40:00+09:00,2026-08-25T02:45:00+09:00,hs_lotteimallonetv,롯데원티비,[고려은단] 3)[4개월] 고려은단 관절 올케어(60포 X 2개),3) 고려은단 관절 올케어,3) 고려은단 관절 올케어,,,,확인필요,3) 고려은단 관절 올케어,식품,1,,,,,,,,,,,2026-08-22T00:18:43.956483+09:00,2026-08-24T09:54:26.761474+09:00
5601f3b1f3e1a67d66ce989bdf58cdcf,2026-08-25,2026-08-25T02:45:00+09:00,2026-08-25T02:50:00+09:00,hs_lotteimallonetv,롯데원티비,[신토불이] 신토불이 국내산 자연산 손질 문어 130gx9팩(3),신토불이 국내산 자연산 손질 문어 130gx9팩,신토불이 국내산 자연산 손질 문어 130gx9팩,,,,확인필요,신토불이 국내산 자연산 손질 문어 130gx9팩,식품,1,,,,,,,,,,,2026-08-22T00:18:43.956483+09:00,2026-08-24T09:54:26.761474+09:00
592f335bc181ab1e43ee5ff11958691a,2026-08-25,2026-08-25T02:51:00+09:00,2026-08-25T03:50:00+09:00,hs_shopntmall,쇼핑엔티,[방송에서만 2팩 더!!] 김하진 궁중 한우 도가니수육탕 700g × 10팩 + 700g × 2팩 (총 12팩)_실온보관,김하진 궁중 한우 도가니수육탕 700g × 10팩 + 700g × 2팩 _실온보관,김하진 궁중 한우 도가니수육탕 700g × 10팩 + 700g × 2팩 _실온보관,,,,확인필요,김하진 궁중 한우 도가니수육탕 700g × 10팩 + 700g × 2팩 _실온보관,식품,1,,,,,,,,,,,2026-08-22T00:18:43.956483+09:00,2026-08-24T09:54:26.761474+09:00
5c969c364c5f9f928d40e7f553a019fb,2026-08-25,2026-08-25T03:00:00+09:00,2026-08-25T03:05:00+09:00,hs_lotteimallonetv,롯데원티비,[고려은단] 2)[4개월] 고려은단 관절 올케어(60포 X 2개),2) 고려은단 관절 올케어,2) 고려은단 관절 올케어,,,,확인필요,2) 고려은단 관절 올케어,식품,1,,,,,,,,,,,2026-08-22T00:18:43.956483+09:00,2026-08-24T09:54:26.761474+09:00
018a81a9c4e80c8d63147b060ee96762,2026-08-25,2026-08-25T03:05:00+09:00,2026-08-25T03:10:00+09:00,hs_lotteimallonetv,롯데원티비,[신토불이] 신토불이 국내산 자연산 손질 문어 130gx9팩,신토불이 국내산 자연산 손질 문어 130gx9팩,신토불이 국내산 자연산 손질 문어 130gx9팩,,,,확인필요,신토불이 국내산 자연산 손질 문어 130gx9팩,식품,1,,,,,,,,,,,2026-08-22T00:18:43.956483+09:00,2026-08-24T09:54:26.761474+09:00
54d32f5a9fbe406401994dbdd39dc8cd,2026-08-25,2026-08-25T03:20:00+09:00,2026-08-25T03:25:00+09:00,hs_lotteimallonetv,롯데원티비,[고려은단] 3)[4개월] 고려은단 관절 올케어(60포 X 2개),3) 고려은단 관절 올케어,3) 고려은단 관절 올케어,,,,확인필요,3) 고려은단 관절 올케어,식품,1,,,,,,,,,,,2026-08-22T00:18:43.956483+09:00,2026-08-24T09:54:26.761474+09:00
833ad2b45f2806d2a14e9242f6311717,2026-08-25,2026-08-25T03:20:00+09:00,2026-08-25T04:00:00+09:00,hs_nsmall,NS홈쇼핑,히트상품 앵콜방송3부,히트상품 앵콜방송3부,히트상품 앵콜방송3부,,,,미분류,,식품,3,,,,,,,,,,,2026-08-22T00:18:43.956483+09:00,2026-08-24T09:54:26.761474+09:00
88f3ee6fd1b63ad3a199de94df6a2316,2026-08-25,2026-08-25T03:25:00+09:00,2026-08-25T03:30:00+09:00,hs_lotteimallonetv,롯데원티비,[신토불이] 신토불이 국내산 자연산 손질 문어 130gx9팩(2),신토불이 국내산 자연산 손질 문어 130gx9팩,신토불이 국내산 자연산 손질 문어 130gx9팩,,,,확인필요,신토불이 국내산 자연산 손질 문어 130gx9팩,식품,1,,,,,,,,,,,2026-08-22T00:18:43.956483+09:00,2026-08-24T09:54:26.761474+09:00
e896f7648d9c322803f1bd0832debd2b,2026-08-25,2026-08-25T03:40:00+09:00,2026-08-25T03:59:00+09:00,hs_hmallplus,현대홈쇼핑 플러스샵,[프리메로]유기농 토마토 스틱 8박스 (40g x 80포),유기농 토마토 스틱 8박스,유기농 토마토 스틱 8박스,,,,확인필요,유기농 토마토 스틱 8박스,식품,1,,,,,,,,,,,2026-08-22T00:18:43.956483+09:00,2026-08-24T09:54:26.761474+09:00
f867cd65e01a4188fff97f99327c1fd1,2026-08-25,2026-08-25T03:45:00+09:00,2026-08-25T03:50:00+09:00,hs_lotteimallonetv,롯데원티비,"[정성곳간] 정성곳간 특 양념LA갈비 400gx8팩, 총3.2kg","정성곳간 특 양념LA갈비 400gx8팩, 총3.2kg","정성곳간 특 양념LA갈비 400gx8팩, 총3.2kg",,,,확인필요,"정성곳간 특 양념LA갈비 400gx8팩, 총3.2kg",식품,1,,,,,,,,,,,2026-08-22T00:18:43.956483+09:00,2026-08-24T09:54:26.761474+09:00
44edbd47e26a0a57ee1c458530fb15a2,2026-08-25,2026-08-25T03:55:00+09:00,2026-08-25T04:00:00+09:00,hs_lotteimallonetv,롯데원티비,"[정성곳간] 정성곳간 특 양념LA갈비 400gx8팩, 총3.2kg(2)","정성곳간 특 양념LA갈비 400gx8팩, 총3.2kg","정성곳간 특 양념LA갈비 400gx8팩, 총3.2kg",,,,확인필요,"정성곳간 특 양념LA갈비 400gx8팩, 총3.2kg",식품,1,,,,,,,,,,,2026-08-22T00:18:43.956483+09:00,2026-08-24T09:54:26.761474+09:00
1df1f740db7b40fec3d0aaa3c9d0d202,2026-08-25,2026-08-25T03:59:00+09:00,2026-08-25T04:19:00+09:00,hs_shinsegae,신세계쇼핑,[유지인pick♥] 미녀의석류콜라겐 200포 (25g x 25포 x 8Box),미녀의석류콜라겐 200포,미녀의석류콜라겐 200포,,,,확인필요,미녀의석류콜라겐 200포,식품,1,,,,,,,,,,,2026-08-22T00:18:43.956483+09:00,2026-08-24T09:54:26.761474+09:00
a3c3642b5151981e35ba3b65fd1f4f82,2026-08-25,2026-08-25T04:00:00+09:00,2026-08-25T04:19:00+09:00,hs_hmallplus,현대홈쇼핑 플러스샵,올바른 파로 효소 골드 5박스 (총 5개월분 150포),올바른 파로 효소 골드 5박스,올바른 파로 효소 골드 5박스,,,,미분류,,식품,1,,,,,,,,,,,2026-08-22T00:18:43.956483+09:00,2026-08-24T09:54:26.761474+09:00
c32dffcd75cb98564e5638b811e52100,2026-08-25,2026-08-25T04:00:00+09:00,2026-08-25T05:00:00+09:00,hs_nsmall,NS홈쇼핑,히트상품 앵콜방송4부,히트상품 앵콜방송4부,히트상품 앵콜방송4부,,,,미분류,,식품,2,,,,,,,,,,,2026-08-22T00:18:43.956483+09:00,2026-08-24T09:54:26.761474+09:00
69b263f976d5b8dc713b236410c52e99,2026-08-25,2026-08-25T04:05:00+09:00,2026-08-25T04:10:00+09:00,hs_lotteimallonetv,롯데원티비,"[정성곳간] 정성곳간 특 양념LA갈비 400gx8팩, 총3.2kg(3)","정성곳간 특 양념LA갈비 400gx8팩, 총3.2kg","정성곳간 특 양념LA갈비 400gx8팩, 총3.2kg",,,,확인필요,"정성곳간 특 양념LA갈비 400gx8팩, 총3.2kg",식품,1,,,,,,,,,,,2026-08-22T00:18:43.956483+09:00,2026-08-24T09:54:26.761474+09:00
f6e9b26fd40fcd1e36e7e03227db8064,2026-08-25,2026-08-25T04:11:00+09:00,2026-08-25T04:51:00+09:00,hs_skstoa,SK스토아,(방송에서만)고단백 닭가슴살면 10팩 + 소스10팩(동치미육수5팩+저당비빔소스5팩) | 원산지 : 상품정보 참조,고단백 닭가슴살면 10팩 + 소스10팩 | 원산지 : 상품정보 참조,고단백 닭가슴살면 10팩 + 소스10팩 | 원산지 : 상품정보 참조,,,,확인필요,고단백 닭가슴살면 10팩 + 소스10팩 | 원산지 : 상품정보 참조,식품,1,,,,,,,,,,,2026-08-22T00:18:43.956483+09:00,2026-08-24T09:54:26.761474+09:00
b1d1fe154b885fff0d8da00673094c5f,2026-08-25,2026-08-25T04:15:00+09:00,2026-08-25T04:20:00+09:00,hs_lotteimallonetv,롯데원티비,"[정성곳간] 정성곳간 특 양념LA갈비 400gx8팩, 총3.2kg","정성곳간 특 양념LA갈비 400gx8팩, 총3.2kg","정성곳간 특 양념LA갈비 400gx8팩, 총3.2kg",,,,확인필요,"정성곳간 특 양념LA갈비 400gx8팩, 총3.2kg",식품,1,,,,,,,,,,,2026-08-22T00:18:43.956483+09:00,2026-08-24T09:54:26.761474+09:00
4a5513fcfcc5451f70648201749416aa,2026-08-25,2026-08-25T04:25:00+09:00,2026-08-25T04:30:00+09:00,hs_lotteimallonetv,롯데원티비,"[정성곳간] 정성곳간 특 양념LA갈비 400gx8팩, 총3.2kg(2)","정성곳간 특 양념LA갈비 400gx8팩, 총3.2kg","정성곳간 특 양념LA갈비 400gx8팩, 총3.2kg",,,,확인필요,"정성곳간 특 양념LA갈비 400gx8팩, 총3.2kg",식품,1,,,,,,,,,,,2026-08-22T00:18:43.956483+09:00,2026-08-24T09:54:26.761474+09:00
9d7b46d9216e37693c70758b27e69b84,2026-08-25,2026-08-25T04:40:00+09:00,2026-08-25T05:15:00+09:00,hs_lotteimall,롯데홈쇼핑,"[설아래] 설아래 문경 오미자차 90mlx14포x4박스, 총56포","설아래 문경 오미자차 90mlx14포x4박스, 총56포",설아래 문경 오미자차 90mlx14포x4박스,설아래,차/음료,오미자,확정,설아래 문경 오미자차 90mlx14포x4박스,식품,1,,,,,,,,,,,2026-08-22T00:18:43.956483+09:00,2026-08-24T09:54:26.761474+09:00
28b21f11d30fc81628195d8d291d5028,2026-08-25,2026-08-25T04:55:00+09:00,2026-08-25T05:15:00+09:00,hs_gsshopmyshop,GS홈쇼핑 마이샵,"깐깐한주부 박미선의 포기김치10kg+보리열무김치1kg, 총 11kg","깐깐한주부 박미선의 포기김치10kg+보리열무김치1kg, 총 11kg","깐깐한주부 박미선의 포기김치10kg+보리열무김치1kg, 총 11kg",,,,확인필요,"깐깐한주부 박미선의 포기김치10kg+보리열무김치1kg, 총 11kg",식품,1,,,,,,,,,,,2026-08-22T00:18:43.956483+09:00,2026-08-24T09:54:26.761474+09:00
26e30363063ee4ecacec40f8939fdc3f,2026-08-25,2026-08-25T05:00:00+09:00,2026-08-25T05:30:00+09:00,hs_gsshop,GS홈쇼핑,넛츠데이 그랜드넛츠 3세트 총90봉,넛츠데이 그랜드넛츠 3세트 총90봉,넛츠데이 그랜드넛츠 3세트 총90봉,,,,확인필요,넛츠데이 그랜드넛츠 3세트 총90봉,식품,1,,,,,,,,,,,2026-08-22T00:18:43.956483+09:00,2026-08-24T09:54:26.761474+09:00
69a059e6fbb960e3c74e2c7eb50cf92b,2026-08-25,2026-08-25T05:00:00+09:00,2026-08-25T06:00:00+09:00,hs_gongyoung,공영쇼핑,[전국한우협회]한우먹는날 한우 투쁠불고기 200g x 8팩,한우먹는날 한우 투쁠불고기 200g x 8팩,한우먹는날 한우 투쁠불고기 200g x 8팩,,,,확인필요,한우먹는날 한우 투쁠불고기 200g x 8팩,식품,1,,,,,,,,,,,2026-08-22T00:18:43.956483+09:00,2026-08-24T09:54:26.761474+09:00
821b4f86add8976175daec239373ff3e,2026-08-25,2026-08-25T05:10:00+09:00,2026-08-25T06:00:00+09:00,hs_hnsmall,홈앤쇼핑,[마타카나] 슈퍼그린 5박스 + 슈퍼레드 5박스 (총 300포),슈퍼그린 5박스 + 슈퍼레드 5박스,슈퍼그린 5박스 + 슈퍼레드 5박스,,,,확인필요,슈퍼그린 5박스 + 슈퍼레드 5박스,식품,3,,,,,,,,,,,2026-08-22T00:18:43.956483+09:00,2026-08-24T09:54:26.761474+09:00
437993e5f882b44830a55ef06f8e32f2,2026-08-25,2026-08-25T05:15:00+09:00,2026-08-25T05:45:00+09:00,hs_cjonstyleplus,CJ온스타일 플러스,완도 손질 전복 20 미.,완도 손질 전복 20 미.,완도 손질 전복 20 미.,,,,확인필요,완도 손질 전복 20 미.,식품,1,,,,,,,,,,,2026-08-22T00:18:43.956483+09:00,2026-08-24T09:54:26.761474+09:00
faa0f9e0c72412113515d5e1065d6b48,2026-08-25,2026-08-25T05:20:00+09:00,2026-08-25T05:59:00+09:00,hs_hmallplus,현대홈쇼핑 플러스샵,[방송에서만 5병더] 센비타 당근주스 100 10병,센비타 당근주스 100 10병,센비타 당근주스,센비타,과채주스,당근,확정,센비타 당근주스,식품,1,,,,,,,,,,,2026-08-22T00:18:43.956483+09:00,2026-08-24T09:54:26.761474+09:00
3875de2b36b456fe457ff4afc30f7b87,2026-08-25,2026-08-25T05:30:00+09:00,2026-08-25T06:30:00+09:00,hs_shinsegae,신세계쇼핑,"(방송에서만)[12박스]주영엔에스 관절엔 콘드로이친 1200(60정X12박스,총 12개월분)+식물성 오메가3 2박스(2개월분)",주영엔에스 관절엔 콘드로이친 1200 +식물성 오메가3 2박스,관절엔 콘드로이친,관절엔,건강식품/관절,콘드로이친,확정,관절엔 콘드로이친,식품,2,,,,,,,,,,,2026-08-22T00:18:43.956483+09:00,2026-08-24T09:54:26.761474+09:00
a4130550c9f89680441057689861117b,2026-08-25,2026-08-25T05:30:00+09:00,2026-08-25T06:15:00+09:00,hs_gsshop,GS홈쇼핑,뉴트리코어 하이퍼셀 코엔자임Q10(코큐텐) 맥스 6박스(6개월분),뉴트리코어 하이퍼셀 코엔자임Q10 맥스 6박스,뉴트리코어 하이퍼셀 코엔자임Q10 맥스 6박스,,,,확인필요,뉴트리코어 하이퍼셀 코엔자임Q10 맥스 6박스,식품,2,,,,,,,,,,,2026-08-22T00:18:43.956483+09:00,2026-08-24T09:54:26.761474+09:00
81bc0cef2fa5f01060b2a5883a8bb071,2026-08-25,2026-08-25T05:31:00+09:00,2026-08-25T06:31:00+09:00,hs_skstoa,SK스토아,[방송에서만]파라다이스 그레인 버닝 6+3박스(700mg*28정*9박스/18주분) | 원산지 : 상품정보 참조,파라다이스 그레인 버닝 6+3박스 | 원산지 : 상품정보 참조,파라다이스 그레인 버닝 6+3박스 | 원산지 : 상품정보 참조,,,,확인필요,파라다이스 그레인 버닝 6+3박스 | 원산지 : 상품정보 참조,식품,2,,,,,,,,,,,2026-08-24T00:08:53.881627+09:00,2026-08-24T09:54:26.761474+09:00
9c49eb8d392e44cf06be40d559fcc069,2026-08-25,2026-08-25T05:31:00+09:00,2026-08-25T06:31:00+09:00,hs_skstoa,SK스토아,[방송에서만]파라다이스 그레인 버닝 6+3박스(700mg*28정*9박스/18주분) | 원산지 : 상품정보 참조,파라다이스 그레인 버닝 6+3박스 | 원산지 : 상품정보 참조,파라다이스 그레인 버닝 6+3박스 | 원산지 : 상품정보 참조,,,,확인필요,파라다이스 그레인 버닝 6+3박스 | 원산지 : 상품정보 참조,식품,2,,,,,,,,,,,2026-08-22T00:18:43.956483+09:00,2026-08-23T00:03:10.053532+09:00
4cde69d93dcc0e0804a427be3bf090bc,2026-08-25,2026-08-25T05:40:00+09:00,2026-08-25T06:40:00+09:00,hs_nsmallshopplus,NS홈쇼핑 샵플러스,신규중소기업특화프로그램1,신규중소기업특화프로그램1,신규중소기업특화프로그램1,,,,확인필요,신규중소기업특화프로그램1,식품,1,,,,,,,,,,,2026-08-22T00:18:43.956483+09:00,2026-08-24T09:54:26.761474+09:00
59257401b23fbdc8286db11cadf242d3,2026-08-25,2026-08-25T05:40:00+09:00,2026-08-25T06:30:00+09:00,hs_nsmall,NS홈쇼핑,상황버섯쌀,상황버섯쌀,상황버섯쌀,,,,미분류,,식품,2,,,,,,,,,,,2026-08-22T00:18:43.956483+09:00,2026-08-24T09:54:26.761474+09:00
2463c08ba4612655156c0cc33ee689c7,2026-08-25,2026-08-25T05:45:00+09:00,2026-08-25T06:45:00+09:00,hs_cjonstyleplus,CJ온스타일 플러스,[국민영양프로젝트] 여에스더 포스파티딜세린 10박스(5개월분)+블루베리 퓨레,여에스더 포스파티딜세린 10박스 +블루베리 퓨레,여에스더 포스파티딜세린 10박스 +블루베리 퓨레,,,,미분류,,식품,8,,,,,,,,,,,2026-08-22T00:18:43.956483+09:00,2026-08-24T09:54:26.761474+09:00
159c234fa20469cb74a99ca606c2f489,2026-08-25,2026-08-25T06:00:00+09:00,2026-08-25T07:15:00+09:00,hs_hnsmall,홈앤쇼핑,[방송에서만 1만원 할인][더블]데이즈온 그린 아세로라C 16박스(1.5g x 14포 x 16박스),데이즈온 그린 아세로라C 16박스,그린 아세로라 C,,건강식품/비타민,아세로라,확정,그린 아세로라 C,식품,2,,,,,,,,,,,2026-08-22T00:18:43.956483+09:00,2026-08-24T09:54:26.761474+09:00
595422ca9302561667f2dc30aa31ae8c,2026-08-25,2026-08-25T06:00:00+09:00,2026-08-25T06:39:00+09:00,hs_hmallplus,현대홈쇼핑 플러스샵,[반값세일][셀렉스] 프로틴 고소한맛 304gx5캔+보틀1개,프로틴 고소한맛 304gx5캔+보틀1개,프로틴 고소한맛 304gx5캔 보틀1개,,단백질/프로틴,단백질,확정,프로틴 고소한맛 304gx5캔 보틀1개,식품,1,,,,,,,,,,,2026-08-22T00:18:43.956483+09:00,2026-08-24T09:54:26.761474+09:00
8a6b86a384599a1db1ff9ad46ea2a49c,2026-08-25,2026-08-25T06:15:00+09:00,2026-08-25T07:15:00+09:00,hs_gsshop,GS홈쇼핑,주영엔에스 모발콜라겐 3270 4주분(1박스),주영엔에스 모발콜라겐 3270 4주분,주영엔에스 모발콜라겐 3270 4주분,,,,확인필요,주영엔에스 모발콜라겐 3270 4주분,식품,3,,,,,,,,,,,2026-08-22T00:18:43.956483+09:00,2026-08-24T09:54:26.761474+09:00
9d32cce9fb6a1f57a754203adcf6d90e,2026-08-25,2026-08-25T06:15:00+09:00,2026-08-25T07:15:00+09:00,hs_hmall,현대홈쇼핑,[현대단독] 패밀리세트 비에날씬 프로 12박스+비에날퀸 1박스+비에날씬 플러스 1박스,패밀리세트 비에날씬 프로 12박스+비에날퀸 1박스+비에날씬 플러스 1박스,비에날씬 프로,비에날씬,다이어트 유산균,BNR17 유산균,확정,비에날씬프로,식품,4,,,,,,,,,,,2026-08-22T00:18:43.956483+09:00,2026-08-24T09:54:26.761474+09:00
a0a53ed880a26f3677e31bcd146db113,2026-08-25,2026-08-25T06:40:00+09:00,2026-08-25T07:40:00+09:00,hs_nsmallshopplus,NS홈쇼핑 샵플러스,콘드로이친1,콘드로이친1,콘드로이친1,,건강식품/관절,콘드로이친,확인필요,콘드로이친1,식품,1,,,,,,,,,,,2026-08-22T00:18:43.956483+09:00,2026-08-24T09:54:26.761474+09:00
822d4a9040fd9d94d27695f804225732,2026-08-25,2026-08-25T06:45:00+09:00,2026-08-25T07:45:00+09:00,hs_cjonstyleplus,CJ온스타일 플러스,[50%세일]뉴질랜드 프리미엄 산양유 12통+츄어블1박스,뉴질랜드 프리미엄 산양유 12통+츄어블1박스,뉴질랜드 프리미엄 산양유 12통+츄어블1박스,,,,확인필요,뉴질랜드 프리미엄 산양유 12통+츄어블1박스,식품,2,,,,,,,,,,,2026-08-22T00:18:43.956483+09:00,2026-08-24T09:54:26.761474+09:00
63dbc5f960f5d3c71740dbb42144feb1,2026-08-25,2026-08-25T07:15:00+09:00,2026-08-25T08:15:00+09:00,hs_cjonstyle,CJ온스타일,[방송에서만 세일]시서스 필 다이어트 6박스 (168정/24주분),시서스 필 다이어트 6박스,시서스 필 다이어트,,다이어트,시서스,확정,시서스 필 다이어트,식품,2,,,,,,,,,,,2026-08-22T00:18:43.956483+09:00,2026-08-24T09:54:26.761474+09:00
8e380b42d9deca5343c16887d19f9d58,2026-08-25,2026-08-25T07:15:00+09:00,2026-08-25T08:15:00+09:00,hs_hnsmall,홈앤쇼핑,[방송에서만] 닥터린 파비플로라 x 알파CD 12박스+6박스,닥터린 파비플로라 x 알파CD 12박스+6박스,닥터린 파비플로라 x 알파CD 12박스+6박스,,,,확인필요,닥터린 파비플로라 x 알파CD 12박스+6박스,식품,2,,,,,,,,,,,2026-08-22T00:18:43.956483+09:00,2026-08-24T09:54:26.761474+09:00
f042f5b2470ab652cac66060a17b6cbf,2026-08-25,2026-08-25T07:31:00+09:00,2026-08-25T08:31:00+09:00,hs_shinsegae,신세계쇼핑,w100주년특집[방송중 9개월+1박스] 유한양행 당큐락 9개월분 +당큐락 플러스 1박스,w100주년특집 유한양행 당큐락 9개월분 +당큐락 플러스 1박스,w100주년특집 유한양행 당큐락 9개월분 +당큐락 플러스 1박스,,,,확인필요,w100주년특집 유한양행 당큐락 9개월분 +당큐락 플러스 1박스,식품,2,,,,,,,,,,,2026-08-22T00:18:43.956483+09:00,2026-08-24T09:54:26.761474+09:00
05c7f9376a2505f798753a8c71f98a3e,2026-08-25,2026-08-25T08:20:00+09:00,2026-08-25T09:20:00+09:00,hs_nsmall,NS홈쇼핑,골드카무트효소,골드카무트효소,골드카무트효소,,,,확인필요,골드카무트효소,식품,11,,,,,,,,,,,2026-08-22T00:18:43.956483+09:00,2026-08-24T09:54:26.761474+09:00
885070fd09b49e48650abcd1b780985b,2026-08-25,2026-08-25T08:20:00+09:00,2026-08-25T09:20:00+09:00,hs_gongyoung,공영쇼핑,"참만능참치액골드  1,040g x 3병 + 참만능대게액  1,050g x 2병 ","참만능참치액골드 1,040g x 3병 + 참만능대게액 1,050g x 2병","참만능참치액골드 1,040g x 3병 + 참만능대게액 1,050g x 2병",,,,확인필요,"참만능참치액골드 1,040g x 3병 + 참만능대게액 1,050g x 2병",식품,3,,,,,,,,,,,2026-08-22T00:18:43.956483+09:00,2026-08-24T09:54:26.761474+09:00
b27bd9111a5236c3a754bfc2ce05760f,2026-08-25,2026-08-25T08:35:00+09:00,2026-08-25T09:35:00+09:00,hs_shopntmall,쇼핑엔티,[50％세일] 골드 카무트 효소 12박스 +  파로 5봉 + 복부마사지기,골드 카무트 효소 12박스 + 파로 5봉 + 복부마사지기,골드 카무트 효소 12박스 + 파로 5봉 + 복부마사지기,,,,미분류,,식품,1,,,,,,,,,,,2026-08-22T00:18:43.956483+09:00,2026-08-24T09:54:26.761474+09:00
dbe0f561b64c266a12e340b9c1b91947,2026-08-25,2026-08-25T09:20:00+09:00,2026-08-25T10:25:00+09:00,hs_gongyoung,공영쇼핑,국내산 손질 문어 1.3kg(130g×10팩),국내산 손질 문어 1.3kg,국내산 손질 문어 1.3kg,,,,확인필요,국내산 손질 문어 1.3kg,식품,1,,,,,,,,,,,2026-08-22T00:18:43.956483+09:00,2026-08-24T09:54:26.761474+09:00
cd54adca3c8548eb4f8cc83601f9ff7d,2026-08-25,2026-08-25T09:25:00+09:00,2026-08-25T10:25:00+09:00,hs_hnsmall,홈앤쇼핑,[방송에서만 1만원 할인][더블]데이즈온 그린 아세로라C 16박스(1.5g x 14포 x 16박스),데이즈온 그린 아세로라C 16박스,그린 아세로라 C,,건강식품/비타민,아세로라,확정,그린 아세로라 C,식품,2,,,,,,,,,,,2026-08-22T00:18:43.956483+09:00,2026-08-24T09:54:26.761474+09:00
0460319064e1685502a101a8d13e0a28,2026-08-25,2026-08-25T09:31:00+09:00,2026-08-25T10:31:00+09:00,hs_skstoa,SK스토아,(방송에서만 4개월분 더) 락토핏 맥스19 유산균 12개월분+4개월분 더 (총 8통 16개월분) | 원산지 : 상품정보 참조,락토핏 맥스19 유산균 12개월분+4개월분 더 | 원산지 : 상품정보 참조,락토핏 맥스19 유산균 12개월분+4개월분 더 | 원산지 : 상품정보 참조,,,,미분류,,식품,1,,,,,,,,,,,2026-08-22T00:18:43.956483+09:00,2026-08-24T09:54:26.761474+09:00
facb474e6186f66e5472b9b3d771529f,2026-08-25,2026-08-25T09:35:00+09:00,2026-08-25T10:34:00+09:00,hs_shopntmall,쇼핑엔티,[방송에서만 10주분] 김오곤 원장의 한방(One Punch) 다이어트 환,김오곤 원장의 한방 다이어트 환,김오곤 원장의 한방 다이어트 환,김오곤,다이어트,한방 환,확정,김오곤 원장의 한방 다이어트 환,식품,1,,,,,,,,,,,2026-08-22T00:18:43.956483+09:00,2026-08-24T09:54:26.761474+09:00
aa86b76316ac20d0c6347568834d5fec,2026-08-25,2026-08-25T10:20:00+09:00,2026-08-25T11:25:00+09:00,hs_nsmall,NS홈쇼핑,두뇌엔닥터PS,두뇌엔닥터PS,두뇌엔 닥터PS,두뇌엔,건강식품/두뇌·인지,포스파티딜세린,확정,두뇌엔닥터PS,식품,3,,,,,,,,,,,2026-08-22T00:18:43.956483+09:00,2026-08-24T09:54:26.761474+09:00
acafa7ef9b36c9ff9350d68f9b83bb51,2026-08-25,2026-08-25T10:25:00+09:00,2026-08-25T11:35:00+09:00,hs_gongyoung,공영쇼핑,[100% 국내산 천연 햇 벌꿀]농협안심특화꿀 아까시꽃꿀 5병,농협안심특화꿀 아까시꽃꿀 5병,농협안심특화꿀 아까시꽃꿀 5병,,,,미분류,,식품,1,,,,,,,,,,,2026-08-22T00:18:43.956483+09:00,2026-08-24T09:54:26.761474+09:00
1633e2fd07327d2c6a3947256c0b0384,2026-08-25,2026-08-25T10:35:00+09:00,2026-08-25T11:34:00+09:00,hs_shopntmall,쇼핑엔티,[방송에서만 2팩 더!!] 김하진 궁중 한우 도가니수육탕 700g × 10팩 + 700g × 2팩 (총 12팩)_실온보관,김하진 궁중 한우 도가니수육탕 700g × 10팩 + 700g × 2팩 _실온보관,김하진 궁중 한우 도가니수육탕 700g × 10팩 + 700g × 2팩 _실온보관,,,,확인필요,김하진 궁중 한우 도가니수육탕 700g × 10팩 + 700g × 2팩 _실온보관,식품,1,,,,,,,,,,,2026-08-22T00:18:43.956483+09:00,2026-08-24T09:54:26.761474+09:00
32e1e5d0143b192f7896fbd396829841,2026-08-25,2026-08-25T10:40:00+09:00,2026-08-25T11:39:00+09:00,hs_hmallplus,현대홈쇼핑 플러스샵,국내산 신안 빙장 생새우 1kg ( 30 ∼ 40미 내외),국내산 신안 빙장 생새우 1kg,국내산 신안 빙장 생새우 1kg,,,,확인필요,국내산 신안 빙장 생새우 1kg,식품,1,,,,,,,,,,,2026-08-22T00:18:43.956483+09:00,2026-08-24T09:54:26.761474+09:00
ad1c0110e29cdda6548bc8024c69328a,2026-08-25,2026-08-25T11:25:00+09:00,2026-08-25T12:25:00+09:00,hs_nsmall,NS홈쇼핑,위바이옴에스클래스,위바이옴에스클래스,위바이옴에스클래스,,,,확인필요,위바이옴에스클래스,식품,2,,,,,,,,,,,2026-08-22T00:18:43.956483+09:00,2026-08-24T09:54:26.761474+09:00
507421f608f10ea70c56f44bb733bc34,2026-08-25,2026-08-25T11:31:00+09:00,2026-08-25T12:31:00+09:00,hs_skstoa,SK스토아,●[50프로세일] 콘드로이친 1200 콘레이티+MBP+K2 12박스 + 초임계 비타민K2 2박스 | 원산지 : 상품정보 참조,● 콘드로이친 1200 콘레이티+MBP+K2 12박스 + 초임계 비타민K2 2박스 | 원산지 : 상품정보 참조,● 콘드로이친 1200 콘레이티+MBP+K2 12박스 + 초임계 비타민K2 2박스 | 원산지 : 상품정보 참조,,,,확인필요,● 콘드로이친 1200 콘레이티+MBP+K2 12박스 + 초임계 비타민K2 2박스 | 원산지 : 상품정보 참조,식품,2,,,,,,,,,,,2026-08-22T00:18:43.956483+09:00,2026-08-24T09:54:26.761474+09:00
59df925620f60190d9130da49801cb07,2026-08-25,2026-08-25T11:31:00+09:00,2026-08-25T12:31:00+09:00,hs_skstoa,SK스토아,●[50프로세일] 콘드로이친 1200 콘레이티+MBP+K2 12박스 + 초임계 비타민K2 2박스 | 원산지 : 상품정보 참조,● 콘드로이친 1200 콘레이티+MBP+K2 12박스 + 초임계 비타민K2 2박스 | 원산지 : 상품정보 참조,● 콘드로이친 1200 콘레이티+MBP+K2 12박스 + 초임계 비타민K2 2박스 | 원산지 : 상품정보 참조,,,,확인필요,● 콘드로이친 1200 콘레이티+MBP+K2 12박스 + 초임계 비타민K2 2박스 | 원산지 : 상품정보 참조,식품,2,,,,,,,,,,,2026-08-24T00:08:53.881627+09:00,2026-08-24T00:08:53.881627+09:00
83cc47d37982a0de8c6825a38254e8b7,2026-08-25,2026-08-25T11:34:00+09:00,2026-08-25T12:34:00+09:00,hs_shopntmall,쇼핑엔티,[국내산] 안동간고등어 120g x 20팩,안동간고등어 120g x 20팩,안동간고등어 120g x 20팩,,,,확인필요,안동간고등어 120g x 20팩,식품,1,,,,,,,,,,,2026-08-22T00:18:43.956483+09:00,2026-08-24T09:54:26.761474+09:00
7476a90e69be7908a9a2a773547971f1,2026-08-25,2026-08-25T11:35:00+09:00,2026-08-25T12:40:00+09:00,hs_gongyoung,공영쇼핑,정성곳간 뼈없는 한우 갈비탕 10팩 (7kg),정성곳간 뼈없는 한우 갈비탕 10팩,정성곳간 뼈없는 한우 갈비탕 10팩,,,,확인필요,정성곳간 뼈없는 한우 갈비탕 10팩,식품,1,,,,,,,,,,,2026-08-22T00:18:43.956483+09:00,2026-08-24T09:54:26.761474+09:00
b05085ee02e10923e796baa02e28c78a,2026-08-25,2026-08-25T11:36:00+09:00,2026-08-25T12:36:00+09:00,hs_gsshopmyshop,GS홈쇼핑 마이샵,닥터린 콘드로이친 1200 콘레이티+MBP+K2 12개월분 + 비타민K2 2박스 더,닥터린 콘드로이친 1200 콘레이티+MBP+K2 12개월분 + 비타민K2 2박스 더,닥터린 콘드로이친 1200 콘레이티+MBP+K2 12개월분 + 비타민K2 2박스 더,,,,확인필요,닥터린 콘드로이친 1200 콘레이티+MBP+K2 12개월분 + 비타민K2 2박스 더,식품,2,,,,,,,,,,,2026-08-22T00:18:43.956483+09:00,2026-08-24T09:54:26.761474+09:00
4549725dd900860f84314286437851b1,2026-08-25,2026-08-25T12:20:00+09:00,2026-08-25T12:59:00+09:00,hs_hmallplus,현대홈쇼핑 플러스샵,[더블구성] 서리태 또콩 생청국장알 60봉 (  총2박스 1박스 30봉/ 청보마을 ),서리태 또콩 생청국장알 60봉,서리태 또콩 생청국장알 60봉,,,,확인필요,서리태 또콩 생청국장알 60봉,식품,2,,,,,,,,,,,2026-08-22T00:18:43.956483+09:00,2026-08-24T09:54:26.761474+09:00
dda78c62c53eb8e376e33ad252dc0edc,2026-08-25,2026-08-25T12:35:00+09:00,2026-08-25T12:55:00+09:00,hs_lotteimall,롯데홈쇼핑,[흥국화재] ★흥Good 든든한 3N5 간편종합보험★,★흥Good 든든한 3N5 간편종합보험★,★흥Good 든든한 3N5 간편종합보험★,,,,확인필요,★흥Good 든든한 3N5 간편종합보험★,식품,1,,,,,,,,,,,2026-08-22T00:18:43.956483+09:00,2026-08-24T09:54:26.761474+09:00
8cb0a8c2fd1ad45dca5a82abe6583da4,2026-08-25,2026-08-25T12:40:00+09:00,2026-08-25T13:40:00+09:00,hs_nsmallshopplus,NS홈쇼핑 샵플러스,제주고사리1,제주고사리1,제주고사리1,,,,확인필요,제주고사리1,식품,3,,,,,,,,,,,2026-08-22T00:18:43.956483+09:00,2026-08-24T09:54:26.761474+09:00
d0ee5e9da2b550d2583c777db9973e32,2026-08-25,2026-08-25T12:40:00+09:00,2026-08-25T13:30:00+09:00,hs_gongyoung,공영쇼핑,[26년 햇] 청양고춧가루 매운맛 500g*6팩(총 3kg),청양고춧가루 매운맛 500g*6팩,청양고춧가루 매운맛 500g*6팩,,,,확인필요,청양고춧가루 매운맛 500g*6팩,식품,2,,,,,,,,,,,2026-08-22T00:18:43.956483+09:00,2026-08-24T09:54:26.761474+09:00
de8687b5c92993d9684417e4de4b8ab2,2026-08-25,2026-08-25T12:40:00+09:00,2026-08-25T13:40:00+09:00,hs_lotteimallonetv,롯데원티비,[방송에서만] 윤형빈의 바로끼니 저당주먹밥 2종 22팩 (불고기/제육) (20+2팩),윤형빈의 바로끼니 저당주먹밥 2종 22팩,윤형빈의 바로끼니 저당주먹밥 2종 22팩,,,,확인필요,윤형빈의 바로끼니 저당주먹밥 2종 22팩,식품,1,,,,,,,,,,,2026-08-22T00:18:43.956483+09:00,2026-08-24T09:54:26.761474+09:00
5e00526ac48f9af6acb00e0f3ddb9c54,2026-08-25,2026-08-25T13:30:00+09:00,2026-08-25T14:20:00+09:00,hs_gongyoung,공영쇼핑,[2026 햇] 유기농 무안 밤고구마 3kg+3kg,유기농 무안 밤고구마 3kg+3kg,유기농 무안 밤고구마 3kg+3kg,,,,확인필요,유기농 무안 밤고구마 3kg+3kg,식품,1,,,,,,,,,,,2026-08-22T00:18:43.956483+09:00,2026-08-24T09:54:26.761474+09:00
30a1b8bb1001952fb08ff68a1ba4ce7a,2026-08-25,2026-08-25T13:31:00+09:00,2026-08-25T14:31:00+09:00,hs_skstoa,SK스토아,[방송에서만세일] 뉴밋 유기농 엑스트라버진 올리브오일 피쿠알 10박스 | 원산지 : 상품정보 참조,뉴밋 유기농 엑스트라버진 올리브오일 피쿠알 10박스 | 원산지 : 상품정보 참조,뉴밋 유기농 엑스트라버진 올리브오일,뉴밋,오일,올리브,확정,뉴밋 유기농 엑스트라버진 올리브오일 피쿠알,식품,1,,,,,,,,,,,2026-08-22T00:18:43.956483+09:00,2026-08-24T09:54:26.761474+09:00
5b892e2a739b4905aefeb73ccfe3853f,2026-08-25,2026-08-25T13:35:00+09:00,2026-08-25T14:35:00+09:00,hs_gsshop,GS홈쇼핑,닥터파이토 덴티백 PRO 구강유산균 M18 14박스,닥터파이토 덴티백 PRO 구강유산균 M18 14박스,닥터파이토 덴티백 PRO 구강유산균 M18,닥터파이토,유산균,유산균,확정,닥터파이토 덴티백 PRO 구강유산균 M18,식품,2,,,,,,,,,,,2026-08-22T00:18:43.956483+09:00,2026-08-24T09:54:26.761474+09:00
7c7c3a79a59526d04987884179e1666c,2026-08-25,2026-08-25T13:35:00+09:00,2026-08-25T14:35:00+09:00,hs_cjonstyle,CJ온스타일,폴리코사놀5 30정 18박스,폴리코사놀5 30정 18박스,폴리코사놀5,,건강식품/혈행,폴리코사놀,확정,폴리코사놀5,식품,2,,,,,,,,,,,2026-08-22T00:18:43.956483+09:00,2026-08-24T09:54:26.761474+09:00
c244015420a9f503b5ac9ceda5978572,2026-08-25,2026-08-25T13:35:00+09:00,2026-08-25T14:35:00+09:00,hs_nsmall,NS홈쇼핑,뉴밋올리브오일,뉴밋올리브오일,뉴밋 유기농 엑스트라버진 올리브오일,뉴밋,오일,올리브,확정,뉴밋올리브오일,식품,7,,,,,,,,,,,2026-08-22T00:18:43.956483+09:00,2026-08-24T09:54:26.761474+09:00
a8c4f59a10a8629be76bf58a993c46e7,2026-08-25,2026-08-25T13:40:00+09:00,2026-08-25T14:40:00+09:00,hs_nsmallshopplus,NS홈쇼핑 샵플러스,주원산 훈제오리 1,주원산 훈제오리 1,주원산 훈제오리 1,,,,확인필요,주원산 훈제오리 1,식품,3,,,,,,,,,,,2026-08-22T00:18:43.956483+09:00,2026-08-24T09:54:26.761474+09:00
a55c524a80abee0503bd66be6273d768,2026-08-25,2026-08-25T13:45:00+09:00,2026-08-25T14:45:00+09:00,hs_cjonstyleplus,CJ온스타일 플러스,[방송에서만] 164 루테인지아잔틴GR 15개월분,164 루테인지아잔틴GR 15개월분,164 루테인지아잔틴GR 15개월분,,,,확인필요,164 루테인지아잔틴GR 15개월분,식품,3,,,,,,,,,,,2026-08-22T00:18:43.956483+09:00,2026-08-24T09:54:26.761474+09:00
329fe7f157b29a90ccf3fdce9db93861,2026-08-25,2026-08-25T14:17:00+09:00,2026-08-25T14:57:00+09:00,hs_gsshopmyshop,GS홈쇼핑 마이샵,하이랜드 프레쉬 100% 블루베리 착즙 주스 48팩 120mL,하이랜드 프레쉬 100% 블루베리 착즙 주스 48팩 120mL,하이랜드 프레쉬 100% 블루베리 착즙 주스 48팩 120mL,,,,확인필요,하이랜드 프레쉬 100% 블루베리 착즙 주스 48팩 120mL,식품,1,,,,,,,,,,,2026-08-22T00:18:43.956483+09:00,2026-08-24T09:54:26.761474+09:00
4cd6e7d9dec08847b8965a18d9a63d94,2026-08-25,2026-08-25T14:20:00+09:00,2026-08-25T15:10:00+09:00,hs_gongyoung,공영쇼핑,[유기농] 산들바람 진도 찰흑미 800gx6봉,산들바람 진도 찰흑미 800gx6봉,산들바람 진도 찰흑미 800gx6봉,,,,확인필요,산들바람 진도 찰흑미 800gx6봉,식품,1,,,,,,,,,,,2026-08-22T00:18:43.956483+09:00,2026-08-24T09:54:26.761474+09:00
a2a57698f3191691fbf7d36d294a4553,2026-08-25,2026-08-25T14:20:00+09:00,2026-08-25T15:10:00+09:00,hs_hnsmall,홈앤쇼핑,[100% 국내산] 매헌상명창고 생들기름 2병 + 고소한 들기름 1병,매헌상명창고 생들기름 2병 + 고소한 들기름 1병,매헌상명창고 생들기름 2병 + 고소한 들기름 1병,,,,확인필요,매헌상명창고 생들기름 2병 + 고소한 들기름 1병,식품,9,,,,,,,,,,,2026-08-22T00:18:43.956483+09:00,2026-08-24T09:54:26.761474+09:00
e382ee52b5ef944a7f8fc8aae9e3b3a5,2026-08-25,2026-08-25T14:33:00+09:00,2026-08-25T15:34:00+09:00,hs_shinsegae,신세계쇼핑,"(방송에서만 4토막 더)제주가마당 제주 특대 은갈치 300g x 20토막+4토막, 총 24토막","제주가마당 제주 특대 은갈치 300g x 20토막+4토막, 총 24토막","제주가마당 제주 특대 은갈치 300g x 20토막+4토막, 총 24토막",,,,확인필요,"제주가마당 제주 특대 은갈치 300g x 20토막+4토막, 총 24토막",식품,2,,,,,,,,,,,2026-08-22T00:18:43.956483+09:00,2026-08-24T09:54:26.761474+09:00
339562230a258423eb0cd9e4e12c974d,2026-08-25,2026-08-25T14:35:00+09:00,2026-08-25T15:30:00+09:00,hs_nsmall,NS홈쇼핑,신화당우리현미전병,신화당우리현미전병,신화당우리현미전병,,,,확인필요,신화당우리현미전병,식품,5,,,,,,,,,,,2026-08-22T00:18:43.956483+09:00,2026-08-24T09:54:26.761474+09:00
377ef31d38146861a2a67a0daa95404f,2026-08-25,2026-08-25T15:10:00+09:00,2026-08-25T16:00:00+09:00,hs_gongyoung,공영쇼핑,찜한 전복 슬라이스 100g*8팩,찜한 전복 슬라이스 100g*8팩,찜한 전복 슬라이스 100g*8팩,,,,확인필요,찜한 전복 슬라이스 100g*8팩,식품,1,,,,,,,,,,,2026-08-22T00:18:43.956483+09:00,2026-08-24T09:54:26.761474+09:00
a979eeef81d8c7af99e063762ee501b9,2026-08-25,2026-08-25T15:10:00+09:00,2026-08-25T16:00:00+09:00,hs_hnsmall,홈앤쇼핑,[여수 돌산 갓김치] 송완숙 갓김치 총 4kg (2kg x 2),송완숙 갓김치 총 4kg,송완숙 갓김치 총 4kg,,,,확인필요,송완숙 갓김치 총 4kg,식품,1,,,,,,,,,,,2026-08-22T00:18:43.956483+09:00,2026-08-24T09:54:26.761474+09:00
c3b3778eea5132fd22e021c4e3ff6807,2026-08-25,2026-08-25T15:30:00+09:00,2026-08-25T16:30:00+09:00,hs_nsmall,NS홈쇼핑,보넬드토마토주스,보넬드토마토주스,보넬드토마토주스,보넬드,과채주스,토마토,확정,보넬드토마토주스,식품,1,,,,,,,,,,,2026-08-22T00:18:43.956483+09:00,2026-08-24T09:54:26.761474+09:00
157d4fdf07ef866496e246dc7a2599b8,2026-08-25,2026-08-25T15:31:00+09:00,2026-08-25T16:31:00+09:00,hs_skstoa,SK스토아,(방송에서만)알티지오메가3 비타민D 12박스에 4박스 더 (추가구성 천관보정 2개월분) | 원산지 : 상품정보 참조,알티지오메가3 비타민D 12박스에 4박스 더 | 원산지 : 상품정보 참조,알티지오메가3 비타민D 12박스에 4박스 더 | 원산지 : 상품정보 참조,,,,확인필요,알티지오메가3 비타민D 12박스에 4박스 더 | 원산지 : 상품정보 참조,식품,1,,,,,,,,,,,2026-08-22T00:18:43.956483+09:00,2026-08-24T09:54:26.761474+09:00
b9f1181fa60d1a1509cdb14c4412506e,2026-08-25,2026-08-25T15:33:00+09:00,2026-08-25T16:33:00+09:00,hs_shopntmall,쇼핑엔티,[판판26] 김하진 제주 특대은갈치 20토막,김하진 제주 특대은갈치 20토막,김하진 제주 특대은갈치 20토막,,,,확인필요,김하진 제주 특대은갈치 20토막,식품,1,,,,,,,,,,,2026-08-22T00:18:43.956483+09:00,2026-08-24T09:54:26.761474+09:00
ab6b278aac0e46593da41f9f823bd736,2026-08-25,2026-08-25T15:38:00+09:00,2026-08-25T16:38:00+09:00,hs_gsshopmyshop,GS홈쇼핑 마이샵,워커힐 고메 아이스크림 4종 총 16개(딸기4/초코4/망고바나나4/치즈4),워커힐 고메 아이스크림 4종 총 16개,워커힐 고메 아이스크림 4종 총 16개,,,,확인필요,워커힐 고메 아이스크림 4종 총 16개,식품,1,,,,,,,,,,,2026-08-22T00:18:43.956483+09:00,2026-08-24T09:54:26.761474+09:00
2f960da5ac31167336c69b370ff459fb,2026-08-25,2026-08-25T15:40:00+09:00,2026-08-25T16:39:00+09:00,hs_hmallplus,현대홈쇼핑 플러스샵,메로구이 목살스테이크 120g x 8팩 + 메로구이 소스 1병,메로구이 목살스테이크 120g x 8팩 + 메로구이 소스 1병,메로구이 목살스테이크 120g x 8팩 + 메로구이 소스 1병,,,,확인필요,메로구이 목살스테이크 120g x 8팩 + 메로구이 소스 1병,식품,1,,,,,,,,,,,2026-08-22T00:18:43.956483+09:00,2026-08-24T09:54:26.761474+09:00
3d8f4cf98b89cf0eeecd5fea1992874d,2026-08-25,2026-08-25T15:40:00+09:00,2026-08-25T16:40:00+09:00,hs_nsmallshopplus,NS홈쇼핑 샵플러스,임성근도가니탕1,임성근도가니탕1,임성근도가니탕1,,,,확인필요,임성근도가니탕1,식품,2,,,,,,,,,,,2026-08-22T00:18:43.956483+09:00,2026-08-24T09:54:26.761474+09:00
bcafe9becbea6ce21ebde58ce99e6707,2026-08-25,2026-08-25T15:40:00+09:00,2026-08-25T16:40:00+09:00,hs_lotteimallonetv,롯데원티비,[롯데단독/방송에서만]김호윤셰프의 시그니처  한우한돈 함박스테이크 총 16팩 (O),김호윤셰프의 시그니처 한우한돈 함박스테이크 총 16팩,김호윤셰프의 시그니처 한우한돈 함박스테이크 총 16팩,,,,확인필요,김호윤셰프의 시그니처 한우한돈 함박스테이크 총 16팩,식품,1,,,,,,,,,,,2026-08-22T00:18:43.956483+09:00,2026-08-24T09:54:26.761474+09:00
7d459635c8654e093712f23e9208f260,2026-08-25,2026-08-25T16:00:00+09:00,2026-08-25T16:50:00+09:00,hs_gongyoung,공영쇼핑,온미랑 반건조 피데기 오징어 20마리(총 1.9kg),온미랑 반건조 피데기 오징어 20마리,온미랑 반건조 피데기 오징어 20마리,,,,확인필요,온미랑 반건조 피데기 오징어 20마리,식품,2,,,,,,,,,,,2026-08-22T00:18:43.956483+09:00,2026-08-24T09:54:26.761474+09:00
b1ecfc9757a7ab9f63e3c3a811db5c1c,2026-08-25,2026-08-25T16:00:00+09:00,2026-08-25T16:50:00+09:00,hs_hnsmall,홈앤쇼핑,[방송에서만] 락토핏 맥스19 유산균 6통 (12개월분) + 2통 (4개월분),락토핏 맥스19 유산균 6통 + 2통,락토핏 맥스19 유산균 6통 + 2통,,,,확인필요,락토핏 맥스19 유산균 6통 + 2통,식품,1,,,,,,,,,,,2026-08-22T00:18:43.956483+09:00,2026-08-24T09:54:26.761474+09:00
8e9c1b3fff008aa57d00727302e88fa6,2026-08-25,2026-08-25T16:30:00+09:00,2026-08-25T17:30:00+09:00,hs_nsmall,NS홈쇼핑,뉴밋하스카프,뉴밋하스카프,뉴밋하스카프,,,,확인필요,뉴밋하스카프,식품,8,,,,,,,,,,,2026-08-22T00:18:43.956483+09:00,2026-08-24T09:54:26.761474+09:00
fda702d5610705c107cbe19c3fbe59b1,2026-08-25,2026-08-25T16:30:00+09:00,2026-08-25T17:30:00+09:00,hs_cjonstyle,CJ온스타일,[바로도착] 방배쭈꾸미볶음 500g 5팩,방배쭈꾸미볶음 500g 5팩,방배쭈꾸미볶음 500g 5팩,,,,확인필요,방배쭈꾸미볶음 500g 5팩,식품,1,,,,,,,,,,,2026-08-22T00:18:43.956483+09:00,2026-08-24T09:54:26.761474+09:00
b3c077753a58be53c0c6f7064f11c4ec,2026-08-25,2026-08-25T16:33:00+09:00,2026-08-25T17:32:00+09:00,hs_shopntmall,쇼핑엔티,김하진의 궁중 우리소 LA갈비 550g×8팩 (총 4.4kg),김하진의 궁중 우리소 LA갈비 550g×8팩,김하진의 궁중 우리소 LA갈비 550g×8팩,,,,확인필요,김하진의 궁중 우리소 LA갈비 550g×8팩,식품,1,,,,,,,,,,,2026-08-22T00:18:43.956483+09:00,2026-08-24T09:54:26.761474+09:00
bb158f9d7f8e00644f8c90c912363ed6,2026-08-25,2026-08-25T16:34:00+09:00,2026-08-25T17:34:00+09:00,hs_shinsegae,신세계쇼핑,조선호텔 소갈비찜 700g x 4팩,조선호텔 소갈비찜 700g x 4팩,조선호텔 소갈비찜 700g x 4팩,,,,확인필요,조선호텔 소갈비찜 700g x 4팩,식품,2,,,,,,,,,,,2026-08-22T00:18:43.956483+09:00,2026-08-24T09:54:26.761474+09:00
e28284294802bc125feb3be7973a0d34,2026-08-25,2026-08-25T16:34:00+09:00,2026-08-25T17:34:00+09:00,hs_shinsegae,신세계쇼핑,[맑은물에] 김석원 백태 낫또 45.5g x 34개,김석원 백태 낫또 45.5g x 34개,김석원 백태 낫또 45.5g x 34개,,,,확인필요,김석원 백태 낫또 45.5g x 34개,식품,2,,,,,,,,,,,2026-08-22T00:18:43.956483+09:00,2026-08-24T09:54:26.761474+09:00
1ed73ddc609a16bfa7a79dd3f586211a,2026-08-25,2026-08-25T16:35:00+09:00,2026-08-25T17:35:00+09:00,hs_lotteimall,롯데홈쇼핑,"[박준면의 김치이야기] ★방송에서만★ 박준면의 김치이야기 포기김치 7kg, 총각김치 1kg","★방송에서만★ 박준면의 김치이야기 포기김치 7kg, 총각김치 1kg","★방송에서만★ 박준면의 김치이야기 포기김치 7kg, 총각김치 1kg",,,,확인필요,"★방송에서만★ 박준면의 김치이야기 포기김치 7kg, 총각김치 1kg",식품,1,,,,,,,,,,,2026-08-22T00:18:43.956483+09:00,2026-08-24T09:54:26.761474+09:00
4099dcb4bcbd9e6417935d3768e8f0b5,2026-08-25,2026-08-25T16:35:00+09:00,2026-08-25T17:35:00+09:00,hs_gsshop,GS홈쇼핑,여에스더 리포좀 NMN 파이토에스 울트라X 1박스,여에스더 리포좀 NMN 파이토에스 울트라X 1박스,여에스더 리포좀 NMN 파이토에스 울트라X 1박스,,,,확인필요,여에스더 리포좀 NMN 파이토에스 울트라X 1박스,식품,3,,,,,,,,,,,2026-08-22T00:18:43.956483+09:00,2026-08-24T09:54:26.761474+09:00
323bc086b086b32f9cffcacadc88397a,2026-08-25,2026-08-25T16:40:00+09:00,2026-08-25T18:39:00+09:00,hs_hmallplus,현대홈쇼핑 플러스샵,[2026년산 햇고추] 태양초 청결 햇 고춧가루 3kg(500g 6팩),태양초 청결 햇 고춧가루 3kg,태양초 청결 햇 고춧가루,,조미식품,고추,확정,태양초 청결 햇 고춧가루,식품,2,,,,,,,,,,,2026-08-22T00:18:43.956483+09:00,2026-08-24T09:54:26.761474+09:00
98e8b1f0054257cc5ad321b4925e8e50,2026-08-25,2026-08-25T16:45:00+09:00,2026-08-25T17:45:00+09:00,hs_cjonstyleplus,CJ온스타일 플러스,[CJ단독 / 방송에서만 2팩 더] 돈까스 18팩(등심4+안심4+치즈4+치즈치킨6),돈까스 18팩,돈까스 18팩,,,,확인필요,돈까스 18팩,식품,1,,,,,,,,,,,2026-08-22T00:18:43.956483+09:00,2026-08-24T09:54:26.761474+09:00
36ebe6e304576cde488f780f5986d98b,2026-08-25,2026-08-25T16:50:00+09:00,2026-08-25T17:40:00+09:00,hs_gongyoung,공영쇼핑,[26년 햇] 영월농협 동강마루 청결 고춧가루 500g*8봉 (총4kg),영월농협 동강마루 청결 고춧가루 500g*8봉,영월농협 동강마루 청결 고춧가루 500g*8봉,,,,확인필요,영월농협 동강마루 청결 고춧가루 500g*8봉,식품,2,,,,,,,,,,,2026-08-22T00:18:43.956483+09:00,2026-08-24T09:54:26.761474+09:00
a2439227aee8ea72011480af1693a8c5,2026-08-25,2026-08-25T17:30:00+09:00,2026-08-25T18:30:00+09:00,hs_hmall,현대홈쇼핑,100% 서해안 자연산 손질 대하 총100마리,100% 서해안 자연산 손질 대하 총100마리,서해안 자연산 손질 대하,,수산물,수산물,확정,서해안 자연산 손질 대하,식품,1,,,,,,,,,,,2026-08-22T00:18:43.956483+09:00,2026-08-24T09:54:26.761474+09:00
af46c350f9f8572f6cf3c8beb13028cf,2026-08-25,2026-08-25T17:30:00+09:00,2026-08-25T18:30:00+09:00,hs_cjonstyle,CJ온스타일,[라이브][LGG유산균] 덴마크 유산균이야기 6박스 12개월분,덴마크 유산균이야기 6박스 12개월분,덴마크 유산균이야기 6박스 12개월분,,,,확인필요,덴마크 유산균이야기 6박스 12개월분,식품,2,,,,,,,,,,,2026-08-22T00:18:43.956483+09:00,2026-08-24T09:54:26.761474+09:00
95427bf295962e1f64014a5984321f61,2026-08-25,2026-08-25T17:31:00+09:00,2026-08-25T18:31:00+09:00,hs_skstoa,SK스토아,(방송중에만3팩더) 삼원가든 얼큰 육개장 350g*13팩 | 원산지 : 상품정보 참조,삼원가든 얼큰 육개장 350g*13팩 | 원산지 : 상품정보 참조,삼원가든 얼큰 육개장 350g*13팩 | 원산지 : 상품정보 참조,,,,확인필요,삼원가든 얼큰 육개장 350g*13팩 | 원산지 : 상품정보 참조,식품,1,,,,,,,,,,,2026-08-22T00:18:43.956483+09:00,2026-08-24T09:54:26.761474+09:00
b6c708a4b3c7b5aa421f5a63426bc2b3,2026-08-25,2026-08-25T17:32:00+09:00,2026-08-25T18:32:00+09:00,hs_shopntmall,쇼핑엔티,모시로만추석4종상품,모시로만추석4종상품,모시로만추석4종상품,,,,확인필요,모시로만추석4종상품,식품,1,,,,,,,,,,,2026-08-22T00:18:43.956483+09:00,2026-08-24T09:54:26.761474+09:00
78c7c61331c93117f53a3df5f5970b73,2026-08-25,2026-08-25T17:34:00+09:00,2026-08-25T18:35:00+09:00,hs_shinsegae,신세계쇼핑,제주 보우짱 미니 밤호박 9kg(과당 300~500g / 18~30개),제주 보우짱 미니 밤호박 9kg,제주 보우짱 미니 밤호박 9kg,,,,확인필요,제주 보우짱 미니 밤호박 9kg,식품,2,,,,,,,,,,,2026-08-22T00:18:43.956483+09:00,2026-08-24T09:54:26.761474+09:00
4b52ba03ea09f1f652c9682b9a4bb3c8,2026-08-25,2026-08-25T17:35:00+09:00,2026-08-25T18:35:00+09:00,hs_gsshop,GS홈쇼핑,종가 전라도식 포기김치 10.4kg (5.2kg X 2),종가 전라도식 포기김치 10.4kg,종가 전라도식 포기김치 10.4kg,,,,확인필요,종가 전라도식 포기김치 10.4kg,식품,3,,,,,,,,,,,2026-08-22T00:18:43.956483+09:00,2026-08-24T09:54:26.761474+09:00
73be0303025c386ff5a6538e6e10584a,2026-08-25,2026-08-25T17:35:00+09:00,2026-08-25T18:35:00+09:00,hs_lotteimall,롯데홈쇼핑,[관절엔 콘드로이친] ★방송에서만 오메가3 2박스 더!★ [12개월] 관절엔 콘드로이친 1200 12박스 + 식물성 오메가3 600 2박스,★방송에서만 오메가3 2박스 더!★ 관절엔 콘드로이친 1200 12박스 + 식물성 오메가3 600 2박스,관절엔 콘드로이친,관절엔,건강식품/관절,콘드로이친,확정,관절엔 콘드로이친,식품,3,,,,,,,,,,,2026-08-22T00:18:43.956483+09:00,2026-08-24T09:54:26.761474+09:00
40997c2b13d246e4929410a1fa1ae29f,2026-08-25,2026-08-25T17:38:00+09:00,2026-08-25T18:38:00+09:00,hs_gsshopmyshop,GS홈쇼핑 마이샵,"한우사랑 1등급 한우 차돌박이 150g*8팩, 총 1.2kg","한우사랑 1등급 한우 차돌박이 150g*8팩, 총 1.2kg","한우사랑 1등급 한우 차돌박이 150g*8팩, 총 1.2kg",,,,확인필요,"한우사랑 1등급 한우 차돌박이 150g*8팩, 총 1.2kg",식품,1,,,,,,,,,,,2026-08-22T00:18:43.956483+09:00,2026-08-24T09:54:26.761474+09:00
0acd39eff1421d19d7ab497b6169b3f6,2026-08-25,2026-08-25T17:40:00+09:00,2026-08-25T18:40:00+09:00,hs_hnsmall,홈앤쇼핑,뼈엔 엠비피 MBP 12개월분 + 식물성 오메가3 2개월분,뼈엔 엠비피 MBP 12개월분 + 식물성 오메가3 2개월분,뼈엔 MBP,뼈엔,건강식품/뼈건강,MBP,확정,뼈엔 엠비피 MBP,식품,2,,,,,,,,,,,2026-08-22T00:18:43.956483+09:00,2026-08-24T09:54:26.761474+09:00
a85e2b5d8bd0bce33e7f689326ba2027,2026-08-25,2026-08-25T17:45:00+09:00,2026-08-25T18:45:00+09:00,hs_cjonstyleplus,CJ온스타일 플러스,[방송에서만]뼈엔 엠비피 MBP 12개월분+식물성오메가2박스,뼈엔 엠비피 MBP 12개월분+식물성오메가2박스,뼈엔 MBP,뼈엔,건강식품/뼈건강,MBP,확정,뼈엔 엠비피 MBP,식품,2,,,,,,,,,,,2026-08-22T00:18:43.956483+09:00,2026-08-24T09:54:26.761474+09:00
4a109bb0cb9d447c53a3934db4763187,2026-08-25,2026-08-25T18:30:00+09:00,2026-08-25T19:35:00+09:00,hs_cjonstyle,CJ온스타일,[CJ단독] 프로 다이어트 유산균 10개월분+프로틴14포,프로 다이어트 유산균 10개월분+프로틴14포,프로 다이어트 유산균 10개월분+프로틴14포,,,,확인필요,프로 다이어트 유산균 10개월분+프로틴14포,식품,3,,,,,,,,,,,2026-08-22T00:18:43.956483+09:00,2026-08-24T09:54:26.761474+09:00
65a2cd05ada3e1060973324833041150,2026-08-25,2026-08-25T18:32:00+09:00,2026-08-25T19:32:00+09:00,hs_shopntmall,쇼핑엔티,[SALE] 안국약품 토비콤 루테인 지아잔틴 아스타잔틴 12개월분,안국약품 토비콤 루테인 지아잔틴 아스타잔틴 12개월분,안국약품 토비콤 루테인 지아잔틴 아스타잔틴 12개월분,,,,미분류,,식품,1,,,,,,,,,,,2026-08-22T00:18:43.956483+09:00,2026-08-24T09:54:26.761474+09:00
06cf3c1b5d8f314ebeed29cb0358d1cc,2026-08-25,2026-08-25T18:35:00+09:00,2026-08-25T19:35:00+09:00,hs_gsshop,GS홈쇼핑,[GS단독] 이연복 북경오리 5세트(통오리고기 5팩+소스 5팩+밀전병 1팩(42장)),이연복 북경오리 5세트 ),이연복 북경오리 5세트 ),,,,확인필요,이연복 북경오리 5세트 ),식품,1,,,,,,,,,,,2026-08-22T00:18:43.956483+09:00,2026-08-24T09:54:26.761474+09:00
64ab5f1411c2517ac4c3abd4610194d8,2026-08-25,2026-08-25T18:38:00+09:00,2026-08-25T19:38:00+09:00,hs_gsshopmyshop,GS홈쇼핑 마이샵,다이어트 유산균 비에날씬 9박스+슬림3박스,다이어트 유산균 비에날씬 9박스+슬림3박스,다이어트 유산균 비에날씬 9박스+슬림3박스,,,,확인필요,다이어트 유산균 비에날씬 9박스+슬림3박스,식품,3,,,,,,,,,,,2026-08-22T00:18:43.956483+09:00,2026-08-24T09:54:26.761474+09:00
80fbb1d5560a777265a082594e198af8,2026-08-25,2026-08-25T18:40:00+09:00,2026-08-25T19:40:00+09:00,hs_lotteimallonetv,롯데원티비,[방송에서만]임성근의 특키로 갈비탕 1kg x 12팩,임성근의 특키로 갈비탕 1kg x 12팩,임성근의 특키로 갈비탕 1kg x 12팩,,,,확인필요,임성근의 특키로 갈비탕 1kg x 12팩,식품,1,,,,,,,,,,,2026-08-22T00:18:43.956483+09:00,2026-08-24T09:54:26.761474+09:00
a64d010a6967c2a65b083f66dfa484a2,2026-08-25,2026-08-25T18:40:00+09:00,2026-08-25T19:40:00+09:00,hs_gongyoung,공영쇼핑,[상주농협]2026 하늘빛 경북 홍로세척사과 4kg(14~23개 / 180g~300g),2026 하늘빛 경북 홍로세척사과 4kg,2026 하늘빛 경북 홍로세척사과 4kg,,,,확인필요,2026 하늘빛 경북 홍로세척사과 4kg,식품,1,,,,,,,,,,,2026-08-22T00:18:43.956483+09:00,2026-08-24T09:54:26.761474+09:00
943c51a8933d691fdf9bf36bf16c35c1,2026-08-25,2026-08-25T19:30:00+09:00,2026-08-25T20:35:00+09:00,hs_nsmall,NS홈쇼핑,두뇌엔닥터PS 2부,두뇌엔닥터PS 2부,두뇌엔 닥터PS,두뇌엔,건강식품/두뇌·인지,포스파티딜세린,확정,두뇌엔닥터PS,식품,3,,,,,,,,,,,2026-08-22T00:18:43.956483+09:00,2026-08-24T09:54:26.761474+09:00
cdf49f7a0454a6063a816513bf2c6410,2026-08-25,2026-08-25T19:30:00+09:00,2026-08-25T21:45:00+09:00,hs_hmall,현대홈쇼핑,[방송에서만]카사리날디 DOP 12년산 모데나 발사믹 100ml x2병+화이트 와인 비니거 250ml,카사리날디 DOP 12년산 모데나 발사믹 100ml x2병+화이트 와인 비니거 250ml,카사리날디 DOP 12년산 모데나 발사믹 100ml x2병+화이트 와인 비니거 250ml,,,,확인필요,카사리날디 DOP 12년산 모데나 발사믹 100ml x2병+화이트 와인 비니거 250ml,식품,11,,,,,,,,,,,2026-08-22T00:18:43.956483+09:00,2026-08-24T09:54:26.761474+09:00
ff2a900338a0680c9820b539a8a36a2c,2026-08-25,2026-08-25T19:40:00+09:00,2026-08-25T20:40:00+09:00,hs_gongyoung,공영쇼핑,[26년] 참기름의 정석 국산 참기름 세트 150ml X 4병,참기름의 정석 국산 참기름 세트 150ml X 4병,참기름의 정석 국산 참기름 세트 150ml X 4병,,,,확인필요,참기름의 정석 국산 참기름 세트 150ml X 4병,식품,6,,,,,,,,,,,2026-08-22T00:18:43.956483+09:00,2026-08-24T09:54:26.761474+09:00
4ff6c05bf6b15aec81080b3e2be5fe94,2026-08-25,2026-08-25T20:31:00+09:00,2026-08-25T21:31:00+09:00,hs_skstoa,SK스토아,[방송중에만] ◆황성주 박사의 1일1생식 라이프밀 6박스+2박스+흔들컵2개◆ | 원산지 : 상품정보 참조,◆황성주 박사의 1일1생식 라이프밀 6박스+2박스+흔들컵2개◆ | 원산지 : 상품정보 참조,◆황성주 박사의 1일1생식 라이프밀 6박스+2박스+흔들컵2개◆ | 원산지 : 상품정보 참조,,,,확인필요,◆황성주 박사의 1일1생식 라이프밀 6박스+2박스+흔들컵2개◆ | 원산지 : 상품정보 참조,식품,3,,,,,,,,,,,2026-08-22T00:18:43.956483+09:00,2026-08-24T09:54:26.761474+09:00
49408b4656f93fb281dc012c2adfc4a2,2026-08-25,2026-08-25T20:35:00+09:00,2026-08-25T21:40:00+09:00,hs_nsmall,NS홈쇼핑,정관장홍삼활력플러스,정관장홍삼활력플러스,정관장 홍삼활력플러스,정관장,건강식품/홍삼,홍삼,확정,정관장홍삼활력플러스,식품,8,,,,,,,,,,,2026-08-22T00:18:43.956483+09:00,2026-08-24T09:54:26.761474+09:00
128ab527e7640cc84e63daf39f7b3595,2026-08-25,2026-08-25T20:40:00+09:00,2026-08-25T21:40:00+09:00,hs_lotteimallonetv,롯데원티비,[뉴케어] T[더블]뉴케어 당플랜코어 144팩(165mlX24팩X6박스) + 한입 영양 안심바 2봉(18개입X2봉),T 뉴케어 당플랜코어 144팩 + 한입 영양 안심바 2봉,T 뉴케어 당플랜코어 144팩 + 한입 영양 안심바 2봉,,,,확인필요,T 뉴케어 당플랜코어 144팩 + 한입 영양 안심바 2봉,식품,2,,,,,,,,,,,2026-08-22T00:18:43.956483+09:00,2026-08-24T09:54:26.761474+09:00
1ea3cf38b5a24f49416aa0289342b112,2026-08-25,2026-08-25T20:40:00+09:00,2026-08-25T21:39:00+09:00,hs_hmallplus,현대홈쇼핑 플러스샵,후버 NFC 100% 토마토주스 200ml x 60팩,후버 NFC 100% 토마토주스 200ml x 60팩,후버 NFC 100% 토마토주스 200ml x 60팩,,,,미분류,,식품,1,,,,,,,,,,,2026-08-22T00:18:43.956483+09:00,2026-08-24T09:54:26.761474+09:00
acf1a41dba52bfe854dffc780dc60a43,2026-08-25,2026-08-25T20:40:00+09:00,2026-08-25T21:45:00+09:00,hs_gongyoung,공영쇼핑,명미당 인기떡 6종세트 (90개+5개 추가),명미당 인기떡 6종세트,명미당 인기떡 6종세트,,,,확인필요,명미당 인기떡 6종세트,식품,1,,,,,,,,,,,2026-08-22T00:18:43.956483+09:00,2026-08-24T09:54:26.761474+09:00
afc45d267bef0b012979d9a2ab3b7586,2026-08-25,2026-08-25T20:45:00+09:00,2026-08-25T21:45:00+09:00,hs_hnsmall,홈앤쇼핑,[방송에서만]카사베르디 유기농 레드와인 비니거(500ml x 6병)+비니거 2병+디스펜서1개+텀블러믹서기 1개,카사베르디 유기농 레드와인 비니거 +비니거 2병+디스펜서1개+텀블러믹서기 1개,카사베르디 유기농 레드와인 비니거 +비니거 2병+디스펜서1개+텀블러믹서기 1개,,,,미분류,,식품,2,,,,,,,,,,,2026-08-22T00:18:43.956483+09:00,2026-08-24T09:54:26.761474+09:00
b1d904040904846a119ec01d576d407f,2026-08-25,2026-08-25T22:38:00+09:00,2026-08-25T23:38:00+09:00,hs_kshop,KT알파쇼핑,카무트_견과바,카무트_견과바,카무트_견과바,,,,확인필요,카무트_견과바,식품,5,,,,,,,,,,,2026-08-22T00:18:43.956483+09:00,2026-08-24T09:54:26.761474+09:00
6a2784bc7c3c9a847277d62587c56703,2026-08-25,2026-08-25T22:45:00+09:00,2026-08-25T23:55:00+09:00,hs_nsmall,NS홈쇼핑,국내산민물장어,국내산민물장어,국내산민물장어,,,,미분류,,식품,1,,,,,,,,,,,2026-08-22T00:18:43.956483+09:00,2026-08-24T09:54:26.761474+09:00
bf31e43914721a0d81da9b863e6339d2,2026-08-25,2026-08-25T22:50:00+09:00,2026-08-25T23:50:00+09:00,hs_gongyoung,공영쇼핑,우리콩두부면180g 총25봉+비빔소스60g15개+메밀소스35g10개,우리콩두부면180g 총25봉+비빔소스60g15개+메밀소스35g10개,우리콩두부면180g 총25봉+비빔소스60g15개+메밀소스35g10개,,,,확인필요,우리콩두부면180g 총25봉+비빔소스60g15개+메밀소스35g10개,식품,1,,,,,,,,,,,2026-08-22T00:18:43.956483+09:00,2026-08-24T09:54:26.761474+09:00
93101317a7a3dc32cf844f42cd98d3a2,2026-08-25,2026-08-25T23:38:00+09:00,2026-08-26T00:38:00+09:00,hs_gsshopmyshop,GS홈쇼핑 마이샵,[GS단독] 가시제거연구소 고등어밥상 노르웨이 순살고등어 550g 3봉,가시제거연구소 고등어밥상 노르웨이 순살고등어 550g 3봉,가시제거연구소 고등어밥상 노르웨이 순살고등어 550g 3봉,,,,확인필요,가시제거연구소 고등어밥상 노르웨이 순살고등어 550g 3봉,식품,1,,,,,,,,,,,2026-08-22T00:18:43.956483+09:00,2026-08-24T09:54:26.761474+09:00
93cebb90b38b4fa15d7f77e6c8a9faff,2026-08-25,2026-08-25T23:55:00+09:00,2026-08-26T00:55:00+09:00,hs_lotteimall,롯데홈쇼핑,[흥국화재] 흥Good 든든한 3N5 간편종합보험,흥Good 든든한 3N5 간편종합보험,흥Good 든든한 3N5 간편종합보험,,,,확인필요,★흥Good 든든한 3N5 간편종합보험★,식품,1,,,,,,,,,,,2026-08-22T00:18:43.956483+09:00,2026-08-24T09:54:26.761474+09:00
dad3c31e57cbe456e3da19536641f67f,2026-08-26,2026-08-26T00:37:00+09:00,2026-08-26T02:38:00+09:00,hs_shinsegae,신세계쇼핑,[방송중 9개월] 유한양행 당큐락 9개월분,유한양행 당큐락 9개월분,유한양행 당큐락 9개월분,,,,확인필요,유한양행 당큐락 9개월분,식품,2,,,,,,,,,,,2026-08-23T00:03:11.740451+09:00,2026-08-24T09:54:28.364670+09:00
9f6dcf686f6e08d7ac35f657afea9a53,2026-08-26,2026-08-26T00:40:00+09:00,2026-08-26T01:39:00+09:00,hs_hmallplus,현대홈쇼핑 플러스샵,[농할] 국내산 햇 제주감귤 3kg (2S∼L),국내산 햇 제주감귤 3kg,국내산 햇 제주감귤 3kg,,,,확인필요,국내산 햇 제주감귤 3kg,식품,1,,,,,,,,,,,2026-08-23T00:03:11.740451+09:00,2026-08-24T09:54:28.364670+09:00
2692df27de01d836d3642e3c13e497eb,2026-08-26,2026-08-26T00:55:00+09:00,2026-08-26T01:55:00+09:00,hs_lotteimall,롯데홈쇼핑,[하루틴] ○[전고객 6박스 더] 하루틴 리포좀 비타민C 프로 12+3박스 + 비타C스틱 3박스,○ 하루틴 리포좀 비타민C 프로 12+3박스 + 비타C스틱 3박스,○ 하루틴 리포좀 비타민C 프로 12+3박스 + 비타C스틱 3박스,,,,확인필요,○ 하루틴 리포좀 비타민C 프로 12+3박스 + 비타C스틱 3박스,식품,2,,,,,,,,,,,2026-08-23T00:03:11.740451+09:00,2026-08-24T09:54:28.364670+09:00
a1943add0346832d4e04882f216daba1,2026-08-26,2026-08-26T01:00:00+09:00,2026-08-26T02:00:00+09:00,hs_nsmallshopplus,NS홈쇼핑 샵플러스,밤로쉐생율1,밤로쉐생율1,밤로쉐생율1,,,,확인필요,밤로쉐생율1,식품,2,,,,,,,,,,,2026-08-23T00:03:11.740451+09:00,2026-08-24T09:54:28.364670+09:00
bc5e44ac4a93d1189394d0235eff1c69,2026-08-26,2026-08-26T01:00:00+09:00,2026-08-26T01:30:00+09:00,hs_hnsmall,홈앤쇼핑,[1++ 한우] 이재훈셰프 구이세트 8팩(팩당 150g),이재훈셰프 구이세트 8팩,이재훈셰프 구이세트 8팩,,,,확인필요,이재훈셰프 구이세트 8팩,식품,1,,,,,,,,,,,2026-08-23T00:03:11.740451+09:00,2026-08-24T09:54:28.364670+09:00
c67aea2b983422b81896cf0ae62268c7,2026-08-26,2026-08-26T01:00:00+09:00,2026-08-26T02:00:00+09:00,hs_nsmall,NS홈쇼핑,히트상품 앵콜방송1부,히트상품 앵콜방송1부,히트상품 앵콜방송1부,,,,미분류,,식품,3,,,,,,,,,,,2026-08-23T00:03:11.740451+09:00,2026-08-24T09:54:28.364670+09:00
7e91915c6ded684485da6cf36c77f6a1,2026-08-26,2026-08-26T02:00:00+09:00,2026-08-26T03:00:00+09:00,hs_nsmall,NS홈쇼핑,히트상품 앵콜방송 2부,히트상품 앵콜방송 2부,히트상품 앵콜방송 2부,,,,미분류,,식품,3,,,,,,,,,,,2026-08-23T00:03:11.740451+09:00,2026-08-24T09:54:28.364670+09:00
ce38f1df83b42186c8707f5e2dfa7d28,2026-08-26,2026-08-26T02:00:00+09:00,2026-08-26T02:50:00+09:00,hs_gongyoung,공영쇼핑,박미선의 손질전복 20팩(손질 전 80g이상 특대사이즈 전복 엄선),박미선의 손질전복 20팩,박미선의 손질전복 20팩,,,,미분류,,식품,1,,,,,,,,,,,2026-08-23T00:03:11.740451+09:00,2026-08-24T09:54:28.364670+09:00
0e26596bf93b276ec9e31e34171684e3,2026-08-26,2026-08-26T02:50:00+09:00,2026-08-26T03:20:00+09:00,hs_gongyoung,공영쇼핑,농협맛선 균형미블랙 16.5kg(4kg*4포+맛책임제500g*1봉),농협맛선 균형미블랙 16.5kg,농협맛선 균형미블랙 16.5kg,,,,확인필요,농협맛선 균형미블랙 16.5kg,식품,2,,,,,,,,,,,2026-08-23T00:03:11.740451+09:00,2026-08-24T09:54:28.364670+09:00
45327d3d99d18b10e7a7c101fc68024b,2026-08-26,2026-08-26T03:10:00+09:00,2026-08-26T04:00:00+09:00,hs_hnsmall,홈앤쇼핑,26년 햇[우리농가수]아람빛 고춧가루1kg x 2(총 2kg),26년 햇 아람빛 고춧가루1kg x 2,26년 햇 아람빛 고춧가루1kg x 2,,,,확인필요,26년 햇 아람빛 고춧가루1kg x 2,식품,2,,,,,,,,,,,2026-08-23T00:03:11.740451+09:00,2026-08-24T09:54:28.364670+09:00
4d249077a1a673d83c878c7ddcd212e1,2026-08-26,2026-08-26T03:20:00+09:00,2026-08-26T04:00:00+09:00,hs_nsmall,NS홈쇼핑,히트상품 앵콜방송3부,히트상품 앵콜방송3부,히트상품 앵콜방송3부,,,,미분류,,식품,2,,,,,,,,,,,2026-08-23T00:03:11.740451+09:00,2026-08-24T09:54:28.364670+09:00
d190d73eee04545abae06dbd2f3c2c94,2026-08-26,2026-08-26T03:30:00+09:00,2026-08-26T04:00:00+09:00,hs_lotteimall,롯데홈쇼핑,[키친스토리] 빅마마 이혜정의 꽉 채운 삼계탕 1.2kg x 8팩,빅마마 이혜정의 꽉 채운 삼계탕 1.2kg x 8팩,빅마마 이혜정의 꽉 채운 삼계탕 1.2kg x 8팩,,,,확인필요,빅마마 이혜정의 꽉 채운 삼계탕 1.2kg x 8팩,식품,2,,,,,,,,,,,2026-08-23T00:03:11.740451+09:00,2026-08-24T09:54:28.364670+09:00
a20ab84a02ea198128180306aff9dc13,2026-08-26,2026-08-26T03:40:00+09:00,2026-08-26T03:44:00+09:00,hs_hmallplus,현대홈쇼핑 플러스샵,[오월식당]전통 부세 보리굴비 120g x 8팩,전통 부세 보리굴비 120g x 8팩,전통 부세 보리굴비 120g x 8팩,,,,확인필요,전통 부세 보리굴비 120g x 8팩,식품,1,,,,,,,,,,,2026-08-23T00:03:11.740451+09:00,2026-08-24T09:54:28.364670+09:00
23df8fdbb49c578a636b9eea57e9e1b1,2026-08-26,2026-08-26T03:50:00+09:00,2026-08-26T03:54:00+09:00,hs_hmallplus,현대홈쇼핑 플러스샵,[오월식당]전통 부세 보리굴비 120g x 8팩,전통 부세 보리굴비 120g x 8팩,전통 부세 보리굴비 120g x 8팩,,,,확인필요,전통 부세 보리굴비 120g x 8팩,식품,1,,,,,,,,,,,2026-08-23T00:03:11.740451+09:00,2026-08-24T09:54:28.364670+09:00
26e0919cc73cd8312263a288da5e5ede,2026-08-26,2026-08-26T04:00:00+09:00,2026-08-26T05:00:00+09:00,hs_nsmall,NS홈쇼핑,히트상품 앵콜방송4부,히트상품 앵콜방송4부,히트상품 앵콜방송4부,,,,미분류,,식품,2,,,,,,,,,,,2026-08-23T00:03:11.740451+09:00,2026-08-24T09:54:28.364670+09:00
ea272273612d7934b48587b78aad1ab6,2026-08-26,2026-08-26T04:15:00+09:00,2026-08-26T04:45:00+09:00,hs_cjonstyle,CJ온스타일,[단독]베키아에누보샌드위치(바질9+토마토3)+치아바타8개/총20개,베키아에누보샌드위치 +치아바타8개/총20개,베키아에누보샌드위치 +치아바타8개/총20개,,,,확인필요,베키아에누보샌드위치 +치아바타8개/총20개,식품,1,,,,,,,,,,,2026-08-23T00:03:11.740451+09:00,2026-08-24T09:54:28.364670+09:00
8bf8c32a68fd094c405bc9d2efe0de9a,2026-08-26,2026-08-26T04:17:00+09:00,2026-08-26T04:37:00+09:00,hs_shopntmall,쇼핑엔티,[방송에서만 1팩 더][만블링] 한우 1++ No.9 150g x 9팩 (총 1.35kg),한우 1++ No.9 150g x 9팩,한우 1++ No.9 150g x 9팩,,,,확인필요,한우 1++ No.9 150g x 9팩,식품,1,,,,,,,,,,,2026-08-23T00:03:11.740451+09:00,2026-08-24T09:54:28.364670+09:00
47e7c3f40adc3410b1bd5f39da076776,2026-08-26,2026-08-26T04:30:00+09:00,2026-08-26T05:20:00+09:00,hs_hmall,현대홈쇼핑,[올바른가] 박정수 자연산 순살 옥돔 총 30토막,박정수 자연산 순살 옥돔 총 30토막,박정수 자연산 순살 옥돔 총 30토막,,,,확인필요,박정수 자연산 순살 옥돔 총 30토막,식품,1,,,,,,,,,,,2026-08-23T00:03:11.740451+09:00,2026-08-24T09:54:28.364670+09:00
09f77685f8d4f3dd348dee15947ec306,2026-08-26,2026-08-26T04:37:00+09:00,2026-08-26T05:36:00+09:00,hs_shopntmall,쇼핑엔티,[방송에서만 1팩 더!!] 사조 연어회 200g x 4팩+ 200g x 1팩(총 5팩)+ 해동지5장+설명서1장 ,사조 연어회 200g x 4팩+ 200g x 1팩 + 해동지5장+설명서1장,사조 연어회 200g x 4팩+ 200g x 1팩 + 해동지5장+설명서1장,,,,미분류,,식품,1,,,,,,,,,,,2026-08-23T00:03:11.740451+09:00,2026-08-24T09:54:28.364670+09:00
7dc79864dbd134e55a4f2a2a64641831,2026-08-26,2026-08-26T04:40:00+09:00,2026-08-26T05:19:00+09:00,hs_hmallplus,현대홈쇼핑 플러스샵,[100%유기농 국산보리] 편해보리 보리차진액 400g 3병+물병,편해보리 보리차진액 400g 3병+물병,편해보리 보리차진액 400g 3병+물병,,,,확인필요,편해보리 보리차진액 400g 3병+물병,식품,2,,,,,,,,,,,2026-08-23T00:03:11.740451+09:00,2026-08-24T09:54:28.364670+09:00
f3a7543ed93cace3224fa30af21698ef,2026-08-26,2026-08-26T04:40:00+09:00,2026-08-26T05:40:00+09:00,hs_nsmallshopplus,NS홈쇼핑 샵플러스,흑미1,흑미1,흑미1,,,,미분류,,식품,1,,,,,,,,,,,2026-08-23T00:03:11.740451+09:00,2026-08-24T09:54:28.364670+09:00
36fe0f4d28d4331af06534e88e5874e6,2026-08-26,2026-08-26T05:00:00+09:00,2026-08-26T06:00:00+09:00,hs_gongyoung,공영쇼핑,2026 청양농협 고춧가루 매운맛 500g * 6봉 (총 3kg),2026 청양농협 고춧가루 매운맛 500g * 6봉,2026 청양농협 고춧가루 매운맛 500g * 6봉,,,,확인필요,2026 청양농협 고춧가루 매운맛 500g * 6봉,식품,2,,,,,,,,,,,2026-08-23T00:03:11.740451+09:00,2026-08-24T09:54:28.364670+09:00
8de2beb19da3044578fcba2c99801d60,2026-08-26,2026-08-26T05:00:00+09:00,2026-08-26T05:30:00+09:00,hs_gsshop,GS홈쇼핑,사임당푸드 저당 모시떡 2종 총50개 (밥알떡 40g 20개 + 흑임자 인절미 40g 30개),사임당푸드 저당 모시떡 2종 총50개,사임당푸드 저당 모시떡 2종 총50개,,,,미분류,,식품,1,,,,,,,,,,,2026-08-23T00:03:11.740451+09:00,2026-08-24T09:54:28.364670+09:00
2749bc3c2996f4a18b44a8a01091a809,2026-08-26,2026-08-26T05:15:00+09:00,2026-08-26T05:45:00+09:00,hs_cjonstyleplus,CJ온스타일 플러스,완도 손질 전복 20 미.,완도 손질 전복 20 미.,완도 손질 전복 20 미.,,,,확인필요,완도 손질 전복 20 미.,식품,1,,,,,,,,,,,2026-08-23T00:03:11.740451+09:00,2026-08-24T09:54:28.364670+09:00
9e03724f78d865cf98110bcf6b805f21,2026-08-26,2026-08-26T05:15:00+09:00,2026-08-26T06:15:00+09:00,hs_lotteimall,롯데홈쇼핑,[휴럼] ★방송에서만 반값세일★[12개월] 대마종자유 12박스(800mg*30캡슐*12박스),★방송에서만 반값세일★ 대마종자유 12박스,★방송에서만 반값세일★ 대마종자유 12박스,,,,미분류,,식품,2,,,,,,,,,,,2026-08-23T00:03:11.740451+09:00,2026-08-24T09:54:28.364670+09:00
efd10b8e6295b89d5b74cdfa5484da24,2026-08-26,2026-08-26T05:20:00+09:00,2026-08-26T05:59:00+09:00,hs_hmallplus,현대홈쇼핑 플러스샵,[70%세일] [패밀리구성] 유기농 레몬즙 10박스+레자몽즙 6박스 (16박스 240포),유기농 레몬즙 10박스+레자몽즙 6박스,유기농 레몬즙 10박스+레자몽즙 6박스,,,,미분류,,식품,1,,,,,,,,,,,2026-08-23T00:03:11.740451+09:00,2026-08-24T09:54:28.364670+09:00
39f58891046fdd3b0a4b594645cc280f,2026-08-26,2026-08-26T05:30:00+09:00,2026-08-26T06:15:00+09:00,hs_gsshop,GS홈쇼핑,뉴트리코어 관절엔 난각막 DEM 12박스(12개월분),뉴트리코어 관절엔 난각막 DEM 12박스,뉴트리코어 관절엔 난각막 DEM 12박스,,,,확인필요,뉴트리코어 관절엔 난각막 DEM 12박스,식품,2,,,,,,,,,,,2026-08-23T00:03:11.740451+09:00,2026-08-24T09:54:28.364670+09:00
5084a0b8e2d4203de06117de57a2d363,2026-08-26,2026-08-26T05:35:00+09:00,2026-08-26T06:35:00+09:00,hs_gsshopmyshop,GS홈쇼핑 마이샵,대원헬스 혈당파이터  10박스(20개월분) 50% 세일,대원헬스 혈당파이터 10박스 50% 세일,대원헬스 혈당파이터,대원헬스,건강식품/혈당관리,,확정,대원헬스 혈당파이터,식품,1,,,,,,,,,,,2026-08-23T00:03:11.740451+09:00,2026-08-24T09:54:28.364670+09:00
4e97fb937f2c0f0d8b36f1fe2482c5c5,2026-08-26,2026-08-26T05:36:00+09:00,2026-08-26T06:36:00+09:00,hs_shopntmall,쇼핑엔티,[50％세일] 골드 파로효소 캡슐레이션 10박스 + 텀블러믹서기,골드 파로효소 캡슐레이션 10박스 + 텀블러믹서기,골드 파로효소,,건강식품/효소,효소,확정,골드파로효소,식품,1,,,,,,,,,,,2026-08-23T00:03:11.740451+09:00,2026-08-24T09:54:28.364670+09:00
82292b6fd9abf7f07a9058b9f4241c87,2026-08-26,2026-08-26T06:15:00+09:00,2026-08-26T07:15:00+09:00,hs_cjonstyle,CJ온스타일,[국민영양프로젝트] 여에스더 포스파티딜세린 10박스(5개월분)+블루베리퓨레,여에스더 포스파티딜세린 10박스 +블루베리퓨레,여에스더 포스파티딜세린 10박스 +블루베리퓨레,,,,미분류,,식품,8,,,,,,,,,,,2026-08-23T00:03:11.740451+09:00,2026-08-24T09:54:28.364670+09:00
a9979df54f51719e264d38324787d147,2026-08-26,2026-08-26T06:15:00+09:00,2026-08-26T07:15:00+09:00,hs_lotteimall,롯데홈쇼핑,[비에날씬] ♡다이어트 최다구성♡ 비에날씬 프로 9개월 + 비에날씬 플러스 6박스 ,♡다이어트 최다구성♡ 비에날씬 프로 9개월 + 비에날씬 플러스 6박스,비에날씬 프로,비에날씬,다이어트 유산균,BNR17 유산균,확정,비에날씬프로,식품,3,,,,,,,,,,,2026-08-23T00:03:11.740451+09:00,2026-08-24T09:54:28.364670+09:00
96e292252ffaa72ab093a64a99943282,2026-08-26,2026-08-26T06:30:00+09:00,2026-08-26T07:25:00+09:00,hs_nsmall,NS홈쇼핑,이시형마그네슘,이시형마그네슘,이시형 박사의 인생 마그네슘,이시형,영양제/미네랄,마그네슘,확정,이시형마그네슘,식품,3,,,,,,,,,,,2026-08-23T00:03:11.740451+09:00,2026-08-24T09:54:28.364670+09:00
029d66504758fdbc4b1f1444af21ffa0,2026-08-26,2026-08-26T06:40:00+09:00,2026-08-26T07:40:00+09:00,hs_lotteimallonetv,롯데원티비,[대원제약] 방송에서만반값![20개월분]대원헬스 혈당파이터 10박스(1박스: 250mg X 60정),방송에서만반값! 대원헬스 혈당파이터 10박스,대원헬스 혈당파이터,대원헬스,건강식품/혈당관리,,확정,대원헬스 혈당파이터,식품,1,,,,,,,,,,,2026-08-23T00:03:11.740451+09:00,2026-08-24T09:54:28.364670+09:00
d2b1a0c14074d1ebcf88065c035575a3,2026-08-26,2026-08-26T06:45:00+09:00,2026-08-26T07:45:00+09:00,hs_cjonstyleplus,CJ온스타일 플러스,다이어트 유산균 6개월분,다이어트 유산균 6개월분,다이어트 유산균 6개월분,,,,확인필요,다이어트 유산균 6개월분,식품,2,,,,,,,,,,,2026-08-23T00:03:11.740451+09:00,2026-08-24T09:54:28.364670+09:00
77f0db12c2a3bc24da85b7479db71cbe,2026-08-26,2026-08-26T07:15:00+09:00,2026-08-26T08:15:00+09:00,hs_gsshop,GS홈쇼핑,뉴온 매직키드 6박스,뉴온 매직키드 6박스,뉴온 매직키드 6박스,,,,확인필요,뉴온 매직키드 6박스,식품,2,,,,,,,,,,,2026-08-23T00:03:11.740451+09:00,2026-08-24T09:54:28.364670+09:00
88001ebcb406bf63fc0c7ef34b584c26,2026-08-26,2026-08-26T07:15:00+09:00,2026-08-26T08:15:00+09:00,hs_cjonstyle,CJ온스타일,[최신상] 골드파로효소 캡슐레이션 30포 X 12박스,골드파로효소 캡슐레이션 30포 X 12박스,골드 파로효소,,건강식품/효소,효소,확정,골드파로효소,식품,1,,,,,,,,,,,2026-08-23T00:03:11.740451+09:00,2026-08-24T09:54:28.364670+09:00
a3d4888e4ea316e6fd8d32fe41a9e476,2026-08-26,2026-08-26T07:25:00+09:00,2026-08-26T08:25:00+09:00,hs_nsmall,NS홈쇼핑,이경제흑염소진액,이경제흑염소진액,이경제흑염소진액,,,,미분류,,식품,5,,,,,,,,,,,2026-08-23T00:03:11.740451+09:00,2026-08-24T09:54:28.364670+09:00
435839418ee44d7eb8a4b0161e216c9a,2026-08-26,2026-08-26T07:40:00+09:00,2026-08-26T08:40:00+09:00,hs_nsmallshopplus,NS홈쇼핑 샵플러스,다이어트환1,다이어트환1,다이어트환1,,,,확인필요,다이어트환1,식품,3,,,,,,,,,,,2026-08-23T00:03:11.740451+09:00,2026-08-24T09:54:28.364670+09:00
e953efc6fdad7df738b08ab850c146c7,2026-08-26,2026-08-26T07:40:00+09:00,2026-08-26T08:39:00+09:00,hs_hmallplus,현대홈쇼핑 플러스샵,[추가구성 : 오메가3 2박스]관절엔 콘드로이친 1200 12개월분(900mgX60정X12박스),관절엔 콘드로이친 1200 12개월분,관절엔 콘드로이친,관절엔,건강식품/관절,콘드로이친,확정,관절엔 콘드로이친,식품,4,,,,,,,,,,,2026-08-23T00:03:11.740451+09:00,2026-08-24T09:54:28.364670+09:00
eb9ef90e46dac08e9233323c90f2f0e8,2026-08-26,2026-08-26T08:25:00+09:00,2026-08-26T09:25:00+09:00,hs_nsmall,NS홈쇼핑,비에날씬프로,비에날씬프로,비에날씬 프로,비에날씬,다이어트 유산균,BNR17 유산균,확정,비에날씬프로,식품,3,,,,,,,,,,,2026-08-23T00:03:11.740451+09:00,2026-08-24T09:54:28.364670+09:00
e51fe89daf006cdb6a2d013cc31cb11b,2026-08-26,2026-08-26T09:20:00+09:00,2026-08-26T10:25:00+09:00,hs_gongyoung,공영쇼핑,26년_안동제비원 전통고추장 담그기_26년 햇고춧가루사용,26년_안동제비원 전통고추장 담그기_26년 햇고춧가루사용,26년_안동제비원 전통고추장 담그기_26년 햇고춧가루사용,,,,확인필요,26년_안동제비원 전통고추장 담그기_26년 햇고춧가루사용,식품,2,,,,,,,,,,,2026-08-23T00:03:11.740451+09:00,2026-08-24T09:54:28.364670+09:00
1427dbfd465fcba8815b0f5e773ef452,2026-08-26,2026-08-26T09:25:00+09:00,2026-08-26T10:25:00+09:00,hs_gsshop,GS홈쇼핑,올레비다 유기농 올리브오일 8병+포 1박스 (산도 0.15 최고스펙 스페인 올리브유),올레비다 유기농 올리브오일 8병+포 1박스,올레비다 유기농 올리브오일 8병+포 1박스,,,,미분류,,식품,1,,,,,,,,,,,2026-08-23T00:03:11.740451+09:00,2026-08-24T09:54:28.364670+09:00
a36eb5567d5f28951497b0d852b88367,2026-08-26,2026-08-26T09:25:00+09:00,2026-08-26T10:30:00+09:00,hs_nsmall,NS홈쇼핑,두뇌엔닥터PS,두뇌엔닥터PS,두뇌엔 닥터PS,두뇌엔,건강식품/두뇌·인지,포스파티딜세린,확정,두뇌엔닥터PS,식품,3,,,,,,,,,,,2026-08-23T00:03:11.740451+09:00,2026-08-24T09:54:28.364670+09:00
419c491182cc4c8bf9ea4d06b33ad9c0,2026-08-26,2026-08-26T10:25:00+09:00,2026-08-26T11:35:00+09:00,hs_lotteimall,롯데홈쇼핑,"[최신상]●프롬바이오 위엔 매스틱 24주분 (1,100mg x 84캡슐 x 6박스)",●프롬바이오 위엔 매스틱 24주분,●프롬바이오 위엔 매스틱 24주분,,,,확인필요,●프롬바이오 위엔 매스틱 24주분,식품,3,,,,,,,,,,,2026-08-23T00:03:11.740451+09:00,2026-08-24T09:54:28.364670+09:00
65523bfec8dddcb7b198bcf79fc79e48,2026-08-26,2026-08-26T10:25:00+09:00,2026-08-26T11:35:00+09:00,hs_gsshop,GS홈쇼핑,종가 중부식 포기김치 10.4kg (5.2kg X 2),종가 중부식 포기김치 10.4kg,종가 중부식 포기김치 10.4kg,,,,확인필요,종가 중부식 포기김치 10.4kg,식품,3,,,,,,,,,,,2026-08-23T00:03:11.740451+09:00,2026-08-24T09:54:28.364670+09:00
1e2d60a364878745f90556efc2fb93e1,2026-08-26,2026-08-26T11:30:00+09:00,2026-08-26T12:30:00+09:00,hs_nsmall,NS홈쇼핑,영월고춧가루,영월고춧가루,영월고춧가루,,,,확인필요,영월고춧가루,식품,2,,,,,,,,,,,2026-08-23T00:03:11.740451+09:00,2026-08-24T09:54:28.364670+09:00
a43ff8b14ce1a0fbb4187449c908435c,2026-08-26,2026-08-26T11:35:00+09:00,2026-08-26T12:35:00+09:00,hs_gsshop,GS홈쇼핑,라이필 더마콜라겐 시그니처RN 초저분자 어린콜라겐 10병+방송에서만 3병더,라이필 더마콜라겐 시그니처RN 초저분자 어린콜라겐 10병+방송에서만 3병더,라이필 더마콜라겐 시그니처RN 초저분자 어린콜라겐 10병+방송에서만 3병더,,,,확인필요,라이필 더마콜라겐 시그니처RN 초저분자 어린콜라겐 10병+방송에서만 3병더,식품,1,,,,,,,,,,,2026-08-23T00:03:11.740451+09:00,2026-08-24T09:54:28.364670+09:00
fa1de8818c2e13c865e04e291820137a,2026-08-26,2026-08-26T11:35:00+09:00,2026-08-26T12:40:00+09:00,hs_gongyoung,공영쇼핑,한우사랑 만능 한우다짐육 180g*8팩,한우사랑 만능 한우다짐육 180g*8팩,한우사랑 만능 한우다짐육 180g*8팩,,,,확인필요,한우사랑 만능 한우다짐육 180g*8팩,식품,1,,,,,,,,,,,2026-08-23T00:03:11.740451+09:00,2026-08-24T09:54:28.364670+09:00
dc27f5f273aecb48d89bfdbb4f0f401e,2026-08-26,2026-08-26T11:36:00+09:00,2026-08-26T12:36:00+09:00,hs_gsshopmyshop,GS홈쇼핑 마이샵,D_[안국약품] 토비콤 루테인 지아잔틴 아스타잔틴 12박스(총12개월분),D_ 토비콤 루테인 지아잔틴 아스타잔틴 12박스,D_ 토비콤 루테인 지아잔틴 아스타잔틴 12박스,,,,확인필요,D_ 토비콤 루테인 지아잔틴 아스타잔틴 12박스,식품,1,,,,,,,,,,,2026-08-23T00:03:11.740451+09:00,2026-08-24T09:54:28.364670+09:00
608ab99e70b92579cc36c15e0905652e,2026-08-26,2026-08-26T11:40:00+09:00,2026-08-26T12:40:00+09:00,hs_nsmallshopplus,NS홈쇼핑 샵플러스,오한진알부민1,오한진알부민1,오한진 알부민,오한진,건강식품/단백질,알부민,확정,오한진알부민,식품,2,,,,,,,,,,,2026-08-23T00:03:11.740451+09:00,2026-08-24T09:54:28.364670+09:00
a6c19fc13b1b40f7cfb77a15cae7b06c,2026-08-26,2026-08-26T12:35:00+09:00,2026-08-26T13:35:00+09:00,hs_cjonstyle,CJ온스타일,[방송에서만] 뼈엔 엠비피 MBP 12개월분,뼈엔 엠비피 MBP 12개월분,뼈엔 MBP,뼈엔,건강식품/뼈건강,MBP,확정,뼈엔 엠비피 MBP,식품,2,,,,,,,,,,,2026-08-23T00:03:11.740451+09:00,2026-08-24T09:54:28.364670+09:00
be6ac7ac84f14c87a692b94449d489b3,2026-08-26,2026-08-26T12:36:00+09:00,2026-08-26T13:36:00+09:00,hs_gsshopmyshop,GS홈쇼핑 마이샵,에버콜라겐 레티놀A GPH콜라겐 19병 (76주분),에버콜라겐 레티놀A GPH콜라겐 19병,에버콜라겐 레티놀A GPH콜라겐,,건강식품/콜라겐,콜라겐,확정,에버콜라겐 레티놀A GPH콜라겐,식품,4,,,,,,,,,,,2026-08-23T00:03:11.740451+09:00,2026-08-24T09:54:28.364670+09:00
8d72a918b4c9885a1e2a20b2b5d93d41,2026-08-26,2026-08-26T12:40:00+09:00,2026-08-26T13:40:00+09:00,hs_nsmallshopplus,NS홈쇼핑 샵플러스,사과1,사과1,사과1,,,,확인필요,사과1,식품,1,,,,,,,,,,,2026-08-23T00:03:11.740451+09:00,2026-08-24T09:54:28.364670+09:00
1df8839a80ffd0da6da93d6e4fa2f084,2026-08-26,2026-08-26T13:30:00+09:00,2026-08-26T14:20:00+09:00,hs_hnsmall,홈앤쇼핑,[방송에서만 11개월분][9개월분] 비에날씬프로 9병 (9개월분) +   비에날씬플러스 6박스,비에날씬프로 9병 + 비에날씬플러스 6박스,비에날씬 프로,비에날씬,다이어트 유산균,BNR17 유산균,확정,비에날씬프로,식품,3,,,,,,,,,,,2026-08-23T00:03:11.740451+09:00,2026-08-24T09:54:28.364670+09:00
fb0d670cb71c7198980beec61ec23df9,2026-08-26,2026-08-26T13:35:00+09:00,2026-08-26T14:35:00+09:00,hs_cjonstyle,CJ온스타일,[남궁민모발콜라겐] 모발콜라겐 3270 6박스 24주분+오메가3 1박스,모발콜라겐 3270 6박스 24주분+오메가3 1박스,모발콜라겐 3270 6박스 24주분+오메가3 1박스,,,,확인필요,모발콜라겐 3270 6박스 24주분+오메가3 1박스,식품,2,,,,,,,,,,,2026-08-23T00:03:11.740451+09:00,2026-08-24T09:54:28.364670+09:00
560cd2f8bb33175f146f3bf3672dfa5f,2026-08-26,2026-08-26T13:40:00+09:00,2026-08-26T14:45:00+09:00,hs_gongyoung,공영쇼핑,[양평서울해장국큰아들집] 양평서울 한우해내탕 700g*8팩,양평서울 한우해내탕 700g*8팩,양평서울 한우해내탕 700g*8팩,,,,미분류,,식품,1,,,,,,,,,,,2026-08-23T00:03:11.740451+09:00,2026-08-24T09:54:28.364670+09:00
112f8e6084891ea50a4dc6ca26fa8aae,2026-08-26,2026-08-26T14:20:00+09:00,2026-08-26T14:39:00+09:00,hs_hmallplus,현대홈쇼핑 플러스샵,난각번호 1번 무항생제 유정란 대란 40구_파손보장,난각번호 1번 무항생제 유정란 대란 40구_파손보장,난각번호 1번 무항생제 유정란 대란 40구_파손보장,,,,미분류,,식품,1,,,,,,,,,,,2026-08-23T00:03:11.740451+09:00,2026-08-24T09:54:28.364670+09:00
99325207050457e190d3f5a6103b6c7e,2026-08-26,2026-08-26T14:20:00+09:00,2026-08-26T15:20:00+09:00,hs_nsmall,NS홈쇼핑,정관장홍삼활력플러스,정관장홍삼활력플러스,정관장 홍삼활력플러스,정관장,건강식품/홍삼,홍삼,확정,정관장홍삼활력플러스,식품,14,,,,,,,,,,,2026-08-23T00:03:11.740451+09:00,2026-08-24T09:54:28.364670+09:00
a089519cabc02c529124ca6f19e2032b,2026-08-26,2026-08-26T14:45:00+09:00,2026-08-26T15:40:00+09:00,hs_gongyoung,공영쇼핑,"안동명가 포기김치8k+총각김치2k+열무얼갈이김치1k(총3종, 11kg)",안동명가 포기김치8k+총각김치2k+열무얼갈이김치1k,안동명가 포기김치8k+총각김치2k+열무얼갈이김치1k,,,,확인필요,안동명가 포기김치8k+총각김치2k+열무얼갈이김치1k,식품,2,,,,,,,,,,,2026-08-23T00:03:11.740451+09:00,2026-08-24T09:54:28.364670+09:00
eba4f2d3e0237681884c0394371a1231,2026-08-26,2026-08-26T15:10:00+09:00,2026-08-26T16:00:00+09:00,hs_hnsmall,홈앤쇼핑,(홈앤단독) 정품 카무트 300g X 10팩 + 저당밥솥 1개 + 전자레인지용 용기 4개,정품 카무트 300g X 10팩 + 저당밥솥 1개 + 전자레인지용 용기 4개,정품 카무트 300g X 10팩 + 저당밥솥 1개 + 전자레인지용 용기 4개,,,,확인필요,정품 카무트 300g X 10팩 + 저당밥솥 1개 + 전자레인지용 용기 4개,식품,11,,,,,,,,,,,2026-08-23T00:03:11.740451+09:00,2026-08-24T09:54:28.364670+09:00
d373699cee174f7f7c1b014de3c17215,2026-08-26,2026-08-26T15:20:00+09:00,2026-08-26T16:00:00+09:00,hs_lotteimallonetv,롯데원티비,[안국약품] ♡방송에서만 6개월 더♡토비콤 루테인 지아잔틴 플러스 12개월분(500 mgx30캡슐x12박스),♡방송에서만 6개월 더♡토비콤 루테인 지아잔틴 플러스 12개월분,♡방송에서만 6개월 더♡토비콤 루테인 지아잔틴 플러스 12개월분,,,,미분류,,식품,1,,,,,,,,,,,2026-08-23T00:03:11.740451+09:00,2026-08-24T09:54:28.364670+09:00
db7bba33e6a4ee5fc550d4006cdcb250,2026-08-26,2026-08-26T15:20:00+09:00,2026-08-26T16:10:00+09:00,hs_nsmall,NS홈쇼핑,임성근키로도가니탕,임성근키로도가니탕,임성근키로도가니탕,,,,확인필요,임성근키로도가니탕,식품,2,,,,,,,,,,,2026-08-23T00:03:11.740451+09:00,2026-08-24T09:54:28.364670+09:00
fc46af87779ad27d349138f78524ebc0,2026-08-26,2026-08-26T15:30:00+09:00,2026-08-26T16:30:00+09:00,hs_hmall,현대홈쇼핑,[하이뮨] 프로틴 밸런스 알파 6캔,프로틴 밸런스 알파 6캔,프로틴 밸런스 알파 6캔,,,,확인필요,프로틴 밸런스 알파 6캔,식품,2,,,,,,,,,,,2026-08-23T00:03:11.740451+09:00,2026-08-24T09:54:28.364670+09:00
c44492bbfea0b2ca5d2c3f56b2430894,2026-08-26,2026-08-26T15:35:00+09:00,2026-08-26T16:35:00+09:00,hs_lotteimall,롯데홈쇼핑,[락토핏] ○[전고객 4개월 더] 종근당건강 락토핏 맥스19 12개월+4개월 (총 16개월분),○ 종근당건강 락토핏 맥스19 12개월+4개월,○ 종근당건강 락토핏 맥스19 12개월+4개월,,,,확인필요,○ 종근당건강 락토핏 맥스19 12개월+4개월,식품,2,,,,,,,,,,,2026-08-23T00:03:11.740451+09:00,2026-08-24T09:54:28.364670+09:00
038d09a0f942bb0e50cf13b1f43ed387,2026-08-26,2026-08-26T16:00:00+09:00,2026-08-26T16:50:00+09:00,hs_hnsmall,홈앤쇼핑,[방송에서만] 트루바이타민 올인원 10박스 (10개월분),트루바이타민 올인원 10박스,트루바이타민 올인원 10박스,,,,확인필요,트루바이타민 올인원 10박스,식품,2,,,,,,,,,,,2026-08-23T00:03:11.740451+09:00,2026-08-24T09:54:28.364670+09:00
660ab2c7a78a4c4f37d3f7adf7a909e4,2026-08-26,2026-08-26T16:00:00+09:00,2026-08-26T16:39:00+09:00,hs_hmallplus,현대홈쇼핑 플러스샵,참이맛 뼈다귀 감자탕 블랙 1.2kg 5팩 ,참이맛 뼈다귀 감자탕 블랙 1.2kg 5팩,참이맛 뼈다귀 감자탕 블랙 1.2kg 5팩,,,,확인필요,참이맛 뼈다귀 감자탕 블랙 1.2kg 5팩,식품,1,,,,,,,,,,,2026-08-23T00:03:11.740451+09:00,2026-08-24T09:54:28.364670+09:00
7689e30b610ccb082be4d9b147b5c416,2026-08-26,2026-08-26T16:10:00+09:00,2026-08-26T17:10:00+09:00,hs_nsmall,NS홈쇼핑,임성근소갈비찜,임성근소갈비찜,임성근소갈비찜,,,,미분류,,식품,2,,,,,,,,,,,2026-08-23T00:03:11.740451+09:00,2026-08-24T09:54:28.364670+09:00
5366c77a61f29b34ca147c374178c8fa,2026-08-26,2026-08-26T16:30:00+09:00,2026-08-26T17:30:00+09:00,hs_cjonstyle,CJ온스타일,폴리코사놀5 30정 18박스,폴리코사놀5 30정 18박스,폴리코사놀5,,건강식품/혈행,폴리코사놀,확정,폴리코사놀5,식품,2,,,,,,,,,,,2026-08-23T00:03:11.740451+09:00,2026-08-24T09:54:28.364670+09:00
9a003411362ce9290f3b040f3f99c180,2026-08-26,2026-08-26T16:30:00+09:00,2026-08-26T17:30:00+09:00,hs_hmall,현대홈쇼핑,[50%세일] 비너지 대마종자유 12개월분,비너지 대마종자유 12개월분,비너지대마종자유,,건강식품/오일,대마종자유,확정,비너지대마종자유,식품,1,,,,,,,,,,,2026-08-23T00:03:11.740451+09:00,2026-08-24T09:54:28.364670+09:00
f417887e7640a66801887dff209c1e39,2026-08-26,2026-08-26T16:33:00+09:00,2026-08-26T17:32:00+09:00,hs_shopntmall,쇼핑엔티,"[선택1] 아임피쉬 가시바른 순살 볼락 5팩(총 500g) X 6세트(필렛당 100g), 총 3kg(총 30필렛)","아임피쉬 가시바른 순살 볼락 5팩 X 6세트 , 총 3kg","아임피쉬 가시바른 순살 볼락 5팩 X 6세트 , 총 3kg",,,,확인필요,"아임피쉬 가시바른 순살 볼락 5팩 X 6세트 , 총 3kg",식품,1,,,,,,,,,,,2026-08-23T00:03:11.740451+09:00,2026-08-24T09:54:28.364670+09:00
00e3b883dafa1e1797ee517fcef697b9,2026-08-26,2026-08-26T16:35:00+09:00,2026-08-26T17:35:00+09:00,hs_lotteimall,롯데홈쇼핑,"[비비고] 시그니처 갈비만두 4봉+왕교자 4봉+진한 김치만두 4봉+청양고기만두 2봉+샤오롱바오 2봉, 총16봉","시그니처 갈비만두 4봉+왕교자 4봉+진한 김치만두 4봉+청양고기만두 2봉+샤오롱바오 2봉, 총16봉","시그니처 갈비만두 4봉+왕교자 4봉+진한 김치만두 4봉+청양고기만두 2봉+샤오롱바오 2봉, 총16봉",,,,확인필요,"시그니처 갈비만두 4봉+왕교자 4봉+진한 김치만두 4봉+청양고기만두 2봉+샤오롱바오 2봉, 총16봉",식품,1,,,,,,,,,,,2026-08-23T00:03:11.740451+09:00,2026-08-24T09:54:28.364670+09:00
258c9d53dc267da6bd34e1cc0cba5969,2026-08-26,2026-08-26T16:38:00+09:00,2026-08-26T17:38:00+09:00,hs_gsshopmyshop,GS홈쇼핑 마이샵,대원헬스 혈당파이터  10박스(20개월분) 50% 세일,대원헬스 혈당파이터 10박스 50% 세일,대원헬스 혈당파이터,대원헬스,건강식품/혈당관리,,확정,대원헬스 혈당파이터,식품,1,,,,,,,,,,,2026-08-23T00:03:11.740451+09:00,2026-08-24T09:54:28.364670+09:00
14cf4771a67b448eb40c5ed421986a43,2026-08-26,2026-08-26T16:40:00+09:00,2026-08-26T17:40:00+09:00,hs_gongyoung,공영쇼핑,"[귀한 고등어, 100% 국내산]국내산 특대 고등어 120g × 22팩",국내산 특대 고등어 120g × 22팩,국내산 특대 고등어 120g × 22팩,,,,확인필요,국내산 특대 고등어 120g × 22팩,식품,1,,,,,,,,,,,2026-08-23T00:03:11.740451+09:00,2026-08-24T09:54:28.364670+09:00
1d0727d57e9996d0489d004160206e54,2026-08-26,2026-08-26T16:40:00+09:00,2026-08-26T17:40:00+09:00,hs_lotteimallonetv,롯데원티비,[닥터린] ★반값세일특별구성[12개월+비타민K2]닥터린 콘드로이친 1200 콘레이티+MBP+K2 12박스+닥터린 초임계 비타민K2 2박스,★반값세일특별구성 닥터린 콘드로이친 1200 콘레이티+MBP+K2 12박스+닥터린 초임계 비타민K2 2박스,★반값세일특별구성 닥터린 콘드로이친 1200 콘레이티+MBP+K2 12박스+닥터린 초임계 비타민K2 2박스,,,,확인필요,★반값세일특별구성 닥터린 콘드로이친 1200 콘레이티+MBP+K2 12박스+닥터린 초임계 비타민K2 2박스,식품,2,,,,,,,,,,,2026-08-23T00:03:11.740451+09:00,2026-08-24T09:54:28.364670+09:00
b7fc1a431ab26137208edc3a78db7b0a,2026-08-26,2026-08-26T16:45:00+09:00,2026-08-26T17:45:00+09:00,hs_cjonstyleplus,CJ온스타일 플러스,카무트® 영양견과바 420g(21gx20개입) x 4박스 / 총 80개,카무트® 영양견과바 420g x 4박스 / 총 80개,카무트® 영양견과바 420g x 4박스 / 총 80개,,,,미분류,,식품,2,,,,,,,,,,,2026-08-23T00:03:11.740451+09:00,2026-08-24T09:54:28.364670+09:00
f65697d11822b07e8310c4af03e90847,2026-08-26,2026-08-26T17:30:00+09:00,2026-08-26T18:30:00+09:00,hs_hmall,현대홈쇼핑,[김호윤셰프] 호시우보 한우1++ 스테이크 세트 (150gx8팩),호시우보 한우1++ 스테이크 세트,호시우보 한우1++ 스테이크 세트,,,,확인필요,호시우보 한우1++ 스테이크 세트,식품,2,,,,,,,,,,,2026-08-23T00:03:11.740451+09:00,2026-08-24T09:54:28.364670+09:00
1b6ee5df47fa5ba1130f3ee448711d74,2026-08-26,2026-08-26T17:32:00+09:00,2026-08-26T18:32:00+09:00,hs_shopntmall,쇼핑엔티,조리기능장 임성근 LA갈비 400g x 10팩 (총 4kg),조리기능장 임성근 LA갈비 400g x 10팩,조리기능장 임성근 LA갈비 400g x 10팩,,,,확인필요,조리기능장 임성근 LA갈비 400g x 10팩,식품,1,,,,,,,,,,,2026-08-23T00:03:11.740451+09:00,2026-08-24T09:54:28.364670+09:00
729ead8b92eac470207393d3e0b7e2b7,2026-08-26,2026-08-26T17:38:00+09:00,2026-08-26T18:38:00+09:00,hs_gsshopmyshop,GS홈쇼핑 마이샵,산지애 아삭아삭 햇복숭아 총 9kg (3kg*3box),산지애 아삭아삭 햇복숭아 총 9kg,산지애 아삭아삭 햇복숭아,산지애,과일,복숭아,확정,산지애 아삭아삭 햇복숭아,식품,2,,,,,,,,,,,2026-08-23T00:03:11.740451+09:00,2026-08-24T09:54:28.364670+09:00
12628b7ae665bbd805308c9c60845405,2026-08-26,2026-08-26T17:40:00+09:00,2026-08-26T18:19:00+09:00,hs_hmallplus,현대홈쇼핑 플러스샵,100% 경북 제철 햇 홍로사과 4.5kg,100% 경북 제철 햇 홍로사과 4.5kg,100% 경북 제철 햇 홍로사과 4.5kg,,,,확인필요,100% 경북 제철 햇 홍로사과 4.5kg,식품,3,,,,,,,,,,,2026-08-23T00:03:11.740451+09:00,2026-08-24T09:54:28.364670+09:00
293b8a6d72a2ec310884391903ad840f,2026-08-26,2026-08-26T17:40:00+09:00,2026-08-26T18:40:00+09:00,hs_gongyoung,공영쇼핑,송영옥 전통장 연구가의 소고기 고추장 세트 (소고기 고추장 3병 + 표고버섯장 3병),송영옥 전통장 연구가의 소고기 고추장 세트,송영옥 전통장 연구가의 소고기 고추장 세트,,,,확인필요,송영옥 전통장 연구가의 소고기 고추장 세트,식품,1,,,,,,,,,,,2026-08-23T00:03:11.740451+09:00,2026-08-24T09:54:28.364670+09:00
945d23c3153fc36bac6a2dbb4492223a,2026-08-26,2026-08-26T17:40:00+09:00,2026-08-26T18:40:00+09:00,hs_hnsmall,홈앤쇼핑,[도미솔/4종 11kg] 포기김치6.5kg+총각김치2kg+열무김치2kg+깻잎김치500g,포기김치6.5kg+총각김치2kg+열무김치2kg+깻잎김치500g,포기김치6.5kg+총각김치2kg+열무김치2kg+깻잎김치500g,,,,확인필요,포기김치6.5kg+총각김치2kg+열무김치2kg+깻잎김치500g,식품,2,,,,,,,,,,,2026-08-23T00:03:11.740451+09:00,2026-08-24T09:54:28.364670+09:00
d1b6240924d6614c7ecda6e02d5d87d6,2026-08-26,2026-08-26T18:30:00+09:00,2026-08-26T18:40:00+09:00,hs_cjonstyle,CJ온스타일,동물복지 무항생제 유정란/대란 52g 이상 20구*2판(40구),동물복지 무항생제 유정란/대란 52g 이상 20구*2판,동물복지 무항생제 유정란/대란 52g 이상 20구*2판,,,,확인필요,동물복지 무항생제 유정란/대란 52g 이상 20구*2판,식품,1,,,,,,,,,,,2026-08-23T00:03:11.740451+09:00,2026-08-24T09:54:28.364670+09:00
fce2e9b734c0a8961bafb95c7a9f4ff5,2026-08-26,2026-08-26T18:30:00+09:00,2026-08-26T19:30:00+09:00,hs_nsmall,NS홈쇼핑,영양고춧가루,영양고춧가루,영양고춧가루,,,,미분류,,식품,2,,,,,,,,,,,2026-08-23T00:03:11.740451+09:00,2026-08-24T09:54:28.364670+09:00
76faf284acfa41b8bc509b81d81c8c6b,2026-08-26,2026-08-26T18:32:00+09:00,2026-08-26T19:32:00+09:00,hs_shopntmall,쇼핑엔티,(할당관세혜택 8+3) 오뗄 규그릴 직화 닭다리살 스테이크 200g x 11팩,오뗄 규그릴 직화 닭다리살 스테이크 200g x 11팩,오뗄 규그릴 직화 닭다리살 스테이크 200g x 11팩,,,,확인필요,오뗄 규그릴 직화 닭다리살 스테이크 200g x 11팩,식품,1,,,,,,,,,,,2026-08-23T00:03:11.740451+09:00,2026-08-24T09:54:28.364670+09:00
7fd8a9033930bc59d533531803fe7b3a,2026-08-26,2026-08-26T18:35:00+09:00,2026-08-26T19:35:00+09:00,hs_gsshop,GS홈쇼핑,빅마마 이혜정의 꽉찬 수제영양밥 18팩+전복바다영양밥 8팩(120g/팩),빅마마 이혜정의 꽉찬 수제영양밥 18팩+전복바다영양밥 8팩,빅마마 이혜정의 꽉찬 수제영양밥 18팩+전복바다영양밥 8팩,,,,확인필요,빅마마 이혜정의 꽉찬 수제영양밥 18팩+전복바다영양밥 8팩,식품,1,,,,,,,,,,,2026-08-23T00:03:11.740451+09:00,2026-08-24T09:54:28.364670+09:00
5b1d50092a34e7bd6e42398549109628,2026-08-26,2026-08-26T18:40:00+09:00,2026-08-26T19:40:00+09:00,hs_nsmallshopplus,NS홈쇼핑 샵플러스,손질통오징어1,손질통오징어1,손질통오징어1,,,,미분류,,식품,1,,,,,,,,,,,2026-08-23T00:03:11.740451+09:00,2026-08-24T09:54:28.364670+09:00
20f4913421693da88a51df8331bcb3a3,2026-08-26,2026-08-26T19:30:00+09:00,2026-08-26T20:35:00+09:00,hs_nsmall,NS홈쇼핑,해통령육수명장,해통령육수명장,해통령육수명장,,,,확인필요,해통령육수명장,식품,14,,,,,,,,,,,2026-08-23T00:03:11.740451+09:00,2026-08-24T09:54:28.364670+09:00
3088945b7db05e71fe07aed647778a38,2026-08-26,2026-08-26T19:35:00+09:00,2026-08-26T20:45:00+09:00,hs_lotteimall,롯데홈쇼핑,"[12+6박스]닥터린 하이퍼셀 대마종자유 (1,250mg X 30캡슐 X 18박스)",닥터린 하이퍼셀 대마종자유,닥터린 하이퍼셀 대마종자유,,,,확인필요,닥터린 하이퍼셀 대마종자유,식품,2,,,,,,,,,,,2026-08-23T00:03:11.740451+09:00,2026-08-24T09:54:28.364670+09:00
551d6219b59e508d1424245064a6c133,2026-08-26,2026-08-26T19:40:00+09:00,2026-08-26T20:40:00+09:00,hs_gongyoung,공영쇼핑,녹우원 소모둠 맑은탕 600g x 10팩,녹우원 소모둠 맑은탕 600g x 10팩,녹우원 소모둠 맑은탕 600g x 10팩,,,,확인필요,녹우원 소모둠 맑은탕 600g x 10팩,식품,2,,,,,,,,,,,2026-08-23T00:03:11.740451+09:00,2026-08-24T09:54:28.364670+09:00
8e6f222266783c49cecdc0e936f4568f,2026-08-26,2026-08-26T19:40:00+09:00,2026-08-26T20:40:00+09:00,hs_nsmallshopplus,NS홈쇼핑 샵플러스,손질전복1,손질전복1,손질전복1,,,,확인필요,손질전복1,식품,2,,,,,,,,,,,2026-08-23T00:03:11.740451+09:00,2026-08-24T09:54:28.364670+09:00
8e6b7b6ed26fef76b6e7935e2f353643,2026-08-26,2026-08-26T20:31:00+09:00,2026-08-26T21:31:00+09:00,hs_skstoa,SK스토아,(방송에서만 50프로세일)▲골드 카무트효소 12박스 + 파로 280g X 5봉 + 그라노벨로 필리니(파로면) 4봉 더▲ | 원산지 : 상품정보 참조,▲골드 카무트효소 12박스 + 파로 280g X 5봉 + 그라노벨로 필리니 4봉 더▲ | 원산지 : 상품정보 참조,▲골드 카무트효소 12박스 + 파로 280g X 5봉 + 그라노벨로 필리니 4봉 더▲ | 원산지 : 상품정보 참조,,,,확인필요,▲골드 카무트효소 12박스 + 파로 280g X 5봉 + 그라노벨로 필리니 4봉 더▲ | 원산지 : 상품정보 참조,식품,1,,,,,,,,,,,2026-08-23T00:03:11.740451+09:00,2026-08-24T09:54:28.364670+09:00
6abbb63b9c02a8befb946464c231c9b6,2026-08-26,2026-08-26T20:35:00+09:00,2026-08-26T21:40:00+09:00,hs_nsmall,NS홈쇼핑,오라틱스잇몸유산균,오라틱스잇몸유산균,오라틱스잇몸유산균,,,,확인필요,오라틱스잇몸유산균,식품,4,,,,,,,,,,,2026-08-23T00:03:11.740451+09:00,2026-08-24T09:54:28.364670+09:00
144096eabcb3bb3bcb24e248860be811,2026-08-26,2026-08-26T20:45:00+09:00,2026-08-26T21:45:00+09:00,hs_lotteimall,롯데홈쇼핑,[최신상 단백질]♥방송에서만♥돌러 마차라떼 프로틴 180포 + 24포 + 보틀 1병,♥방송에서만♥돌러 마차라떼 프로틴 180포 + 24포 + 보틀 1병,♥방송에서만♥돌러 마차라떼 프로틴 180포 + 24포 + 보틀 1병,,,,확인필요,♥방송에서만♥돌러 마차라떼 프로틴 180포 + 24포 + 보틀 1병,식품,2,,,,,,,,,,,2026-08-23T00:03:11.740451+09:00,2026-08-24T09:54:28.364670+09:00
b79ad8fd6b257aa8c7da70d7a17afed1,2026-08-26,2026-08-26T21:40:00+09:00,2026-08-26T22:45:00+09:00,hs_nsmall,NS홈쇼핑,국내산촉촉오징어,국내산촉촉오징어,국내산촉촉오징어,,,,미분류,,식품,4,,,,,,,,,,,2026-08-23T00:03:11.740451+09:00,2026-08-24T09:54:28.364670+09:00
a456f57dc59583d7737dfdd4ce7009bc,2026-08-26,2026-08-26T21:45:00+09:00,2026-08-26T22:50:00+09:00,hs_gongyoung,공영쇼핑,[국내산 오리]목우촌 연잎숙성 훈제오리 150g x 13팩,목우촌 연잎숙성 훈제오리 150g x 13팩,목우촌 연잎숙성 훈제오리 150g x 13팩,,,,확인필요,목우촌 연잎숙성 훈제오리 150g x 13팩,식품,1,,,,,,,,,,,2026-08-23T00:03:11.740451+09:00,2026-08-24T09:54:28.364670+09:00
be30cbeb96aa4e39f0a442cd21034762,2026-08-26,2026-08-26T22:36:00+09:00,2026-08-26T23:37:00+09:00,hs_shinsegae,신세계쇼핑,[종근당건강동행] 프로메가 식물성 알티지 오메가3 12박스(12개월분)+아보카도오일 2병,프로메가 식물성 알티지 오메가3 12박스 +아보카도오일 2병,프로메가 식물성 알티지 오메가3 12박스 +아보카도오일 2병,,,,확인필요,프로메가 식물성 알티지 오메가3 12박스 +아보카도오일 2병,식품,2,,,,,,,,,,,2026-08-23T00:03:11.740451+09:00,2026-08-24T09:54:28.364670+09:00
2c83090d0b505adbf47f0afb054f4d90,2026-08-26,2026-08-26T22:40:00+09:00,2026-08-26T23:40:00+09:00,hs_nsmallshopplus,NS홈쇼핑 샵플러스,백명란1,백명란1,백명란1,,,,미분류,,식품,2,,,,,,,,,,,2026-08-23T00:03:11.740451+09:00,2026-08-24T09:54:28.364670+09:00
dee7687ebdf98e063d1d6f612b696815,2026-08-26,2026-08-26T22:50:00+09:00,2026-08-26T23:50:00+09:00,hs_gongyoung,공영쇼핑,[우리참바다] 국내산 갑오징어 200g × 7팩(1미/1팩),국내산 갑오징어 200g × 7팩,국내산 갑오징어 200g × 7팩,,,,확인필요,국내산 갑오징어 200g × 7팩,식품,2,,,,,,,,,,,2026-08-23T00:03:11.740451+09:00,2026-08-24T09:54:28.364670+09:00
8c4dd3c1a98ac090098406840f960685,2026-08-26,2026-08-26T22:55:00+09:00,2026-08-26T23:55:00+09:00,hs_lotteimall,롯데홈쇼핑,[지엔씨] 최다구성[8+2박스] 비피도핏 다이어트 10박스(1박스: 450mg X 30캡슐 ),최다구성 비피도핏 다이어트 10박스,최다구성 비피도핏 다이어트 10박스,,,,확인필요,최다구성 비피도핏 다이어트 10박스,식품,3,,,,,,,,,,,2026-08-23T00:03:11.740451+09:00,2026-08-24T09:54:28.364670+09:00
8c010ca5959417807ee7dbae9082b230,2026-08-26,2026-08-26T23:38:00+09:00,2026-08-27T00:38:00+09:00,hs_gsshopmyshop,GS홈쇼핑 마이샵,[삼팔당땡] 저당 강원도 강냉이 5봉 + 방송에서만 저당 현미 뻥튀기 2봉 더,저당 강원도 강냉이 5봉 + 방송에서만 저당 현미 뻥튀기 2봉 더,저당 강원도 강냉이 5봉 + 방송에서만 저당 현미 뻥튀기 2봉 더,,,,확인필요,저당 강원도 강냉이 5봉 + 방송에서만 저당 현미 뻥튀기 2봉 더,식품,1,,,,,,,,,,,2026-08-23T00:03:11.740451+09:00,2026-08-24T09:54:28.364670+09:00
1ab6a71146906ef68b4807a4d676bcd5,2026-08-27,2026-08-27T00:38:00+09:00,2026-08-27T01:38:00+09:00,hs_gsshopmyshop,GS홈쇼핑 마이샵,대원헬스 아스타루지 20박스(20개월분) 50%세일,대원헬스 아스타루지 20박스 50%세일,대원헬스 아스타 루지,대원헬스,건강식품/눈건강,루테인/카로티노이드,확정,대원헬스 아스타 루지,식품,1,,,,,,,,,,,2026-08-24T00:08:56.450492+09:00,2026-08-24T09:54:29.678696+09:00
45033bc2befec5c95017af3834bb1285,2026-08-27,2026-08-27T01:00:00+09:00,2026-08-27T02:00:00+09:00,hs_nsmall,NS홈쇼핑,히트상품 앵콜방송1부,히트상품 앵콜방송1부,히트상품 앵콜방송1부,,,,미분류,,식품,2,,,,,,,,,,,2026-08-24T00:08:56.450492+09:00,2026-08-24T09:54:29.678696+09:00
5d15a44102e05d0a7ef805c8473b713f,2026-08-27,2026-08-27T01:00:00+09:00,2026-08-27T02:00:00+09:00,hs_gongyoung,공영쇼핑,[영광 법성포] 굴비로 찢어 만든 참맛 고추장굴비 200g × 5통,굴비로 찢어 만든 참맛 고추장굴비 200g × 5통,굴비로 찢어 만든 참맛 고추장굴비 200g × 5통,,,,확인필요,굴비로 찢어 만든 참맛 고추장굴비 200g × 5통,식품,1,,,,,,,,,,,2026-08-24T00:08:56.450492+09:00,2026-08-24T09:54:29.678696+09:00
7b41ea69cad6d9fc849a5299a2269062,2026-08-27,2026-08-27T01:00:00+09:00,2026-08-27T02:00:00+09:00,hs_hnsmall,홈앤쇼핑,[방송에서만 6+3][더블]데이즈온 파라다이스 그레인 버닝 12주분(700mg x 28정 x 6박스)+3박스 더,데이즈온 파라다이스 그레인 버닝 12주분 +3박스 더,데이즈온 파라다이스그레인,데이즈온,다이어트/건강식품,곡물,확정,데이즈온 파라다이스그레인,식품,2,,,,,,,,,,,2026-08-24T00:08:56.450492+09:00,2026-08-24T09:54:29.678696+09:00
c5fe17fcacec972374aeeff26ba0025c,2026-08-27,2026-08-27T01:20:00+09:00,2026-08-27T02:00:00+09:00,hs_lotteimallonetv,롯데원티비,[데이즈온] □방송에서만[6+3박스]데이즈온 파라다이스 그레인버닝 9박스(1.4gX14포X9박스),□방송에서만 데이즈온 파라다이스 그레인버닝 9박스,데이즈온 파라다이스그레인,데이즈온,다이어트/건강식품,곡물,확정,데이즈온 파라다이스그레인,식품,2,,,,,,,,,,,2026-08-24T00:08:56.450492+09:00,2026-08-24T09:54:29.678696+09:00
7d7606b4d8a97fd9cb825162bcedac4f,2026-08-27,2026-08-27T02:00:00+09:00,2026-08-27T03:00:00+09:00,hs_nsmall,NS홈쇼핑,히트상품 앵콜방송 2부,히트상품 앵콜방송 2부,히트상품 앵콜방송 2부,,,,미분류,,식품,4,,,,,,,,,,,2026-08-24T00:08:56.450492+09:00,2026-08-24T09:54:29.678696+09:00
a64b4e6ec77d150f9c4a4e726632fef4,2026-08-27,2026-08-27T02:00:00+09:00,2026-08-27T02:09:00+09:00,hs_hmallplus,현대홈쇼핑 플러스샵,[오월식당]전통 부세 보리굴비 120g x 8팩,전통 부세 보리굴비 120g x 8팩,전통 부세 보리굴비 120g x 8팩,,,,확인필요,전통 부세 보리굴비 120g x 8팩,식품,1,,,,,,,,,,,2026-08-24T00:08:56.450492+09:00,2026-08-24T09:54:29.678696+09:00
25c96d267a7730079ce35f89c4b9661d,2026-08-27,2026-08-27T02:20:00+09:00,2026-08-27T02:59:00+09:00,hs_hmallplus,현대홈쇼핑 플러스샵,메로구이 목살스테이크 120g x 8팩 + 메로구이 소스 1병,메로구이 목살스테이크 120g x 8팩 + 메로구이 소스 1병,메로구이 목살스테이크 120g x 8팩 + 메로구이 소스 1병,,,,확인필요,메로구이 목살스테이크 120g x 8팩 + 메로구이 소스 1병,식품,1,,,,,,,,,,,2026-08-24T00:08:56.450492+09:00,2026-08-24T09:54:29.678696+09:00
0f989a08185f3f960310bf549f27182a,2026-08-27,2026-08-27T02:50:00+09:00,2026-08-27T03:20:00+09:00,hs_gongyoung,공영쇼핑,[김천일 명인] 새우표 완도파래김  조미김 15봉+ 무조미김 15봉(총30봉),새우표 완도파래김 조미김 15봉+ 무조미김 15봉,새우표 완도파래김 조미김 15봉+ 무조미김 15봉,,,,확인필요,새우표 완도파래김 조미김 15봉+ 무조미김 15봉,식품,2,,,,,,,,,,,2026-08-24T00:08:56.450492+09:00,2026-08-24T09:54:29.678696+09:00
8378cf4ca39c31b591fba694674d616c,2026-08-27,2026-08-27T03:10:00+09:00,2026-08-27T03:40:00+09:00,hs_hmall,현대홈쇼핑,[방송에서만 구매가능] 위바이옴 두뇌엔 닥터 PS 맥스 9+1박스(10개월분),위바이옴 두뇌엔 닥터 PS 맥스 9+1박스,두뇌엔 닥터PS,두뇌엔,건강식품/두뇌·인지,포스파티딜세린,확정,위바이옴 두뇌엔 닥터 PS 맥스,식품,4,,,,,,,,,,,2026-08-24T00:08:56.450492+09:00,2026-08-24T09:54:29.678696+09:00
2d28ee095b2ec99dd2ab17e141e919c4,2026-08-27,2026-08-27T03:20:00+09:00,2026-08-27T03:50:00+09:00,hs_gongyoung,공영쇼핑,"이로운떡 5종세트(40봉,120개)_서리태콩떡,호박인절미,쑥앙금절편,동부모시떡,동부비트떡","이로운떡 5종세트 _서리태콩떡,호박인절미,쑥앙금절편,동부모시떡,동부비트떡","이로운떡 5종세트 _서리태콩떡,호박인절미,쑥앙금절편,동부모시떡,동부비트떡",,,,미분류,,식품,1,,,,,,,,,,,2026-08-24T00:08:56.450492+09:00,2026-08-24T09:54:29.678696+09:00
95ef5063cc630b75d41b80dbfedb6c5f,2026-08-27,2026-08-27T03:20:00+09:00,2026-08-27T04:00:00+09:00,hs_nsmall,NS홈쇼핑,히트상품 앵콜방송3부,히트상품 앵콜방송3부,히트상품 앵콜방송3부,,,,미분류,,식품,2,,,,,,,,,,,2026-08-24T00:08:56.450492+09:00,2026-08-24T09:54:29.678696+09:00
871cb18e5c0f7edec15d58a197906ca6,2026-08-27,2026-08-27T03:30:00+09:00,2026-08-27T04:00:00+09:00,hs_gsshop,GS홈쇼핑,닥터린 식물성 멜라토닌 함유 하이퍼셀 멜라바인 12박스+6박스(방송에서만) 총 18박스,닥터린 식물성 멜라토닌 함유 하이퍼셀 멜라바인 12박스+6박스 총 18박스,닥터린 식물성 멜라토닌 함유 하이퍼셀 멜라바인 12박스+6박스 총 18박스,,,,미분류,,식품,2,,,,,,,,,,,2026-08-24T00:08:56.450492+09:00,2026-08-24T09:54:29.678696+09:00
01d676c8f061d64a189aaf74c1707247,2026-08-27,2026-08-27T04:00:00+09:00,2026-08-27T05:00:00+09:00,hs_nsmall,NS홈쇼핑,히트상품 앵콜방송4부,히트상품 앵콜방송4부,히트상품 앵콜방송4부,,,,미분류,,식품,2,,,,,,,,,,,2026-08-24T00:08:56.450492+09:00,2026-08-24T09:54:29.678696+09:00
5e2b179f11e05576eaa02640bc3572e5,2026-08-27,2026-08-27T04:10:00+09:00,2026-08-27T05:00:00+09:00,hs_gongyoung,공영쇼핑,[상주농협]2026 하늘빛 경북 홍로세척사과 4kg(14~23개 / 180g~300g),2026 하늘빛 경북 홍로세척사과 4kg,2026 하늘빛 경북 홍로세척사과 4kg,,,,확인필요,2026 하늘빛 경북 홍로세척사과 4kg,식품,1,,,,,,,,,,,2026-08-24T00:08:56.450492+09:00,2026-08-24T09:54:29.678696+09:00
b41192a40cca3b0c71f3fd7f7fb1bef2,2026-08-27,2026-08-27T04:40:00+09:00,2026-08-27T05:40:00+09:00,hs_nsmallshopplus,NS홈쇼핑 샵플러스,새우육젓1,새우육젓1,새우육젓1,,,,확인필요,새우육젓1,식품,2,,,,,,,,,,,2026-08-24T00:08:56.450492+09:00,2026-08-24T09:54:29.678696+09:00
3ebdbe7193b05c24b38686fb7e76c2f7,2026-08-27,2026-08-27T05:15:00+09:00,2026-08-27T06:15:00+09:00,hs_lotteimall,롯데홈쇼핑,"[뉴트리코어] ○방송에서만[12+6개월]뉴트리코어 하이퍼셀 코엔자임 Q10 맥스 18박스(1박스:1,000mgX30캡슐","○방송에서만 뉴트리코어 하이퍼셀 코엔자임 Q10 맥스 18박스(1박스:1,000mgX30캡슐","○방송에서만 뉴트리코어 하이퍼셀 코엔자임 Q10 맥스 18박스(1박스:1,000mgX30캡슐",,,,확인필요,"○방송에서만 뉴트리코어 하이퍼셀 코엔자임 Q10 맥스 18박스(1박스:1,000mgX30캡슐",식품,2,,,,,,,,,,,2026-08-24T00:08:56.450492+09:00,2026-08-24T09:54:29.678696+09:00
3d0f508466b99db0d6e2a526227792fc,2026-08-27,2026-08-27T05:30:00+09:00,2026-08-27T06:30:00+09:00,hs_lotteimallonetv,롯데원티비,[한미] ♡방송에서만 1박스 더!♡ [96팩]한미 완전두유 더진한 렌틸콩 무가당 5+1박스,♡방송에서만 1박스 더!♡ 한미 완전두유 더진한 렌틸콩 무가당 5+1박스,♡방송에서만 1박스 더!♡ 한미 완전두유 더진한 렌틸콩 무가당 5+1박스,,,,확인필요,♡방송에서만 1박스 더!♡ 한미 완전두유 더진한 렌틸콩 무가당 5+1박스,식품,2,,,,,,,,,,,2026-08-24T00:08:56.450492+09:00,2026-08-24T09:54:29.678696+09:00
c563c63e5cb23f1277b570c225d050ee,2026-08-27,2026-08-27T05:31:00+09:00,2026-08-27T06:31:00+09:00,hs_skstoa,SK스토아,[방송에서만] 이시형 박사의 인생 마그네슘 영양제 6박스+3박스 / 9박스 | 원산지 : 상품정보 참조,이시형 박사의 인생 마그네슘 영양제 6박스+3박스 / 9박스 | 원산지 : 상품정보 참조,이시형 박사의 인생 마그네슘,이시형,영양제/미네랄,마그네슘,확정,이시형 박사의 인생 마그네슘 영양제,식품,1,,,,,,,,,,,2026-08-24T00:08:56.450492+09:00,2026-08-24T09:54:29.678696+09:00
8b6419ac1834a6d55e0a0a4c75925588,2026-08-27,2026-08-27T05:35:00+09:00,2026-08-27T06:35:00+09:00,hs_gsshopmyshop,GS홈쇼핑 마이샵,최신상 갱년기유산균YT1 메노락토 오리진 9개월분 + 양우산 추가증정,최신상 갱년기유산균YT1 메노락토 오리진 9개월분 + 양우산 추가증정,최신상 갱년기유산균YT1 메노락토 오리진 9개월분 + 양우산 추가증정,,,,미분류,,식품,2,,,,,,,,,,,2026-08-24T00:08:56.450492+09:00,2026-08-24T09:54:29.678696+09:00
e4fe9f51ada8ce6e1d18c3303d415fae,2026-08-27,2026-08-27T06:00:00+09:00,2026-08-27T07:15:00+09:00,hs_gsshop,GS홈쇼핑,카사베르디 와인비니거8+디스펜서1+텀블러블렌더,카사베르디 와인비니거8+디스펜서1+텀블러블렌더,카사베르디 와인비니거8+디스펜서1+텀블러블렌더,,,,확인필요,카사베르디 와인비니거8+디스펜서1+텀블러블렌더,식품,2,,,,,,,,,,,2026-08-24T00:08:56.450492+09:00,2026-08-24T09:54:29.678696+09:00
b8272b022ccc8a7d61ea54a7111a159f,2026-08-27,2026-08-27T06:20:00+09:00,2026-08-27T07:25:00+09:00,hs_nsmall,NS홈쇼핑,닥터파이토구강유산균,닥터파이토구강유산균,닥터파이토구강유산균,,,,미분류,,식품,5,,,,,,,,,,,2026-08-24T00:08:56.450492+09:00,2026-08-24T09:54:29.678696+09:00
4c5b9510b25f17c87f15b23f41dcf9ab,2026-08-27,2026-08-27T06:40:00+09:00,2026-08-27T07:40:00+09:00,hs_nsmallshopplus,NS홈쇼핑 샵플러스,종근당 루테인 1,종근당 루테인 1,종근당 루테인 1,,,,미분류,,식품,1,,,,,,,,,,,2026-08-24T00:08:56.450492+09:00,2026-08-24T09:54:29.678696+09:00
0f883a0e9bee755333ebd663fd4cd288,2026-08-27,2026-08-27T06:45:00+09:00,2026-08-27T07:45:00+09:00,hs_cjonstyleplus,CJ온스타일 플러스,뉴케어 당플랜 코어 호두맛 144팩 + 저당양갱 2봉,뉴케어 당플랜 코어 호두맛 144팩 + 저당양갱 2봉,뉴케어 당플랜 코어 호두맛 144팩 + 저당양갱 2봉,,,,확인필요,뉴케어 당플랜 코어 호두맛 144팩 + 저당양갱 2봉,식품,2,,,,,,,,,,,2026-08-24T00:08:56.450492+09:00,2026-08-24T09:54:29.678696+09:00
62b34af252e0505d48628968e5ed65fd,2026-08-27,2026-08-27T07:15:00+09:00,2026-08-27T08:15:00+09:00,hs_hnsmall,홈앤쇼핑,[방송에서만 11개월분][9개월분] 비에날씬프로 9병 (9개월분) +   비에날씬플러스 6박스,비에날씬프로 9병 + 비에날씬플러스 6박스,비에날씬 프로,비에날씬,다이어트 유산균,BNR17 유산균,확정,비에날씬프로,식품,3,,,,,,,,,,,2026-08-24T00:08:56.450492+09:00,2026-08-24T09:54:29.678696+09:00
b3094c7948ba3c7f17f1e220fc355596,2026-08-27,2026-08-27T07:15:00+09:00,2026-08-27T08:15:00+09:00,hs_cjonstyle,CJ온스타일,카사베르디 유기농 와인비니거 레드6+2병+디스펜서+텀블러믹서기,카사베르디 유기농 와인비니거 레드6+2병+디스펜서+텀블러믹서기,카사베르디 유기농 와인비니거 레드6+2병+디스펜서+텀블러믹서기,,,,확인필요,카사베르디 유기농 와인비니거 레드6+2병+디스펜서+텀블러믹서기,식품,2,,,,,,,,,,,2026-08-24T00:08:56.450492+09:00,2026-08-24T09:54:29.678696+09:00
371779f77fc6cf4b9bb4d8c40b024654,2026-08-27,2026-08-27T07:30:00+09:00,2026-08-27T08:30:00+09:00,hs_lotteimallonetv,롯데원티비,[김소형] ★방송에서만 반값세일★[5박스] 김소형원방 온감환 다이어트 (5g*28포*5박스),★방송에서만 반값세일★ 김소형원방 온감환 다이어트,★방송에서만 반값세일★ 김소형원방 온감환 다이어트,,,,확인필요,★방송에서만 반값세일★ 김소형원방 온감환 다이어트,식품,1,,,,,,,,,,,2026-08-24T00:08:56.450492+09:00,2026-08-24T09:54:29.678696+09:00
4ab55de1eff918da40ba253052d7df75,2026-08-27,2026-08-27T08:25:00+09:00,2026-08-27T09:25:00+09:00,hs_nsmall,NS홈쇼핑,골드파로효소,골드파로효소,골드 파로효소,,건강식품/효소,효소,확정,골드파로효소,식품,11,,,,,,,,,,,2026-08-24T00:08:56.450492+09:00,2026-08-24T09:54:29.678696+09:00
20816216997e4d405a03b0155f050fc3,2026-08-27,2026-08-27T08:30:00+09:00,2026-08-27T08:35:00+09:00,hs_lotteimallonetv,롯데원티비,[태현] 알뜰 못난이 보조개 초록사과 3kg,알뜰 못난이 보조개 초록사과 3kg,알뜰 못난이 보조개 초록사과 3kg,,,,미분류,,식품,1,,,,,,,,,,,2026-08-24T00:08:56.450492+09:00,2026-08-24T09:54:29.678696+09:00
fa60fad633393384a1e07532633c53fe,2026-08-27,2026-08-27T09:20:00+09:00,2026-08-27T10:25:00+09:00,hs_gongyoung,공영쇼핑,[방송에서만] 국내산 100% 건 보리새우 100g x 9봉,국내산 100% 건 보리새우 100g x 9봉,국내산 100% 건 보리새우 100g x 9봉,,,,미분류,,식품,3,,,,,,,,,,,2026-08-24T00:08:56.450492+09:00,2026-08-24T09:54:29.678696+09:00
54cfd123c22b0f1045a7cbccd2b2d6ab,2026-08-27,2026-08-27T09:31:00+09:00,2026-08-27T10:31:00+09:00,hs_skstoa,SK스토아,[방송중에만]●황성주 박사의 1일1생식 라이프밀 6박스+2박스+흔들컵2개● | 원산지 : 상품정보 참조,●황성주 박사의 1일1생식 라이프밀 6박스+2박스+흔들컵2개● | 원산지 : 상품정보 참조,●황성주 박사의 1일1생식 라이프밀 6박스+2박스+흔들컵2개● | 원산지 : 상품정보 참조,,,,확인필요,●황성주 박사의 1일1생식 라이프밀 6박스+2박스+흔들컵2개● | 원산지 : 상품정보 참조,식품,3,,,,,,,,,,,2026-08-24T09:54:29.678696+09:00,2026-08-24T09:54:29.678696+09:00
a68f1506486f58c577a7f7a1fbf97b5e,2026-08-27,2026-08-27T09:31:00+09:00,2026-08-27T10:31:00+09:00,hs_skstoa,SK스토아,[방송중에만]●황성주 박사의 1일1생식 라이프밀 6박스+2박스+흔들컵2개● | 원산지 : 상품정보 참조,●황성주 박사의 1일1생식 라이프밀 6박스+2박스+흔들컵2개● | 원산지 : 상품정보 참조,●황성주 박사의 1일1생식 라이프밀 6박스+2박스+흔들컵2개● | 원산지 : 상품정보 참조,,,,확인필요,●황성주 박사의 1일1생식 라이프밀 6박스+2박스+흔들컵2개● | 원산지 : 상품정보 참조,식품,3,,,,,,,,,,,2026-08-24T00:08:56.450492+09:00,2026-08-24T00:08:56.450492+09:00
abfe2388c02a353db59f7ec737716b83,2026-08-27,2026-08-27T10:25:00+09:00,2026-08-27T11:30:00+09:00,hs_nsmall,NS홈쇼핑,이시형마그네슘,이시형마그네슘,이시형 박사의 인생 마그네슘,이시형,영양제/미네랄,마그네슘,확정,이시형마그네슘,식품,3,,,,,,,,,,,2026-08-24T00:08:56.450492+09:00,2026-08-24T09:54:29.678696+09:00
520c8a91d1e049d8f3f748c4abb7c4b9,2026-08-27,2026-08-27T10:36:00+09:00,2026-08-27T11:36:00+09:00,hs_gsshopmyshop,GS홈쇼핑 마이샵,닥터린 콘드로이친 1200 콘레이티+MBP+K2 12개월분 + 비타민K2 2박스 더,닥터린 콘드로이친 1200 콘레이티+MBP+K2 12개월분 + 비타민K2 2박스 더,닥터린 콘드로이친 1200 콘레이티+MBP+K2 12개월분 + 비타민K2 2박스 더,,,,확인필요,닥터린 콘드로이친 1200 콘레이티+MBP+K2 12개월분 + 비타민K2 2박스 더,식품,2,,,,,,,,,,,2026-08-24T00:08:56.450492+09:00,2026-08-24T09:54:29.678696+09:00
419c87716c5943ad5938a090b3da7ebd,2026-08-27,2026-08-27T11:20:00+09:00,2026-08-27T11:59:00+09:00,hs_hmallplus,현대홈쇼핑 플러스샵,[순수식품] 유기농 양배추 케일즙 3+3박스(총 180포),유기농 양배추 케일즙 3+3박스,유기농 양배추 케일즙 3+3박스,,,,확인필요,유기농 양배추 케일즙 3+3박스,식품,1,,,,,,,,,,,2026-08-24T00:08:56.450492+09:00,2026-08-24T09:54:29.678696+09:00
6dee55e9903ea54bad9285ba7a5f15a5,2026-08-27,2026-08-27T11:30:00+09:00,2026-08-27T12:30:00+09:00,hs_nsmall,NS홈쇼핑,데이즈온아세로라,데이즈온아세로라,데이즈온아세로라,,,,확인필요,데이즈온아세로라,식품,4,,,,,,,,,,,2026-08-24T00:08:56.450492+09:00,2026-08-24T09:54:29.678696+09:00
5e0de4a5acb4446e042f64dbc86a54fe,2026-08-27,2026-08-27T11:35:00+09:00,2026-08-27T12:35:00+09:00,hs_lotteimall,롯데홈쇼핑,[카사베르디] ☆방송에서만 디스펜서+2병 더!☆카사베르디 유기농 레드와인 비니거 6병+2병+전용 용기,☆방송에서만 디스펜서+2병 더!☆카사베르디 유기농 레드와인 비니거 6병+2병+전용 용기,☆방송에서만 디스펜서+2병 더!☆카사베르디 유기농 레드와인 비니거 6병+2병+전용 용기,,,,확인필요,☆방송에서만 디스펜서+2병 더!☆카사베르디 유기농 레드와인 비니거 6병+2병+전용 용기,식품,2,,,,,,,,,,,2026-08-24T00:08:56.450492+09:00,2026-08-24T09:54:29.678696+09:00
6359eefb406c1a8cc4ce9c140c8c5b8f,2026-08-27,2026-08-27T11:35:00+09:00,2026-08-27T12:35:00+09:00,hs_gsshop,GS홈쇼핑,[12개월분][최다구성]닥터파이토 파이토블락 코엔삼백초 삼백초추출물 LHF618,닥터파이토 파이토블락 코엔삼백초 삼백초추출물 LHF618,닥터파이토 파이토블락 코엔삼백초 삼백초추출물 LHF618,,,,확인필요,닥터파이토 파이토블락 코엔삼백초 삼백초추출물 LHF618,식품,3,,,,,,,,,,,2026-08-24T00:08:56.450492+09:00,2026-08-24T09:54:29.678696+09:00
ee5083c3a543a4ca7c8a9f95c11ad445,2026-08-27,2026-08-27T11:35:00+09:00,2026-08-27T12:25:00+09:00,hs_hmall,현대홈쇼핑,(총 12박스) 오리진 캐나다 야생 블루베리 100% 10박스+2박스 (30gx15포x12박스),오리진 캐나다 야생 블루베리 100% 10박스+2박스,오리진 캐나다 야생 블루베리 100% 10박스+2박스,,,,확인필요,오리진 캐나다 야생 블루베리 100% 10박스+2박스,식품,3,,,,,,,,,,,2026-08-24T00:08:56.450492+09:00,2026-08-24T09:54:29.678696+09:00
044540e860803e1e78a0213a0fe83068,2026-08-27,2026-08-27T12:35:00+09:00,2026-08-27T12:40:00+09:00,hs_lotteimallonetv,롯데원티비,"[자연향기] ★300초★ 하동녹차 명란김 6gx60봉, 권여사 명란자반 70gx2봉","★300초★ 하동녹차 명란김 6gx60봉, 권여사 명란자반 70gx2봉","★300초★ 하동녹차 명란김 6gx60봉, 권여사 명란자반 70gx2봉",,,,확인필요,"★300초★ 하동녹차 명란김 6gx60봉, 권여사 명란자반 70gx2봉",식품,1,,,,,,,,,,,2026-08-24T00:08:56.450492+09:00,2026-08-24T09:54:29.678696+09:00
e6615caad7314320990517a630beab9b,2026-08-27,2026-08-27T12:35:00+09:00,2026-08-27T13:35:00+09:00,hs_gsshop,GS홈쇼핑,그레인온 캡슐레이션효소 10박스+무선 텀블러 블렌더,그레인온 캡슐레이션효소 10박스+무선 텀블러 블렌더,그레인온 캡슐레이션효소 10박스+무선 텀블러 블렌더,,,,확인필요,그레인온 캡슐레이션효소 10박스+무선 텀블러 블렌더,식품,1,,,,,,,,,,,2026-08-24T00:08:56.450492+09:00,2026-08-24T09:54:29.678696+09:00
232d93dd8f448c12d9f8415796150a06,2026-08-27,2026-08-27T13:30:00+09:00,2026-08-27T14:20:00+09:00,hs_gongyoung,공영쇼핑,2026 영월농협 비단초 햇 고춧가루 500g*4봉(2kg),2026 영월농협 비단초 햇 고춧가루 500g*4봉,2026 영월농협 비단초 햇 고춧가루 500g*4봉,,,,확인필요,2026 영월농협 비단초 햇 고춧가루 500g*4봉,식품,2,,,,,,,,,,,2026-08-24T00:08:56.450492+09:00,2026-08-24T09:54:29.678696+09:00
2aef4c4c67eaccb9dcaf4a160cfee8e7,2026-08-27,2026-08-27T13:30:00+09:00,2026-08-27T14:30:00+09:00,hs_nsmall,NS홈쇼핑,왕의맥문동진액,왕의맥문동진액,왕의맥문동진액,,,,확인필요,왕의맥문동진액,식품,10,,,,,,,,,,,2026-08-24T00:08:56.450492+09:00,2026-08-24T09:54:29.678696+09:00
876d1485014560a50d058c8555c337f2,2026-08-27,2026-08-27T13:35:00+09:00,2026-08-27T14:35:00+09:00,hs_gsshop,GS홈쇼핑,라이필 더마콜라겐 시그니처RN 초저분자 어린콜라겐 10병+방송에서만 3병더,라이필 더마콜라겐 시그니처RN 초저분자 어린콜라겐 10병+방송에서만 3병더,라이필 더마콜라겐 시그니처RN 초저분자 어린콜라겐 10병+방송에서만 3병더,,,,확인필요,라이필 더마콜라겐 시그니처RN 초저분자 어린콜라겐 10병+방송에서만 3병더,식품,1,,,,,,,,,,,2026-08-24T00:08:56.450492+09:00,2026-08-24T09:54:29.678696+09:00
bc26cecc9a9b68376c5a5df884d985df,2026-08-27,2026-08-27T13:37:00+09:00,2026-08-27T14:17:00+09:00,hs_gsshopmyshop,GS홈쇼핑 마이샵,심플바이오 루테인지아잔틴아스타잔틴 6+3박스(총9개월분),심플바이오 루테인지아잔틴아스타잔틴 6+3박스,심플바이오 루테인지아잔틴아스타잔틴 6+3박스,,,,확인필요,심플바이오 루테인지아잔틴아스타잔틴 6+3박스,식품,2,,,,,,,,,,,2026-08-24T00:08:56.450492+09:00,2026-08-24T09:54:29.678696+09:00
3ad77b324ca0ca75f40eba5a1fca20da,2026-08-27,2026-08-27T13:40:00+09:00,2026-08-27T14:20:00+09:00,hs_lotteimallonetv,롯데원티비,[딱좋아] ○방송에서만 반값세일[10박스]딱좋아 석류 콜라겐 스틱(20g x 15포 x 10박스),○방송에서만 반값세일 딱좋아 석류 콜라겐 스틱,○방송에서만 반값세일 딱좋아 석류 콜라겐 스틱,,,,확인필요,○방송에서만 반값세일 딱좋아 석류 콜라겐 스틱,식품,1,,,,,,,,,,,2026-08-24T00:08:56.450492+09:00,2026-08-24T09:54:29.678696+09:00
4cbdee0eb521a7856f4ba3579e00efe5,2026-08-27,2026-08-27T14:20:00+09:00,2026-08-27T15:10:00+09:00,hs_hnsmall,홈앤쇼핑,[대한민국 조리기능장 노하우] 김선영의 황태구이 간장맛 200g x 4팩 + 김선영의 황태구이 고추장맛 200g x 4팩,김선영의 황태구이 간장맛 200g x 4팩 + 김선영의 황태구이 고추장맛 200g x 4팩,김선영의 황태구이 간장맛 200g x 4팩 + 김선영의 황태구이 고추장맛 200g x 4팩,,,,확인필요,김선영의 황태구이 간장맛 200g x 4팩 + 김선영의 황태구이 고추장맛 200g x 4팩,식품,1,,,,,,,,,,,2026-08-24T00:08:56.450492+09:00,2026-08-24T09:54:29.678696+09:00
d6b2017c7a3390f22dc26dac7c11c462,2026-08-27,2026-08-27T14:30:00+09:00,2026-08-27T15:30:00+09:00,hs_nsmall,NS홈쇼핑,목우촌훈제오리,목우촌훈제오리,목우촌훈제오리,,,,확인필요,목우촌훈제오리,식품,8,,,,,,,,,,,2026-08-24T00:08:56.450492+09:00,2026-08-24T09:54:29.678696+09:00
25206e82f84e83d120002b387a3f6d04,2026-08-27,2026-08-27T14:35:00+09:00,2026-08-27T15:35:00+09:00,hs_gsshop,GS홈쇼핑,관절엔 콘드로이친1200 12개월분 (900mg x 60정 x 12박스),관절엔 콘드로이친1200 12개월분,관절엔 콘드로이친,관절엔,건강식품/관절,콘드로이친,확정,관절엔 콘드로이친,식품,3,,,,,,,,,,,2026-08-24T00:08:56.450492+09:00,2026-08-24T09:54:29.678696+09:00
c06c2093998997914ff0033855d8c5eb,2026-08-27,2026-08-27T14:35:00+09:00,2026-08-27T15:30:00+09:00,hs_cjonstyle,CJ온스타일,[50% SALE] 액티브 프로 10박스(100회분)+보틀2개,액티브 프로 10박스 +보틀2개,액티브 프로 10박스 +보틀2개,,,,확인필요,액티브 프로 10박스 +보틀2개,식품,2,,,,,,,,,,,2026-08-24T00:08:56.450492+09:00,2026-08-24T09:54:29.678696+09:00
6eda75d12d5d959e6350c93874c76a1a,2026-08-27,2026-08-27T14:40:00+09:00,2026-08-27T15:40:00+09:00,hs_nsmallshopplus,NS홈쇼핑 샵플러스,뱅어포1,뱅어포1,뱅어포1,,,,확인필요,뱅어포1,식품,2,,,,,,,,,,,2026-08-24T00:08:56.450492+09:00,2026-08-24T09:54:29.678696+09:00
9f5e6d6ac22b745eba32cc1d2d05dc5f,2026-08-27,2026-08-27T15:10:00+09:00,2026-08-27T16:10:00+09:00,hs_hnsmall,홈앤쇼핑,[방송에서만 11개월분][9개월분] 비에날씬프로 9병 (9개월분) +   비에날씬플러스 6박스,비에날씬프로 9병 + 비에날씬플러스 6박스,비에날씬 프로,비에날씬,다이어트 유산균,BNR17 유산균,확정,비에날씬프로,식품,3,,,,,,,,,,,2026-08-24T00:08:56.450492+09:00,2026-08-24T09:54:29.678696+09:00
9fb83bc0230bbf2a074f3ce06938c384,2026-08-27,2026-08-27T15:10:00+09:00,2026-08-27T16:00:00+09:00,hs_gongyoung,공영쇼핑,[26년 특등급 햇마늘] 한지형 서산 마늘 3kg,한지형 서산 마늘 3kg,한지형 서산 마늘 3kg,,,,확인필요,한지형 서산 마늘 3kg,식품,1,,,,,,,,,,,2026-08-24T00:08:56.450492+09:00,2026-08-24T09:54:29.678696+09:00
5bf3c45bf8571f8d60c3da32d96f83b4,2026-08-27,2026-08-27T15:30:00+09:00,2026-08-27T16:30:00+09:00,hs_cjonstyle,CJ온스타일,비비고 해남재 포기 배추김치 8kg + 비비고 총각김치 1.5kg,비비고 해남재 포기 배추김치 8kg + 비비고 총각김치 1.5kg,비비고 해남재 포기 배추김치 8kg + 비비고 총각김치 1.5kg,,,,확인필요,비비고 해남재 포기 배추김치 8kg + 비비고 총각김치 1.5kg,식품,3,,,,,,,,,,,2026-08-24T00:08:56.450492+09:00,2026-08-24T09:54:29.678696+09:00
67e51924e1a183cb5210ac168884a9e2,2026-08-27,2026-08-27T15:35:00+09:00,2026-08-27T16:35:00+09:00,hs_gsshop,GS홈쇼핑,[총48주분]갱년기엔 이알하나(ERr731) 28정x10박스 + 2박스 더,갱년기엔 이알하나 28정x10박스 + 2박스 더,갱년기엔 이알하나 28정x10박스 + 2박스 더,,,,확인필요,갱년기엔 이알하나 28정x10박스 + 2박스 더,식품,2,,,,,,,,,,,2026-08-24T00:08:56.450492+09:00,2026-08-24T09:54:29.678696+09:00
efd6c48d1fb017dc2fdd1569d5b13551,2026-08-27,2026-08-27T15:38:00+09:00,2026-08-27T16:38:00+09:00,hs_gsshopmyshop,GS홈쇼핑 마이샵,"빅마마 이혜정의 아주 맛있는 진 우삼겹 150g*13팩, 총 1.95kg","빅마마 이혜정의 아주 맛있는 진 우삼겹 150g*13팩, 총 1.95kg","빅마마 이혜정의 아주 맛있는 진 우삼겹 150g*13팩, 총 1.95kg",,,,확인필요,"빅마마 이혜정의 아주 맛있는 진 우삼겹 150g*13팩, 총 1.95kg",식품,1,,,,,,,,,,,2026-08-24T00:08:56.450492+09:00,2026-08-24T09:54:29.678696+09:00
5f15960a6698903b00525a6c9cb0b477,2026-08-27,2026-08-27T15:40:00+09:00,2026-08-27T16:40:00+09:00,hs_lotteimallonetv,롯데원티비,"[고려은단] ○[5+1박스] 멀티비타민 올인원 우먼 (1,560mg*30정*6Box)",○ 멀티비타민 올인원 우먼,○ 멀티비타민 올인원 우먼,,,,확인필요,○ 멀티비타민 올인원 우먼,식품,4,,,,,,,,,,,2026-08-24T00:08:56.450492+09:00,2026-08-24T09:54:29.678696+09:00
83a641de0267e92592237af7c1a6cec0,2026-08-27,2026-08-27T16:00:00+09:00,2026-08-27T16:50:00+09:00,hs_gongyoung,공영쇼핑,2026 네명 햇 무안황토 호박고구마 총 6kg (3kg + 3kg),2026 네명 햇 무안황토 호박고구마 총 6kg,2026 네명 햇 무안황토 호박고구마 총 6kg,,,,확인필요,2026 네명 햇 무안황토 호박고구마 총 6kg,식품,1,,,,,,,,,,,2026-08-24T00:08:56.450492+09:00,2026-08-24T09:54:29.678696+09:00
bddedfe7f1a234f3de714927c4a5565a,2026-08-27,2026-08-27T16:30:00+09:00,2026-08-27T17:30:00+09:00,hs_nsmall,NS홈쇼핑,뉴밋블루베리,뉴밋블루베리,뉴밋블루베리,,,,확인필요,뉴밋블루베리,식품,9,,,,,,,,,,,2026-08-24T00:08:56.450492+09:00,2026-08-24T09:54:29.678696+09:00
7f773c9765c91eb8e477b6ffbfa248b8,2026-08-27,2026-08-27T16:35:00+09:00,2026-08-27T17:35:00+09:00,hs_gsshop,GS홈쇼핑,하루틴 리포좀 비타민C 프로 12+ 3개월분(총 15개월분)+ 리포좀 비타민c  스틱 10포 3박스,하루틴 리포좀 비타민C 프로 12+ 3개월분 + 리포좀 비타민c 스틱 10포 3박스,하루틴 리포좀 비타민C 프로 12+ 3개월분 + 리포좀 비타민c 스틱 10포 3박스,,,,확인필요,하루틴 리포좀 비타민C 프로 12+ 3개월분 + 리포좀 비타민c 스틱 10포 3박스,식품,3,,,,,,,,,,,2026-08-24T00:08:56.450492+09:00,2026-08-24T09:54:29.678696+09:00
8db91212bb5349d4089df46e41cb2bbf,2026-08-27,2026-08-27T16:35:00+09:00,2026-08-27T17:35:00+09:00,hs_lotteimall,롯데홈쇼핑,"[닥터린] ○[12+6박스]닥터린 하이퍼셀 대마종자유 (1,250mg X 30캡슐 X 18박스)",○ 닥터린 하이퍼셀 대마종자유,○ 닥터린 하이퍼셀 대마종자유,,,,확인필요,○ 닥터린 하이퍼셀 대마종자유,식품,2,,,,,,,,,,,2026-08-24T00:08:56.450492+09:00,2026-08-24T09:54:29.678696+09:00
96c3c114d0589a6f3b6059b862e344b7,2026-08-27,2026-08-27T16:35:00+09:00,2026-08-27T17:30:00+09:00,hs_hmall,현대홈쇼핑,[방송에서만] [올록담]올리브3 올리브오일캡슐 28포x5박스 + 28포x2박스+미니10포x7박스 추가구성,올리브3 올리브오일캡슐 28포x5박스 + 28포x2박스+미니10포x7박스 추가구성,올리브3 올리브오일캡슐 28포x5박스 + 28포x2박스+미니10포x7박스 추가구성,,,,미분류,,식품,1,,,,,,,,,,,2026-08-24T00:08:56.450492+09:00,2026-08-24T09:54:29.678696+09:00
00ed7843d40e5b1322c95069f0a95bac,2026-08-27,2026-08-27T16:50:00+09:00,2026-08-27T17:40:00+09:00,hs_hnsmall,홈앤쇼핑,[평창 백호 명인] TV황태김치 8kg,TV황태김치 8kg,TV황태김치 8kg,,,,확인필요,TV황태김치 8kg,식품,1,,,,,,,,,,,2026-08-24T00:08:56.450492+09:00,2026-08-24T09:54:29.678696+09:00
ecf8ab6b689fbbca72857a9595202769,2026-08-27,2026-08-27T16:50:00+09:00,2026-08-27T17:40:00+09:00,hs_gongyoung,공영쇼핑,[26년] 안동간고등어 특대 140g * 18팩,안동간고등어 특대 140g * 18팩,안동간고등어 특대 140g * 18팩,,,,확인필요,안동간고등어 특대 140g * 18팩,식품,1,,,,,,,,,,,2026-08-24T00:08:56.450492+09:00,2026-08-24T09:54:29.678696+09:00
0f1ca205a03c9fda9782cae791bd3478,2026-08-27,2026-08-27T17:30:00+09:00,2026-08-27T19:35:00+09:00,hs_hmall,현대홈쇼핑,2026 영양 빛깔찬 햇고춧가루 4kg (500gX8팩),2026 영양 빛깔찬 햇고춧가루 4kg,2026 영양 빛깔찬 햇고춧가루 4kg,,,,확인필요,2026 영양 빛깔찬 햇고춧가루 4kg,식품,2,,,,,,,,,,,2026-08-24T00:08:56.450492+09:00,2026-08-24T09:54:29.678696+09:00
51d489f95595e9fa7bab325f171dc6c1,2026-08-27,2026-08-27T17:30:00+09:00,2026-08-27T18:30:00+09:00,hs_nsmall,NS홈쇼핑,영양고춧가루,영양고춧가루,영양고춧가루,,,,미분류,,식품,2,,,,,,,,,,,2026-08-24T00:08:56.450492+09:00,2026-08-24T09:54:29.678696+09:00
79764216d7667d3f241879948002724d,2026-08-27,2026-08-27T17:30:00+09:00,2026-08-27T17:40:00+09:00,hs_cjonstyle,CJ온스타일,깨끗한 소분 멸치(조림용250G x2봉+볶음용 250g x1봉),깨끗한 소분 멸치,깨끗한 소분 멸치,,,,확인필요,깨끗한 소분 멸치,식품,1,,,,,,,,,,,2026-08-24T00:08:56.450492+09:00,2026-08-24T09:54:29.678696+09:00
3abaf0df3361868a4c93c9c2d2698282,2026-08-27,2026-08-27T17:35:00+09:00,2026-08-27T18:35:00+09:00,hs_lotteimall,롯데홈쇼핑,[특상등급]26년 안면도 태양초 햇고춧가루 2kg(500g X 4봉),26년 안면도 태양초 햇고춧가루 2kg,26년 안면도 태양초 햇고춧가루 2kg,,,,확인필요,26년 안면도 태양초 햇고춧가루 2kg,식품,2,,,,,,,,,,,2026-08-24T00:08:56.450492+09:00,2026-08-24T09:54:29.678696+09:00
8a40b0a790a0d9036ea6d5fff18b0fd7,2026-08-27,2026-08-27T17:35:00+09:00,2026-08-27T18:35:00+09:00,hs_gsshop,GS홈쇼핑,"최현석 한돈한우 함박스테이크 2종 17팩(오리지널 함박 10팩, 치즈 함박 7팩)",최현석 한돈한우 함박스테이크 2종 17팩,최현석 한돈한우 함박스테이크 2종 17팩,,,,확인필요,최현석 한돈한우 함박스테이크 2종 17팩,식품,1,,,,,,,,,,,2026-08-24T00:08:56.450492+09:00,2026-08-24T09:54:29.678696+09:00
fb26b7362020b62ae57278bd86ab525e,2026-08-27,2026-08-27T17:40:00+09:00,2026-08-27T18:40:00+09:00,hs_gongyoung,공영쇼핑,[1등 소머리곰탕]곤지암식 한우소머리곰탕 10팩 (6kg),곤지암식 한우소머리곰탕 10팩,곤지암식 한우소머리곰탕 10팩,,,,확인필요,곤지암식 한우소머리곰탕 10팩,식품,1,,,,,,,,,,,2026-08-24T00:08:56.450492+09:00,2026-08-24T09:54:29.678696+09:00
b4007f5915551ab7408588fd06995a0a,2026-08-27,2026-08-27T17:45:00+09:00,2026-08-27T18:45:00+09:00,hs_cjonstyleplus,CJ온스타일 플러스,[슈퍼히어로] 스페셜 견과 루비에디션 4+2박스 (120봉),스페셜 견과 루비에디션 4+2박스,스페셜 견과 루비에디션 4+2박스,,,,확인필요,스페셜 견과 루비에디션 4+2박스,식품,2,,,,,,,,,,,2026-08-24T00:08:56.450492+09:00,2026-08-24T09:54:29.678696+09:00
46c98c30fae7771d8a6a08320c0e26bb,2026-08-27,2026-08-27T18:20:00+09:00,2026-08-27T18:39:00+09:00,hs_hmallplus,현대홈쇼핑 플러스샵,난각번호 1번 무항생제 유정란 대란 40구_파손보장,난각번호 1번 무항생제 유정란 대란 40구_파손보장,난각번호 1번 무항생제 유정란 대란 40구_파손보장,,,,미분류,,식품,1,,,,,,,,,,,2026-08-24T00:08:56.450492+09:00,2026-08-24T09:54:29.678696+09:00
07debd270c19d77e60600782dc6773e8,2026-08-27,2026-08-27T18:40:00+09:00,2026-08-27T19:35:00+09:00,hs_hnsmall,홈앤쇼핑,[삼육두유]검은콩과볶은귀리48팩+검은콩호두아몬드32팩+검은콩흑임자32팩(총112팩),검은콩과볶은귀리48팩+검은콩호두아몬드32팩+검은콩흑임자32팩,검은콩과볶은귀리48팩+검은콩호두아몬드32팩+검은콩흑임자32팩,,,,확인필요,검은콩과볶은귀리48팩+검은콩호두아몬드32팩+검은콩흑임자32팩,식품,1,,,,,,,,,,,2026-08-24T09:54:29.678696+09:00,2026-08-24T09:54:29.678696+09:00
b1c9b85cfc59d1ac98f421401900be2b,2026-08-27,2026-08-27T19:30:00+09:00,2026-08-27T20:30:00+09:00,hs_nsmall,NS홈쇼핑,이시형마그네슘 2부,이시형마그네슘 2부,이시형 박사의 인생 마그네슘,이시형,영양제/미네랄,마그네슘,확정,이시형마그네슘,식품,3,,,,,,,,,,,2026-08-24T00:08:56.450492+09:00,2026-08-24T09:54:29.678696+09:00
aa4d1c69127770b29491d69d7bc54a9b,2026-08-27,2026-08-27T19:35:00+09:00,2026-08-27T20:45:00+09:00,hs_gsshop,GS홈쇼핑,유단백추출물 뼈엔 엠비피 MBP 12개월분 + 주영 오메가 2개월분,유단백추출물 뼈엔 엠비피 MBP 12개월분 + 주영 오메가 2개월분,뼈엔 MBP,뼈엔,건강식품/뼈건강,MBP,확정,뼈엔 엠비피 MBP,식품,2,,,,,,,,,,,2026-08-24T00:08:56.450492+09:00,2026-08-24T09:54:29.678696+09:00
3426bc6fdaefc50dad15f9fb1cc7c73f,2026-08-27,2026-08-27T20:45:00+09:00,2026-08-27T21:45:00+09:00,hs_hnsmall,홈앤쇼핑,[방송에서만 50%세일] NFC 착즙 보넬드 아이엠 당근 12병 (1L X 12병),NFC 착즙 보넬드 아이엠 당근 12병,보넬드 아이엠 당근주스,보넬드,과채주스,당근,확정,NFC 착즙 보넬드 아이엠 당근,식품,1,,,,,,,,,,,2026-08-24T00:08:56.450492+09:00,2026-08-24T09:54:29.678696+09:00
c7f5e38a32dcb713c10f039b6d3e6b91,2026-08-27,2026-08-27T21:40:00+09:00,2026-08-27T22:45:00+09:00,hs_nsmall,NS홈쇼핑,비에날씬프로,비에날씬프로,비에날씬 프로,비에날씬,다이어트 유산균,BNR17 유산균,확정,비에날씬프로,식품,25,,,,,,,,,,,2026-08-24T00:08:56.450492+09:00,2026-08-24T09:54:29.678696+09:00
81b7b7874d5e36e9b8d5cfc742664c20,2026-08-27,2026-08-27T21:45:00+09:00,2026-08-27T22:55:00+09:00,hs_hnsmall,홈앤쇼핑,[국민영양] 여에스더 PS 포스파티딜세린 10박스(20주분) + 카무트효소1박스,여에스더 PS 포스파티딜세린 10박스 + 카무트효소1박스,여에스더 PS 포스파티딜세린 10박스 + 카무트효소1박스,,,,미분류,,식품,1,,,,,,,,,,,2026-08-24T00:08:56.450492+09:00,2026-08-24T09:54:29.678696+09:00
c753c016c25ebbdb3ac55694220a25d3,2026-08-27,2026-08-27T21:45:00+09:00,2026-08-27T22:50:00+09:00,hs_gongyoung,공영쇼핑,강병원 한우투뿔 스테이크 130gx10팩,강병원 한우투뿔 스테이크 130gx10팩,강병원 한우투뿔 스테이크 130gx10팩,,,,미분류,,식품,6,,,,,,,,,,,2026-08-24T00:08:56.450492+09:00,2026-08-24T09:54:29.678696+09:00
be5939959e0ff0ff73879bab5d12de2c,2026-08-27,2026-08-27T22:45:00+09:00,2026-08-27T23:50:00+09:00,hs_nsmall,NS홈쇼핑,정호영낙지,정호영낙지,정호영낙지,,,,확인필요,정호영낙지,식품,1,,,,,,,,,,,2026-08-24T00:08:56.450492+09:00,2026-08-24T09:54:29.678696+09:00
f1d85c94d1d8105cb0b813255f598252,2026-08-27,2026-08-27T23:40:00+09:00,2026-08-28T00:40:00+09:00,hs_nsmallshopplus,NS홈쇼핑 샵플러스,감자탕1,감자탕1,감자탕1,,,,미분류,,식품,5,,,,,,,,,,,2026-08-24T00:08:56.450492+09:00,2026-08-24T09:54:29.678696+09:00
bb2bbdde573095ff2a8e773cf3bb1c57,2026-08-27,2026-08-27T23:45:00+09:00,2026-08-28T00:45:00+09:00,hs_cjonstyleplus,CJ온스타일 플러스,이바라 유기농 엑스트라버진올리브오일 500ml*5병,이바라 유기농 엑스트라버진올리브오일 500ml*5병,이바라 유기농 엑스트라버진올리브오일 500ml*5병,,,,미분류,,식품,1,,,,,,,,,,,2026-08-24T00:08:56.450492+09:00,2026-08-24T09:54:29.678696+09:00
a57ab62bba3e70e5d0c3082f86d8bd05,2026-08-27,2026-08-27T23:55:00+09:00,2026-08-28T01:00:00+09:00,hs_cjonstyle,CJ온스타일,[LIVE] 유한양행 당큐락 HAC01 혈당 유산균 9개월분,유한양행 당큐락 HAC01 혈당 유산균 9개월분,유한양행 당큐락 HAC01 혈당 유산균 9개월분,,,,확인필요,유한양행 당큐락 HAC01 혈당 유산균 9개월분,식품,2,,,,,,,,,,,2026-08-24T00:08:56.450492+09:00,2026-08-24T09:54:29.678696+09:00
bdd511a2e164155c5fcd7dea0d2df016,2026-08-28,2026-08-28T00:40:00+09:00,2026-08-28T01:20:00+09:00,hs_lotteimallonetv,롯데원티비,[12박스] 건강한 간 밀크씨슬 (500mg x 30정 X 12박스),건강한 간 밀크씨슬,건강한 간 밀크씨슬,,,,확인필요,건강한 간 밀크씨슬,식품,1,,,,,,,,,,,2026-08-24T09:54:30.955343+09:00,2026-08-24T09:54:30.955343+09:00
e95259e0a880414f1f9bd6ae72769fbc,2026-08-28,2026-08-28T00:58:00+09:00,2026-08-28T01:38:00+09:00,hs_gsshopmyshop,GS홈쇼핑 마이샵,GRN 갱년기 다이어트 리얼퀸 9개월(분홍이 9+초록이 9),GRN 갱년기 다이어트 리얼퀸 9개월,GRN 갱년기 다이어트 리얼퀸 9개월,,,,미분류,,식품,4,,,,,,,,,,,2026-08-24T09:54:30.955343+09:00,2026-08-24T09:54:30.955343+09:00
14576d1442095d49cfb01ca19ddacf02,2026-08-28,2026-08-28T01:00:00+09:00,2026-08-28T01:55:00+09:00,hs_lotteimall,롯데홈쇼핑,[비에날씬] ☆슬림플러스 3박스 더☆ 비에날 씬 프로 9개월 (425mg x 30캡슐 x 9박스) + 슬림플러스 3박스 (10포 x 3박스),☆슬림플러스 3박스 더☆ 비에날 씬 프로 9개월 + 슬림플러스 3박스,비에날씬 프로,비에날씬,다이어트 유산균,BNR17 유산균,확정,비에날씬프로,식품,3,,,,,,,,,,,2026-08-24T09:54:30.955343+09:00,2026-08-24T09:54:30.955343+09:00
8353c310880d3f5e0e5af7161fefa9d8,2026-08-28,2026-08-28T01:00:00+09:00,2026-08-28T02:00:00+09:00,hs_gsshop,GS홈쇼핑,그레인온 캡슐레이션효소 10박스+무선 텀블러 블렌더,그레인온 캡슐레이션효소 10박스+무선 텀블러 블렌더,그레인온 캡슐레이션효소 10박스+무선 텀블러 블렌더,,,,확인필요,그레인온 캡슐레이션효소 10박스+무선 텀블러 블렌더,식품,1,,,,,,,,,,,2026-08-24T09:54:30.955343+09:00,2026-08-24T09:54:30.955343+09:00
e29a8385006fe470fd02806e23bfb076,2026-08-28,2026-08-28T01:00:00+09:00,2026-08-28T02:00:00+09:00,hs_nsmall,NS홈쇼핑,히트상품 앵콜방송1부,히트상품 앵콜방송1부,히트상품 앵콜방송1부,,,,미분류,,식품,1,,,,,,,,,,,2026-08-24T09:54:30.955343+09:00,2026-08-24T09:54:30.955343+09:00
f9da8d7c72bd349570c2c347d371d77f,2026-08-28,2026-08-28T01:00:00+09:00,2026-08-28T01:30:00+09:00,hs_hnsmall,홈앤쇼핑,[1++ 한우] 이재훈셰프 구이세트 8팩(팩당 150g),이재훈셰프 구이세트 8팩,이재훈셰프 구이세트 8팩,,,,확인필요,이재훈셰프 구이세트 8팩,식품,1,,,,,,,,,,,2026-08-24T09:54:30.955343+09:00,2026-08-24T09:54:30.955343+09:00
297cec44f1382a42bfe96c01ee93fe79,2026-08-28,2026-08-28T02:00:00+09:00,2026-08-28T02:40:00+09:00,hs_hnsmall,홈앤쇼핑,[황장군골드라벨] 일품 왕 갈비탕 1kg x 8팩,일품 왕 갈비탕 1kg x 8팩,일품 왕 갈비탕 1kg x 8팩,,,,확인필요,일품 왕 갈비탕 1kg x 8팩,식품,2,,,,,,,,,,,2026-08-24T09:54:30.955343+09:00,2026-08-24T09:54:30.955343+09:00
d233755b57c2b19877a803631ef6e651,2026-08-28,2026-08-28T02:40:00+09:00,2026-08-28T03:40:00+09:00,hs_nsmallshopplus,NS홈쇼핑 샵플러스,다이어트환1,다이어트환1,다이어트환1,,,,확인필요,다이어트환1,식품,3,,,,,,,,,,,2026-08-24T09:54:30.955343+09:00,2026-08-24T09:54:30.955343+09:00
dce8943f6b768b8be5c5f82089e10923,2026-08-28,2026-08-28T03:25:00+09:00,2026-08-28T03:45:00+09:00,hs_lotteimall,롯데홈쇼핑,"[닥터린] ■[12박스] 닥터린 콘드로이친 1200 콘레이티+MBP+K2 12박스 (1박스:1,200mgX30정) ",■ 닥터린 콘드로이친 1200 콘레이티+MBP+K2 12박스,■ 닥터린 콘드로이친 1200 콘레이티+MBP+K2 12박스,,,,확인필요,■ 닥터린 콘드로이친 1200 콘레이티+MBP+K2 12박스,식품,2,,,,,,,,,,,2026-08-24T09:54:30.955343+09:00,2026-08-24T09:54:30.955343+09:00
db27c847acb1142166616e0c79889249,2026-08-28,2026-08-28T04:15:00+09:00,2026-08-28T04:45:00+09:00,hs_lotteimall,롯데홈쇼핑,[연세대학교연세우유] ☆[직]더블 세브란스케어 구수한 맛 6박스 96팩 (1박스: 200ML x16팩) ,☆ 더블 세브란스케어 구수한 맛 6박스 96팩,☆ 더블 세브란스케어 구수한 맛 6박스 96팩,,,,확인필요,☆ 더블 세브란스케어 구수한 맛 6박스 96팩,식품,2,,,,,,,,,,,2026-08-24T09:54:30.955343+09:00,2026-08-24T09:54:30.955343+09:00
c02eebde61c97fb5f5bb8571bf565430,2026-08-28,2026-08-28T05:00:00+09:00,2026-08-28T05:30:00+09:00,hs_gsshop,GS홈쇼핑,옹고집 호박보리 전통맛된장 430g 5통,옹고집 호박보리 전통맛된장 430g 5통,옹고집 호박보리 전통맛된장 430g 5통,,,,확인필요,옹고집 호박보리 전통맛된장 430g 5통,식품,1,,,,,,,,,,,2026-08-24T09:54:30.955343+09:00,2026-08-24T09:54:30.955343+09:00
feb8a18bafc809ba5809507bfb8cdca8,2026-08-28,2026-08-28T05:15:00+09:00,2026-08-28T06:15:00+09:00,hs_lotteimall,롯데홈쇼핑,[20봉] 백년농가 유기농 상황버섯 쌀 20봉,백년농가 유기농 상황버섯 쌀 20봉,백년농가 유기농 상황버섯 쌀 20봉,,,,확인필요,백년농가 유기농 상황버섯 쌀 20봉,식품,2,,,,,,,,,,,2026-08-24T09:54:30.955343+09:00,2026-08-24T09:54:30.955343+09:00
05a36ff80b6f2b9dee6d42fe21e1dd66,2026-08-28,2026-08-28T05:20:00+09:00,2026-08-28T05:40:00+09:00,hs_lotteimallonetv,롯데원티비,[안국약품] ☆토비콤 루테인지아잔틴 아스타잔틴 12개월분(150mgx30캡슐x12박스),☆토비콤 루테인지아잔틴 아스타잔틴 12개월분,☆토비콤 루테인지아잔틴 아스타잔틴 12개월분,,,,확인필요,☆토비콤 루테인지아잔틴 아스타잔틴 12개월분,식품,1,,,,,,,,,,,2026-08-24T09:54:30.955343+09:00,2026-08-24T09:54:30.955343+09:00
1a610472b9b3875b00f028a94fb57fee,2026-08-28,2026-08-28T05:30:00+09:00,2026-08-28T06:15:00+09:00,hs_gsshop,GS홈쇼핑,뉴트리코어 관절엔 난각막 DEM 12박스(12개월분),뉴트리코어 관절엔 난각막 DEM 12박스,뉴트리코어 관절엔 난각막 DEM 12박스,,,,확인필요,뉴트리코어 관절엔 난각막 DEM 12박스,식품,2,,,,,,,,,,,2026-08-24T09:54:30.955343+09:00,2026-08-24T09:54:30.955343+09:00
cf7127cfceb5fe210459b60842404ad4,2026-08-28,2026-08-28T05:35:00+09:00,2026-08-28T05:55:00+09:00,hs_gsshopmyshop,GS홈쇼핑 마이샵,한생원 천연 육수팩 4팩(해물2 해장2) 천연버섯소금3종,한생원 천연 육수팩 4팩 천연버섯소금3종,한생원 천연 육수팩 4팩 천연버섯소금3종,,,,미분류,,식품,1,,,,,,,,,,,2026-08-24T09:54:30.955343+09:00,2026-08-24T09:54:30.955343+09:00
181f49eccd7692817f1ee84844775c82,2026-08-28,2026-08-28T06:00:00+09:00,2026-08-28T07:15:00+09:00,hs_gongyoung,공영쇼핑,[리뉴얼] 레드플러스청양구기자17통+스푼5개,레드플러스청양구기자17통+스푼5개,레드플러스청양구기자17통+스푼5개,,,,미분류,,식품,1,,,,,,,,,,,2026-08-24T09:54:30.955343+09:00,2026-08-24T09:54:30.955343+09:00
dd96c694fb85d729d03b09c722b263f7,2026-08-28,2026-08-28T06:00:00+09:00,2026-08-28T07:15:00+09:00,hs_hnsmall,홈앤쇼핑,[방송에서만 1만원 할인][더블]데이즈온 그린 아세로라C 16박스(1.5g x 14포 x 16박스),데이즈온 그린 아세로라C 16박스,그린 아세로라 C,,건강식품/비타민,아세로라,확정,그린 아세로라 C,식품,2,,,,,,,,,,,2026-08-24T09:54:30.955343+09:00,2026-08-24T09:54:30.955343+09:00
966df58fbc31a0a18e77c4cd02741e0a,2026-08-28,2026-08-28T06:15:00+09:00,2026-08-28T07:15:00+09:00,hs_cjonstyle,CJ온스타일,[국민영양프로젝트] 여에스더 포스파티딜세린 10박스(5개월분)+블루베리퓨레,여에스더 포스파티딜세린 10박스 +블루베리퓨레,여에스더 포스파티딜세린 10박스 +블루베리퓨레,,,,미분류,,식품,8,,,,,,,,,,,2026-08-24T09:54:30.955343+09:00,2026-08-24T09:54:30.955343+09:00
b3fab1c7799eac5ab5e47d443555ca58,2026-08-28,2026-08-28T06:30:00+09:00,2026-08-28T07:25:00+09:00,hs_nsmall,NS홈쇼핑,두뇌엔닥터PS,두뇌엔닥터PS,두뇌엔 닥터PS,두뇌엔,건강식품/두뇌·인지,포스파티딜세린,확정,두뇌엔닥터PS,식품,2,,,,,,,,,,,2026-08-24T09:54:30.955343+09:00,2026-08-24T09:54:30.955343+09:00
35c20ee860d6b06b14e38a7b6b614a7e,2026-08-28,2026-08-28T06:36:00+09:00,2026-08-28T07:36:00+09:00,hs_gsshopmyshop,GS홈쇼핑 마이샵,[종근당건강] 락토핏 맥스19 (HN019) 유산균 6통+60포,락토핏 맥스19 유산균 6통+60포,락토핏 맥스19 유산균 6통+60포,,,,확인필요,락토핏 맥스19 유산균 6통+60포,식품,1,,,,,,,,,,,2026-08-24T09:54:30.955343+09:00,2026-08-24T09:54:30.955343+09:00
8d567efcdb5548b9349e904c35dd54ae,2026-08-28,2026-08-28T06:40:00+09:00,2026-08-28T07:40:00+09:00,hs_lotteimallonetv,롯데원티비,[정관장] ○[방송에서만][6+4박스] 홍삼진고 데일리스틱 (10g*30포*10박스),○ 홍삼진고 데일리스틱,○ 홍삼진고 데일리스틱,,,,확인필요,○ 홍삼진고 데일리스틱,식품,1,,,,,,,,,,,2026-08-24T09:54:30.955343+09:00,2026-08-24T09:54:30.955343+09:00
f5c0769828b511b2df216731c607e3ba,2026-08-28,2026-08-28T07:15:00+09:00,2026-08-28T08:15:00+09:00,hs_gsshop,GS홈쇼핑,비에날씬 프로 다이어트 유산균 9박스 + 플러스 60포,비에날씬 프로 다이어트 유산균 9박스 + 플러스 60포,비에날씬 프로,비에날씬,다이어트 유산균,BNR17 유산균,확정,비에날씬프로,식품,3,,,,,,,,,,,2026-08-24T09:54:30.955343+09:00,2026-08-24T09:54:30.955343+09:00
b53217190b5917044c32b59c007dd59b,2026-08-28,2026-08-28T07:25:00+09:00,2026-08-28T08:25:00+09:00,hs_nsmall,NS홈쇼핑,위매스틱케어,위매스틱케어,위매스틱케어,,,,확인필요,위매스틱케어,식품,11,,,,,,,,,,,2026-08-24T09:54:30.955343+09:00,2026-08-24T09:54:30.955343+09:00
d3c6e2e212783ac477143629f2915577,2026-08-28,2026-08-28T07:45:00+09:00,2026-08-28T08:45:00+09:00,hs_cjonstyleplus,CJ온스타일 플러스,[단독/최다] 종근당 건강 락토핏 당케어프로 유산균 10+10+1통(총21통/21개월분),종근당 건강 락토핏 당케어프로 유산균 10+10+1통,종근당 건강 락토핏 당케어프로 유산균 10+10+1통,,,,미분류,,식품,2,,,,,,,,,,,2026-08-24T09:54:30.955343+09:00,2026-08-24T09:54:30.955343+09:00
8d679c0ce1854531e4470e4d3e8d8494,2026-08-28,2026-08-28T08:15:00+09:00,2026-08-28T09:25:00+09:00,hs_hnsmall,홈앤쇼핑,"[방송중 구성] 갱년기엔이알하나 10박스(40주) + 이알하나(2박스, 2개월)",갱년기엔이알하나 10박스 + 이알하나,갱년기엔이알하나 10박스 + 이알하나,,,,미분류,,식품,2,,,,,,,,,,,2026-08-24T09:54:30.955343+09:00,2026-08-24T09:54:30.955343+09:00
fce3d3c96f967deff3773932457ee02d,2026-08-28,2026-08-28T08:25:00+09:00,2026-08-28T09:30:00+09:00,hs_nsmall,NS홈쇼핑,골드파로효소,골드파로효소,골드 파로효소,,건강식품/효소,효소,확정,골드파로효소,식품,11,,,,,,,,,,,2026-08-24T09:54:30.955343+09:00,2026-08-24T09:54:30.955343+09:00
a9e226528b06cb1243d75ba41749d547,2026-08-28,2026-08-28T09:20:00+09:00,2026-08-28T10:25:00+09:00,hs_gongyoung,공영쇼핑,이종임 비법 도가니탕 10팩(7kg),이종임 비법 도가니탕 10팩,이종임 비법 도가니탕 10팩,,,,확인필요,이종임 비법 도가니탕 10팩,식품,1,,,,,,,,,,,2026-08-24T09:54:30.955343+09:00,2026-08-24T09:54:30.955343+09:00
6378f6537f18b042f150b7fb35389d38,2026-08-28,2026-08-28T09:25:00+09:00,2026-08-28T10:25:00+09:00,hs_hnsmall,홈앤쇼핑,[닥터파이토] 파이토블락 코엔삼백초 12개월분,파이토블락 코엔삼백초 12개월분,파이토블락 코엔삼백초 12개월분,,,,확인필요,파이토블락 코엔삼백초 12개월분,식품,3,,,,,,,,,,,2026-08-24T09:54:30.955343+09:00,2026-08-24T09:54:30.955343+09:00
c78cb35e06323120006d871a67566e1f,2026-08-28,2026-08-28T10:25:00+09:00,2026-08-28T11:35:00+09:00,hs_lotteimall,롯데홈쇼핑,[지엔씨] 최다구성[8+2박스] 비피도핏 다이어트 10박스(1박스: 450mg X 30캡슐 ),최다구성 비피도핏 다이어트 10박스,최다구성 비피도핏 다이어트 10박스,,,,확인필요,최다구성 비피도핏 다이어트 10박스,식품,3,,,,,,,,,,,2026-08-24T09:54:30.955343+09:00,2026-08-24T09:54:30.955343+09:00
a3dcf80f81a96e69e1e0395e3d823e10,2026-08-28,2026-08-28T10:40:00+09:00,2026-08-28T11:40:00+09:00,hs_lotteimallonetv,롯데원티비,[울릉도 마가목 흑염소]♥방송에서만 체험분 3팩♥ 홍성호 울릉도 마가목 흑염소진액 프리미엄 (70ml x 33포 x 1박스),♥방송에서만 체험분 3팩♥ 홍성호 울릉도 마가목 흑염소진액 프리미엄,♥방송에서만 체험분 3팩♥ 홍성호 울릉도 마가목 흑염소진액 프리미엄,,,,확인필요,♥방송에서만 체험분 3팩♥ 홍성호 울릉도 마가목 흑염소진액 프리미엄,식품,2,,,,,,,,,,,2026-08-24T09:54:30.955343+09:00,2026-08-24T09:54:30.955343+09:00
d5bc3227b095f2d6e16e13f488686415,2026-08-28,2026-08-28T11:35:00+09:00,2026-08-28T12:35:00+09:00,hs_gsshop,GS홈쇼핑,닥터파이토 덴티백 PRO 구강유산균 M18 14박스,닥터파이토 덴티백 PRO 구강유산균 M18 14박스,닥터파이토 덴티백 PRO 구강유산균 M18,닥터파이토,유산균,유산균,확정,닥터파이토 덴티백 PRO 구강유산균 M18,식품,2,,,,,,,,,,,2026-08-24T09:54:30.955343+09:00,2026-08-24T09:54:30.955343+09:00
8ddbd4748018c5501d812f4fcb9dd4fd,2026-08-28,2026-08-28T11:36:00+09:00,2026-08-28T12:36:00+09:00,hs_gsshopmyshop,GS홈쇼핑 마이샵,D_미녀의 석류 콜라겐 (25g) 8박스 총 200포,D_미녀의 석류 콜라겐 8박스 총 200포,D_미녀의 석류 콜라겐 8박스 총 200포,,,,확인필요,D_미녀의 석류 콜라겐 8박스 총 200포,식품,1,,,,,,,,,,,2026-08-24T09:54:30.955343+09:00,2026-08-24T09:54:30.955343+09:00
d7a0e9b62ce2588469e4fc0ffc34e942,2026-08-28,2026-08-28T12:35:00+09:00,2026-08-28T13:30:00+09:00,hs_nsmall,NS홈쇼핑,두뇌엔닥터PS 2부,두뇌엔닥터PS 2부,두뇌엔 닥터PS,두뇌엔,건강식품/두뇌·인지,포스파티딜세린,확정,두뇌엔닥터PS,식품,3,,,,,,,,,,,2026-08-24T09:54:30.955343+09:00,2026-08-24T09:54:30.955343+09:00
dcdd10bea0265e22b7d1d5717daab5af,2026-08-28,2026-08-28T13:35:00+09:00,2026-08-28T14:35:00+09:00,hs_lotteimall,롯데홈쇼핑,[조윤주패키지] 리얼테인 셀리뉴 퍼스트 에센스 180ml * 4통 + (전고객) 에센스 본품 1통 더! + (포토리뷰시) 셀리뉴 스프레이 30ml 증정,리얼테인 셀리뉴 퍼스트 에센스 180ml * 4통 + 에센스 본품 1통 더! + 셀리뉴 스프레이 30ml 증정,리얼테인 셀리뉴 퍼스트 에센스 180ml * 4통 + 에센스 본품 1통 더! + 셀리뉴 스프레이 30ml 증정,,,,확인필요,리얼테인 셀리뉴 퍼스트 에센스 180ml * 4통 + 에센스 본품 1통 더! + 셀리뉴 스프레이 30ml 증정,식품,3,,,,,,,,,,,2026-08-24T09:54:30.955343+09:00,2026-08-24T09:54:30.955343+09:00
f0ff15989d399ee051fd5f4ecec5eee4,2026-08-28,2026-08-28T13:40:00+09:00,2026-08-28T14:45:00+09:00,hs_gongyoung,공영쇼핑,[바다성찬] 영광법성포 굴비 특대장대 90g×20미,영광법성포 굴비 특대장대 90g×20미,영광법성포 굴비 특대장대 90g×20미,,,,미분류,,식품,3,,,,,,,,,,,2026-08-24T09:54:30.955343+09:00,2026-08-24T09:54:30.955343+09:00
0246f422fd5c7f52185459f234a3be08,2026-08-28,2026-08-28T13:45:00+09:00,2026-08-28T14:45:00+09:00,hs_cjonstyleplus,CJ온스타일 플러스,[굿라이프] 그랑베리 캐나다 야생블루베리 100% 12박스+1박스더,그랑베리 캐나다 야생블루베리 100% 12박스+1박스더,그랑베리 캐나다 야생블루베리 100% 12박스+1박스더,,,,확인필요,그랑베리 캐나다 야생블루베리 100% 12박스+1박스더,식품,3,,,,,,,,,,,2026-08-24T09:54:30.955343+09:00,2026-08-24T09:54:30.955343+09:00
584ac9b8fb3ac61f376be119589a13fa,2026-08-28,2026-08-28T14:30:00+09:00,2026-08-28T15:30:00+09:00,hs_nsmall,NS홈쇼핑,정관장홍삼활력플러스,정관장홍삼활력플러스,정관장 홍삼활력플러스,정관장,건강식품/홍삼,홍삼,확정,정관장홍삼활력플러스,식품,16,,,,,,,,,,,2026-08-24T09:54:30.955343+09:00,2026-08-24T09:54:30.955343+09:00
e6b9b8246cdccd6f7aa78b8c6cbaace6,2026-08-28,2026-08-28T14:30:00+09:00,2026-08-28T15:30:00+09:00,hs_gsshop,GS홈쇼핑,[GS단독] 가시제거연구소 고등어밥상 노르웨이 순살고등어 700g 3봉,가시제거연구소 고등어밥상 노르웨이 순살고등어 700g 3봉,가시제거연구소 고등어밥상 노르웨이 순살고등어 700g 3봉,,,,확인필요,가시제거연구소 고등어밥상 노르웨이 순살고등어 700g 3봉,식품,1,,,,,,,,,,,2026-08-24T09:54:30.955343+09:00,2026-08-24T09:54:30.955343+09:00
bdddb529e983bb932f8e0f0eff62c65d,2026-08-28,2026-08-28T14:35:00+09:00,2026-08-28T15:30:00+09:00,hs_cjonstyle,CJ온스타일,[단독/최다] 종근당 건강 락토핏 당케어프로 유산균 10+10+1통(총21통/21개월분),종근당 건강 락토핏 당케어프로 유산균 10+10+1통,종근당 건강 락토핏 당케어프로 유산균 10+10+1통,,,,미분류,,식품,2,,,,,,,,,,,2026-08-24T09:54:30.955343+09:00,2026-08-24T09:54:30.955343+09:00
f297a465de331beb4e1a18c8fe4e6834,2026-08-28,2026-08-28T14:35:00+09:00,2026-08-28T15:30:00+09:00,hs_hmall,현대홈쇼핑,[방송에서만] 샐러디 고단백 저당 두부 부리또 12봉+4봉 (총16봉),샐러디 고단백 저당 두부 부리또 12봉+4봉,샐러디 고단백 저당 두부 부리또 12봉+4봉,,,,확인필요,샐러디 고단백 저당 두부 부리또 12봉+4봉,식품,8,,,,,,,,,,,2026-08-24T09:54:30.955343+09:00,2026-08-24T09:54:30.955343+09:00
6186a0945530e8f144edc1b63d442682,2026-08-28,2026-08-28T14:40:00+09:00,2026-08-28T15:20:00+09:00,hs_lotteimallonetv,롯데원티비,[김오곤] 김오곤 원장의 한방 다이어트 블랙(커피맛)(4gx28포x6박스),김오곤 원장의 한방 다이어트 블랙,김오곤 원장의 한방 다이어트 블랙,,,,확인필요,김오곤 원장의 한방 다이어트 블랙,식품,1,,,,,,,,,,,2026-08-24T09:54:30.955343+09:00,2026-08-24T09:54:30.955343+09:00
9500ced0b99632039910e96624c880b1,2026-08-28,2026-08-28T14:40:00+09:00,2026-08-28T14:59:00+09:00,hs_hmallplus,현대홈쇼핑 플러스샵,난각번호 1번 무항생제 유정란 대란 40구_파손보장,난각번호 1번 무항생제 유정란 대란 40구_파손보장,난각번호 1번 무항생제 유정란 대란 40구_파손보장,,,,미분류,,식품,1,,,,,,,,,,,2026-08-24T09:54:30.955343+09:00,2026-08-24T09:54:30.955343+09:00
1aaf0771a4b6c72c46128c6caf1b80e1,2026-08-28,2026-08-28T14:45:00+09:00,2026-08-28T15:40:00+09:00,hs_gongyoung,공영쇼핑,제주흑돼지 양념왕구이 7팩 (2.1kg),제주흑돼지 양념왕구이 7팩,제주흑돼지 양념왕구이 7팩,,,,미분류,,식품,1,,,,,,,,,,,2026-08-24T09:54:30.955343+09:00,2026-08-24T09:54:30.955343+09:00
5305cdbefab8d5fd0f5d60569827660d,2026-08-28,2026-08-28T14:45:00+09:00,2026-08-28T15:15:00+09:00,hs_cjonstyleplus,CJ온스타일 플러스,비비고 해남재 포기 배추김치 8kg + 비비고 총각김치 1.5kg,비비고 해남재 포기 배추김치 8kg + 비비고 총각김치 1.5kg,비비고 해남재 포기 배추김치 8kg + 비비고 총각김치 1.5kg,,,,확인필요,비비고 해남재 포기 배추김치 8kg + 비비고 총각김치 1.5kg,식품,3,,,,,,,,,,,2026-08-24T09:54:30.955343+09:00,2026-08-24T09:54:30.955343+09:00
59aa54b28656dd4975fb0fdb6e640c75,2026-08-28,2026-08-28T15:15:00+09:00,2026-08-28T15:45:00+09:00,hs_cjonstyleplus,CJ온스타일 플러스,한미사이언스 완전두유 더진한 서리태 무가당 99.9 190㎖ 80팩,한미사이언스 완전두유 더진한 서리태 무가당 99.9 190㎖ 80팩,한미사이언스 완전두유 더진한 서리태 무가당 99.9 190㎖ 80팩,,,,확인필요,한미사이언스 완전두유 더진한 서리태 무가당 99.9 190㎖ 80팩,식품,1,,,,,,,,,,,2026-08-24T09:54:30.955343+09:00,2026-08-24T09:54:30.955343+09:00
e2848a02a34d5d5f71171c100dcea6b3,2026-08-28,2026-08-28T15:40:00+09:00,2026-08-28T16:40:00+09:00,hs_nsmallshopplus,NS홈쇼핑 샵플러스,해남땅끝마을김치1,해남땅끝마을김치1,해남땅끝마을김치,,김치,배추,확정,해남땅끝마을김치,식품,2,,,,,,,,,,,2026-08-24T09:54:30.955343+09:00,2026-08-24T09:54:30.955343+09:00
ebadcb3b541d83768a715a2db6c3704d,2026-08-28,2026-08-28T16:00:00+09:00,2026-08-28T16:50:00+09:00,hs_hnsmall,홈앤쇼핑,[26년 수확] 영광농협 고춧가루 3kg (500g X 6봉),영광농협 고춧가루 3kg,영광농협 고춧가루 3kg,,,,확인필요,영광농협 고춧가루 3kg,식품,2,,,,,,,,,,,2026-08-24T09:54:30.955343+09:00,2026-08-24T09:54:30.955343+09:00
d0b170c5b666e85af6674bea6fd93bce,2026-08-28,2026-08-28T16:30:00+09:00,2026-08-28T17:30:00+09:00,hs_gsshop,GS홈쇼핑,[방송에서만] 두뇌엔 닥터 PS 맥스 포스파티딜세린 9+1박스,두뇌엔 닥터 PS 맥스 포스파티딜세린 9+1박스,두뇌엔 닥터PS,두뇌엔,건강식품/두뇌·인지,포스파티딜세린,확정,두뇌엔닥터PS,식품,3,,,,,,,,,,,2026-08-24T09:54:30.955343+09:00,2026-08-24T09:54:30.955343+09:00
75cebb21134c2747e02cb361422a6e41,2026-08-28,2026-08-28T16:35:00+09:00,2026-08-28T17:35:00+09:00,hs_lotteimall,롯데홈쇼핑,[종근당건강] ● [전고객 스텝퍼 ] 관절연골엔 NEM 12개월 + 휴라이프 천국의 계단 스텝퍼,● 관절연골엔 NEM 12개월 + 휴라이프 천국의 계단 스텝퍼,● 관절연골엔 NEM 12개월 + 휴라이프 천국의 계단 스텝퍼,,,,확인필요,● 관절연골엔 NEM 12개월 + 휴라이프 천국의 계단 스텝퍼,식품,2,,,,,,,,,,,2026-08-24T09:54:30.955343+09:00,2026-08-24T09:54:30.955343+09:00
6c8a32930baa3bde232115829f42988d,2026-08-28,2026-08-28T16:38:00+09:00,2026-08-28T17:38:00+09:00,hs_gsshopmyshop,GS홈쇼핑 마이샵,종근당건강 관절연골엔 NEM 12개월+방송중 스텝퍼 사은품,종근당건강 관절연골엔 NEM 12개월+ 스텝퍼,종근당건강 관절연골엔 NEM 12개월+ 스텝퍼,,,,확인필요,종근당건강 관절연골엔 NEM 12개월+ 스텝퍼,식품,3,,,,,,,,,,,2026-08-24T09:54:30.955343+09:00,2026-08-24T09:54:30.955343+09:00
0a721625f2d353a12a0f3f097164aed6,2026-08-28,2026-08-28T16:40:00+09:00,2026-08-28T17:40:00+09:00,hs_gongyoung,공영쇼핑,강봉석명인 콩범벅깨범벅(콩범벅 8개 * 5봉 + 깨범벅 8개 * 5봉),강봉석명인 콩범벅깨범벅,강봉석명인 콩범벅깨범벅,,,,확인필요,강봉석명인 콩범벅깨범벅,식품,1,,,,,,,,,,,2026-08-24T09:54:30.955343+09:00,2026-08-24T09:54:30.955343+09:00
296ac47ccb644a28f8061b7a10f5747b,2026-08-28,2026-08-28T16:40:00+09:00,2026-08-28T17:40:00+09:00,hs_lotteimallonetv,롯데원티비,"[CJ제일제당] 햇반 라이스플랜 32입(루피니빈잡곡밥12입, 파로통곡물4입,렌틸콩현미밥4입, 100통곡물밥 12입)",햇반 라이스플랜 32입,햇반 라이스플랜 32입,,,,확인필요,햇반 라이스플랜 32입,식품,1,,,,,,,,,,,2026-08-24T09:54:30.955343+09:00,2026-08-24T09:54:30.955343+09:00
d49e63bea339264fe1e110c554e921e6,2026-08-28,2026-08-28T17:10:00+09:00,2026-08-28T17:50:00+09:00,hs_nsmall,NS홈쇼핑,고구마,고구마,고구마,,,,확인필요,고구마,식품,1,,,,,,,,,,,2026-08-24T09:54:30.955343+09:00,2026-08-24T09:54:30.955343+09:00
162f83d58ddf0f60fbc2691d2c3f477e,2026-08-28,2026-08-28T17:30:00+09:00,2026-08-28T18:30:00+09:00,hs_gsshop,GS홈쇼핑,종가 중부식 포기김치 10.4kg (5.2kg X 2),종가 중부식 포기김치 10.4kg,종가 중부식 포기김치 10.4kg,,,,확인필요,종가 중부식 포기김치 10.4kg,식품,3,,,,,,,,,,,2026-08-24T09:54:30.955343+09:00,2026-08-24T09:54:30.955343+09:00
489656e87c67e58e3fbd6773ba27fe23,2026-08-28,2026-08-28T17:35:00+09:00,2026-08-28T18:35:00+09:00,hs_lotteimall,롯데홈쇼핑,[백화점동일 브랜드]신세계 베키아에누보 치아바타 총24개,신세계 베키아에누보 치아바타 총24개,신세계 베키아에누보 치아바타 총24개,,,,확인필요,신세계 베키아에누보 치아바타 총24개,식품,1,,,,,,,,,,,2026-08-24T09:54:30.955343+09:00,2026-08-24T09:54:30.955343+09:00
0b788cd3ee79aa7eb79333f831a77cf7,2026-08-28,2026-08-28T17:40:00+09:00,2026-08-28T18:40:00+09:00,hs_gongyoung,공영쇼핑,[신건호멸치] 국내산 서해안 뱅어포 4장(50g) x 5봉 / 총 20장,국내산 서해안 뱅어포 4장 x 5봉 / 총 20장,국내산 서해안 뱅어포 4장 x 5봉 / 총 20장,,,,확인필요,국내산 서해안 뱅어포 4장 x 5봉 / 총 20장,식품,1,,,,,,,,,,,2026-08-24T09:54:30.955343+09:00,2026-08-24T09:54:30.955343+09:00
725722d4cb74838a742b2ea3926528a9,2026-08-28,2026-08-28T18:40:00+09:00,2026-08-28T19:40:00+09:00,hs_nsmallshopplus,NS홈쇼핑 샵플러스,백명란1,백명란1,백명란1,,,,미분류,,식품,2,,,,,,,,,,,2026-08-24T09:54:30.955343+09:00,2026-08-24T09:54:30.955343+09:00
9ce36b71a188dce3e2a9cd99c7d39921,2026-08-28,2026-08-28T18:40:00+09:00,2026-08-28T19:40:00+09:00,hs_gongyoung,공영쇼핑,김하진 수라간 LA갈비 400g x 10팩,김하진 수라간 LA갈비 400g x 10팩,김하진 수라간 LA갈비 400g x 10팩,,,,확인필요,김하진 수라간 LA갈비 400g x 10팩,식품,4,,,,,,,,,,,2026-08-24T09:54:30.955343+09:00,2026-08-24T09:54:30.955343+09:00
bb47849dc0144de503cf7487e97c2fa1,2026-08-28,2026-08-28T19:30:00+09:00,2026-08-28T20:35:00+09:00,hs_nsmall,NS홈쇼핑,두뇌엔닥터PS 3부,두뇌엔닥터PS 3부,두뇌엔 닥터PS,두뇌엔,건강식품/두뇌·인지,포스파티딜세린,확정,두뇌엔닥터PS,식품,3,,,,,,,,,,,2026-08-24T09:54:30.955343+09:00,2026-08-24T09:54:30.955343+09:00
e0540a0b0913ac057d0d8cd93310aa73,2026-08-28,2026-08-28T19:40:00+09:00,2026-08-28T20:40:00+09:00,hs_gongyoung,공영쇼핑,[바다소풍]완도 대왕특대 참전복 14미+1미 더(마리당 120g이상),완도 대왕특대 참전복 14미+1미 더,완도 대왕특대 참전복 14미+1미 더,,,,확인필요,완도 대왕특대 참전복 14미+1미 더,식품,1,,,,,,,,,,,2026-08-24T09:54:30.955343+09:00,2026-08-24T09:54:30.955343+09:00
d429a620a0a5d4c21b9cf0400bff6d58,2026-08-28,2026-08-28T20:35:00+09:00,2026-08-28T21:40:00+09:00,hs_nsmall,NS홈쇼핑,유기농지리산상황버섯진액,유기농지리산상황버섯진액,유기농지리산상황버섯진액,,,,확인필요,유기농지리산상황버섯진액,식품,2,,,,,,,,,,,2026-08-24T09:54:30.955343+09:00,2026-08-24T09:54:30.955343+09:00
f041d2915f1da4129cf47ac0606cea63,2026-08-28,2026-08-28T20:40:00+09:00,2026-08-28T21:40:00+09:00,hs_hnsmall,홈앤쇼핑,[방송에서만 11개월분][9개월분] 비에날씬프로 9병 (9개월분) +   비에날씬플러스 6박스,비에날씬프로 9병 + 비에날씬플러스 6박스,비에날씬 프로,비에날씬,다이어트 유산균,BNR17 유산균,확정,비에날씬프로,식품,1,,,,,,,,,,,2026-08-24T09:54:30.955343+09:00,2026-08-24T09:54:30.955343+09:00
b9cc62f27c967cdcc002894da1e85424,2026-08-28,2026-08-28T20:45:00+09:00,2026-08-28T21:45:00+09:00,hs_cjonstyleplus,CJ온스타일 플러스,다이어트 유산균 6개월분,다이어트 유산균 6개월분,다이어트 유산균 6개월분,,,,확인필요,다이어트 유산균 6개월분,식품,2,,,,,,,,,,,2026-08-24T09:54:30.955343+09:00,2026-08-24T09:54:30.955343+09:00
2155613aa1de1cf89aa9c1807b468a58,2026-08-28,2026-08-28T21:45:00+09:00,2026-08-28T22:50:00+09:00,hs_gongyoung,공영쇼핑,[해담은밥상] 손질통오징어 130g × 20미 (1팩/2미),손질통오징어 130g × 20미,손질통오징어 130g × 20미,,,,확인필요,손질통오징어 130g × 20미,식품,1,,,,,,,,,,,2026-08-24T09:54:30.955343+09:00,2026-08-24T09:54:30.955343+09:00
25af4a95e1240f80ac7808e8fabcae2d,2026-08-28,2026-08-28T22:50:00+09:00,2026-08-28T23:50:00+09:00,hs_gongyoung,공영쇼핑,[전국한우협회]한우먹는날 한우 암소 등심스테이크 10팩 (1.5kg),한우먹는날 한우 암소 등심스테이크 10팩,한우먹는날 한우 암소 등심스테이크 10팩,,,,확인필요,한우먹는날 한우 암소 등심스테이크 10팩,식품,1,,,,,,,,,,,2026-08-24T09:54:30.955343+09:00,2026-08-24T09:54:30.955343+09:00
